/*
Navicat MySQL Data Transfer

Source Server         : localhost_3306
Source Server Version : 80200
Source Host           : localhost:3306
Source Database       : longtauhis_test_0414

Target Server Type    : MYSQL
Target Server Version : 80200
File Encoding         : 65001

Date: 2024-05-17 19:12:31
*/

SET FOREIGN_KEY_CHECKS=0;

-- ----------------------------
-- Table structure for `gen_table`
-- ----------------------------
DROP TABLE IF EXISTS `gen_table`;
CREATE TABLE `gen_table` (
  `table_id` bigint NOT NULL AUTO_INCREMENT COMMENT '编号',
  `table_name` varchar(200) COLLATE utf8mb4_general_ci DEFAULT '' COMMENT '表名称',
  `table_comment` varchar(500) COLLATE utf8mb4_general_ci DEFAULT '' COMMENT '表描述',
  `sub_table_name` varchar(64) COLLATE utf8mb4_general_ci DEFAULT NULL COMMENT '关联子表的表名',
  `sub_table_fk_name` varchar(64) COLLATE utf8mb4_general_ci DEFAULT NULL COMMENT '子表关联的外键名',
  `class_name` varchar(100) COLLATE utf8mb4_general_ci DEFAULT '' COMMENT '实体类名称',
  `tpl_category` varchar(200) COLLATE utf8mb4_general_ci DEFAULT 'crud' COMMENT '使用的模板（crud单表操作 tree树表操作 sub主子表操作）',
  `package_name` varchar(100) COLLATE utf8mb4_general_ci DEFAULT NULL COMMENT '生成包路径',
  `module_name` varchar(30) COLLATE utf8mb4_general_ci DEFAULT NULL COMMENT '生成模块名',
  `business_name` varchar(30) COLLATE utf8mb4_general_ci DEFAULT NULL COMMENT '生成业务名',
  `function_name` varchar(50) COLLATE utf8mb4_general_ci DEFAULT NULL COMMENT '生成功能名',
  `function_author` varchar(50) COLLATE utf8mb4_general_ci DEFAULT NULL COMMENT '生成功能作者',
  `gen_type` char(1) COLLATE utf8mb4_general_ci DEFAULT '0' COMMENT '生成代码方式（0zip压缩包 1自定义路径）',
  `gen_path` varchar(200) COLLATE utf8mb4_general_ci DEFAULT '/' COMMENT '生成路径（不填默认项目路径）',
  `options` varchar(1000) COLLATE utf8mb4_general_ci DEFAULT NULL COMMENT '其它生成选项',
  `create_by` varchar(64) COLLATE utf8mb4_general_ci DEFAULT '' COMMENT '创建者',
  `create_time` datetime DEFAULT NULL COMMENT '创建时间',
  `update_by` varchar(64) COLLATE utf8mb4_general_ci DEFAULT '' COMMENT '更新者',
  `update_time` datetime DEFAULT NULL COMMENT '更新时间',
  `remark` varchar(500) COLLATE utf8mb4_general_ci DEFAULT NULL COMMENT '备注',
  PRIMARY KEY (`table_id`)
) ENGINE=InnoDB AUTO_INCREMENT=30 DEFAULT CHARSET=utf8mb4 COLLATE=utf8mb4_general_ci COMMENT='代码生成业务表';

-- ----------------------------
-- Records of gen_table
-- ----------------------------
INSERT INTO `gen_table` VALUES ('14', 'his_drug_catalogue', '药品目录表', 'his_inventory', 'cat_id', 'HisDrugCatalogue', 'sub', 'com.ruoyi.project.his', 'his', 'catalogue', '药品目录', 'SteveMMMy', '0', '/', '{\"parentMenuId\":\"2006\",\"treeName\":\"\",\"treeParentCode\":\"\",\"parentMenuName\":\"药房\",\"treeCode\":\"\"}', 'admin', '2024-05-01 22:30:14', '', '2024-05-01 22:33:23', '');
INSERT INTO `gen_table` VALUES ('15', 'his_inventory', '库存信息表', '', null, 'HisInventory', 'crud', 'com.ruoyi.project.his', 'his', 'inventory', '库存管理', 'SteveMMMy', '0', '/', '{\"parentMenuId\":\"2006\",\"treeName\":\"\",\"treeParentCode\":\"\",\"parentMenuName\":\"药房\",\"treeCode\":\"\"}', 'admin', '2024-05-01 22:30:14', '', '2024-05-14 20:02:20', '');
INSERT INTO `gen_table` VALUES ('16', 'his_orders_schedules', '采购订单明细表', null, null, 'HisOrdersSchedules', 'crud', 'com.ruoyi.project.his', 'his', 'schedules', '采购订单明细', 'SteveMMMy', '0', '/', null, 'admin', '2024-05-01 22:30:35', '', null, null);
INSERT INTO `gen_table` VALUES ('17', 'his_procurement_plans', '采购计划单表', 'his_procurement_schedules', 'prcp_id', 'HisProcurementPlans', 'sub', 'com.ruoyi.project.his', 'his', 'plans', '采购计划单', 'SteveMMMy', '0', '/', '{\"parentMenuId\":\"2006\",\"treeName\":\"\",\"treeParentCode\":\"\",\"parentMenuName\":\"药房\",\"treeCode\":\"\"}', 'admin', '2024-05-01 22:30:35', '', '2024-05-01 22:56:15', '');
INSERT INTO `gen_table` VALUES ('18', 'his_procurement_schedules', '采购计划明细表', null, null, 'HisProcurementSchedules', 'crud', 'com.ruoyi.project.his', 'his', 'schedules', '采购计划明细', 'SteveMMMy', '0', '/', null, 'admin', '2024-05-01 22:30:35', '', null, null);
INSERT INTO `gen_table` VALUES ('19', 'his_purchase_orders', '采购订单表', 'his_orders_schedules', 'pur_id', 'HisPurchaseOrders', 'sub', 'com.ruoyi.project.his', 'his', 'purchase', '采购订单', 'SteveMMMy', '0', '/', '{\"parentMenuId\":\"2006\",\"treeName\":\"\",\"treeParentCode\":\"\",\"parentMenuName\":\"药房\",\"treeCode\":\"\"}', 'admin', '2024-05-01 22:30:35', '', '2024-05-01 22:56:34', '');
INSERT INTO `gen_table` VALUES ('20', 'his_suppliers', '供应商表', '', null, 'HisSuppliers', 'crud', 'com.ruoyi.project.his', 'his', 'suppliers', '供应商', 'SteveMMMy', '0', '/', '{\"parentMenuId\":\"2006\",\"treeName\":\"\",\"treeParentCode\":\"\",\"parentMenuName\":\"药房\",\"treeCode\":\"\"}', 'admin', '2024-05-01 22:46:44', '', '2024-05-01 22:47:13', '');
INSERT INTO `gen_table` VALUES ('23', 'his_entry_schedules', '入库单明细表', '', null, 'HisEntrySchedules', 'crud', 'com.ruoyi.project.his', 'his', 'schedules', '入库单明细', 'SteveMMMy', '0', '/', '{\"parentMenuId\":\"2006\",\"treeName\":\"\",\"treeParentCode\":\"\",\"parentMenuName\":\"药房\",\"treeCode\":\"\"}', 'admin', '2024-05-14 21:28:34', '', '2024-05-14 21:29:06', '');
INSERT INTO `gen_table` VALUES ('24', 'his_warehousing_entry', '入库单表', 'his_entry_schedules', 'ent_id', 'HisWarehousingEntry', 'sub', 'com.ruoyi.project.his', 'his', 'entry', '入库单', 'SteveMMMy', '0', '/', '{\"parentMenuId\":\"2006\",\"treeName\":\"\",\"treeParentCode\":\"\",\"parentMenuName\":\"药房\",\"treeCode\":\"\"}', 'admin', '2024-05-14 21:28:34', '', '2024-05-14 21:31:01', '');
INSERT INTO `gen_table` VALUES ('25', 'his_registers', '挂号记录表', '', null, 'HisRegisters', 'crud', 'com.ruoyi.project.his', 'his', 'registers', '挂号记录', 'SteveMMMy', '0', '/', '{\"parentMenuId\":\"2003\",\"treeName\":\"\",\"treeParentCode\":\"\",\"parentMenuName\":\"挂号收费处\",\"treeCode\":\"\"}', 'admin', '2024-05-17 00:17:33', '', '2024-05-17 00:20:25', '');
INSERT INTO `gen_table` VALUES ('26', 'his_medical_record', '病历表', '', null, 'HisMedicalRecord', 'crud', 'com.ruoyi.project.his', 'his', 'medrecord', '病历', 'SteveMMMy', '0', '/', '{\"parentMenuId\":\"2061\",\"treeName\":\"\",\"treeParentCode\":\"\",\"parentMenuName\":\"门诊\",\"treeCode\":\"\"}', 'admin', '2024-05-17 12:31:31', '', '2024-05-17 13:01:04', '');
INSERT INTO `gen_table` VALUES ('27', 'his_patients', '患者信息表', 'his_medical_record', 'patient_id', 'HisPatientsDiag', 'sub', 'com.ruoyi.project.his', 'his', 'diagnosis', '患者病历', 'SteveMMMy', '0', '/', '{\"parentMenuId\":\"2061\",\"treeName\":\"\",\"treeParentCode\":\"\",\"parentMenuName\":\"门诊\",\"treeCode\":\"\"}', 'admin', '2024-05-17 12:31:31', '', '2024-05-17 13:04:36', '');
INSERT INTO `gen_table` VALUES ('28', 'his_prescriptions', '处方表', 'his_prescriptions_schedules', 'prsc_id', 'HisPrescriptions', 'sub', 'com.ruoyi.project.his', 'his', 'prescriptions', '处方', 'SteveMMMy', '0', '/', '{\"parentMenuId\":\"2061\",\"treeName\":\"\",\"treeParentCode\":\"\",\"parentMenuName\":\"门诊\",\"treeCode\":\"\"}', 'admin', '2024-05-17 12:31:31', '', '2024-05-17 12:57:44', '');
INSERT INTO `gen_table` VALUES ('29', 'his_prescriptions_schedules', '处方明细表', '', null, 'HisPrescriptionsSchedules', 'crud', 'com.ruoyi.project.his', 'his', 'prsc_sch', '处方明细', 'SteveMMMy', '0', '/', '{\"parentMenuId\":\"2061\",\"treeName\":\"\",\"treeParentCode\":\"\",\"parentMenuName\":\"门诊\",\"treeCode\":\"\"}', 'admin', '2024-05-17 12:31:31', '', '2024-05-17 12:47:07', '');

-- ----------------------------
-- Table structure for `gen_table_column`
-- ----------------------------
DROP TABLE IF EXISTS `gen_table_column`;
CREATE TABLE `gen_table_column` (
  `column_id` bigint NOT NULL AUTO_INCREMENT COMMENT '编号',
  `table_id` bigint DEFAULT NULL COMMENT '归属表编号',
  `column_name` varchar(200) COLLATE utf8mb4_general_ci DEFAULT NULL COMMENT '列名称',
  `column_comment` varchar(500) COLLATE utf8mb4_general_ci DEFAULT NULL COMMENT '列描述',
  `column_type` varchar(100) COLLATE utf8mb4_general_ci DEFAULT NULL COMMENT '列类型',
  `java_type` varchar(500) COLLATE utf8mb4_general_ci DEFAULT NULL COMMENT 'JAVA类型',
  `java_field` varchar(200) COLLATE utf8mb4_general_ci DEFAULT NULL COMMENT 'JAVA字段名',
  `is_pk` char(1) COLLATE utf8mb4_general_ci DEFAULT NULL COMMENT '是否主键（1是）',
  `is_increment` char(1) COLLATE utf8mb4_general_ci DEFAULT NULL COMMENT '是否自增（1是）',
  `is_required` char(1) COLLATE utf8mb4_general_ci DEFAULT NULL COMMENT '是否必填（1是）',
  `is_insert` char(1) COLLATE utf8mb4_general_ci DEFAULT NULL COMMENT '是否为插入字段（1是）',
  `is_edit` char(1) COLLATE utf8mb4_general_ci DEFAULT NULL COMMENT '是否编辑字段（1是）',
  `is_list` char(1) COLLATE utf8mb4_general_ci DEFAULT NULL COMMENT '是否列表字段（1是）',
  `is_query` char(1) COLLATE utf8mb4_general_ci DEFAULT NULL COMMENT '是否查询字段（1是）',
  `query_type` varchar(200) COLLATE utf8mb4_general_ci DEFAULT 'EQ' COMMENT '查询方式（等于、不等于、大于、小于、范围）',
  `html_type` varchar(200) COLLATE utf8mb4_general_ci DEFAULT NULL COMMENT '显示类型（文本框、文本域、下拉框、复选框、单选框、日期控件）',
  `dict_type` varchar(200) COLLATE utf8mb4_general_ci DEFAULT '' COMMENT '字典类型',
  `sort` int DEFAULT NULL COMMENT '排序',
  `create_by` varchar(64) COLLATE utf8mb4_general_ci DEFAULT '' COMMENT '创建者',
  `create_time` datetime DEFAULT NULL COMMENT '创建时间',
  `update_by` varchar(64) COLLATE utf8mb4_general_ci DEFAULT '' COMMENT '更新者',
  `update_time` datetime DEFAULT NULL COMMENT '更新时间',
  PRIMARY KEY (`column_id`)
) ENGINE=InnoDB AUTO_INCREMENT=199 DEFAULT CHARSET=utf8mb4 COLLATE=utf8mb4_general_ci COMMENT='代码生成业务表字段';

-- ----------------------------
-- Records of gen_table_column
-- ----------------------------
INSERT INTO `gen_table_column` VALUES ('88', '14', 'cat_id', '药品ID', 'bigint', 'Long', 'catId', '1', '1', null, '1', null, null, null, 'EQ', 'input', '', '1', 'admin', '2024-05-01 22:30:14', null, '2024-05-01 22:33:23');
INSERT INTO `gen_table_column` VALUES ('89', '14', 'cat_approval_number', '批准文号', 'varchar(64)', 'String', 'catApprovalNumber', '0', '0', null, '1', '1', '1', '1', 'EQ', 'input', '', '2', 'admin', '2024-05-01 22:30:14', null, '2024-05-01 22:33:23');
INSERT INTO `gen_table_column` VALUES ('90', '14', 'cat_drug_num', '药品编号', 'char(14)', 'String', 'catDrugNum', '0', '0', null, '1', '1', '1', '1', 'EQ', 'input', '', '3', 'admin', '2024-05-01 22:30:14', null, '2024-05-01 22:33:23');
INSERT INTO `gen_table_column` VALUES ('91', '14', 'cat_name', '通用名或商品名', 'varchar(128)', 'String', 'catName', '0', '0', '1', '1', '1', '1', '1', 'LIKE', 'input', '', '4', 'admin', '2024-05-01 22:30:14', null, '2024-05-01 22:33:23');
INSERT INTO `gen_table_column` VALUES ('92', '14', 'cat_English_name', '英文名称', 'varchar(128)', 'String', 'catEnglishName', '0', '0', null, '1', '1', '1', '1', 'LIKE', 'input', '', '5', 'admin', '2024-05-01 22:30:14', null, '2024-05-01 22:33:23');
INSERT INTO `gen_table_column` VALUES ('93', '14', 'cat_producer', '生产单位', 'varchar(128)', 'String', 'catProducer', '0', '0', null, '1', '1', '1', '1', 'EQ', 'input', '', '6', 'admin', '2024-05-01 22:30:14', null, '2024-05-01 22:33:23');
INSERT INTO `gen_table_column` VALUES ('94', '14', 'cat_specs', '规格', 'varchar(128)', 'String', 'catSpecs', '0', '0', null, '1', '1', '1', '1', 'EQ', 'input', '', '7', 'admin', '2024-05-01 22:30:14', null, '2024-05-01 22:33:23');
INSERT INTO `gen_table_column` VALUES ('95', '14', 'cat_dosage_form', '剂型', 'smallint', 'Long', 'catDosageForm', '0', '0', null, '1', '1', '1', '1', 'EQ', 'select', 'drug_dosage_form', '8', 'admin', '2024-05-01 22:30:14', null, '2024-05-01 22:33:23');
INSERT INTO `gen_table_column` VALUES ('96', '14', 'cat_package', '包装', 'varchar(256)', 'String', 'catPackage', '0', '0', null, '1', '1', '1', '1', 'EQ', 'input', '', '9', 'admin', '2024-05-01 22:30:14', null, '2024-05-01 22:33:23');
INSERT INTO `gen_table_column` VALUES ('97', '14', 'cat_unit', '单位', 'smallint', 'Long', 'catUnit', '0', '0', null, '1', '1', '1', '1', 'EQ', 'select', 'drug_unit', '10', 'admin', '2024-05-01 22:30:14', null, '2024-05-01 22:33:23');
INSERT INTO `gen_table_column` VALUES ('98', '14', 'cat_unit_price', '销售单价', 'bigint', 'Long', 'catUnitPrice', '0', '0', null, '1', '1', '1', '1', 'EQ', 'input', '', '11', 'admin', '2024-05-01 22:30:14', null, '2024-05-01 22:33:23');
INSERT INTO `gen_table_column` VALUES ('99', '15', 'inv_id', '库存编号', 'bigint', 'Long', 'invId', '1', '1', null, '1', null, null, null, 'EQ', 'input', '', '1', 'admin', '2024-05-01 22:30:14', null, '2024-05-14 20:02:20');
INSERT INTO `gen_table_column` VALUES ('100', '15', 'cat_id', '药品ID', 'bigint', 'Long', 'catId', '0', '0', '1', '1', '1', '1', '1', 'EQ', 'input', '', '2', 'admin', '2024-05-01 22:30:14', null, '2024-05-14 20:02:20');
INSERT INTO `gen_table_column` VALUES ('101', '15', 'inv_batch_number', '生产批号', 'varchar(32)', 'String', 'invBatchNumber', '0', '0', '1', '1', '1', '1', '1', 'EQ', 'input', '', '3', 'admin', '2024-05-01 22:30:14', null, '2024-05-14 20:02:20');
INSERT INTO `gen_table_column` VALUES ('102', '15', 'inv_number', '库存数量', 'bigint', 'Long', 'invNumber', '0', '0', null, '1', '1', '1', '1', 'EQ', 'input', '', '4', 'admin', '2024-05-01 22:30:14', null, '2024-05-14 20:02:20');
INSERT INTO `gen_table_column` VALUES ('103', '15', 'inv_unit_price', '销售单价', 'int', 'Long', 'invUnitPrice', '0', '0', null, '1', '1', '1', '1', 'EQ', 'input', '', '5', 'admin', '2024-05-01 22:30:14', null, '2024-05-14 20:02:20');
INSERT INTO `gen_table_column` VALUES ('104', '15', 'inv_prod_date', '生产日期', 'datetime', 'Date', 'invProdDate', '0', '0', null, '1', '1', '1', '1', 'EQ', 'datetime', '', '6', 'admin', '2024-05-01 22:30:14', null, '2024-05-14 20:02:20');
INSERT INTO `gen_table_column` VALUES ('105', '15', 'inv_valid_to', '有效期至', 'datetime', 'Date', 'invValidTo', '0', '0', null, '1', '1', '1', '1', 'EQ', 'datetime', '', '7', 'admin', '2024-05-01 22:30:14', null, '2024-05-14 20:02:20');
INSERT INTO `gen_table_column` VALUES ('106', '16', 'order_sch_id', '明细号', 'bigint', 'Long', 'orderSchId', '1', '1', null, '1', null, null, null, 'EQ', 'input', '', '1', 'admin', '2024-05-01 22:30:35', '', null);
INSERT INTO `gen_table_column` VALUES ('107', '16', 'pur_id', '采购单ID', 'bigint', 'Long', 'purId', '0', '0', '1', '1', '1', '1', '1', 'EQ', 'input', '', '2', 'admin', '2024-05-01 22:30:35', '', null);
INSERT INTO `gen_table_column` VALUES ('108', '16', 'cat_id', '药品ID', 'bigint', 'Long', 'catId', '0', '0', '1', '1', '1', '1', '1', 'EQ', 'input', '', '3', 'admin', '2024-05-01 22:30:35', '', null);
INSERT INTO `gen_table_column` VALUES ('109', '16', 'order_sch_number', '采购数量', 'bigint', 'Long', 'orderSchNumber', '0', '0', '1', '1', '1', '1', '1', 'EQ', 'input', '', '4', 'admin', '2024-05-01 22:30:35', '', null);
INSERT INTO `gen_table_column` VALUES ('110', '17', 'prcp_id', '采购计划表ID', 'bigint', 'Long', 'prcpId', '1', '1', null, '1', null, null, null, 'EQ', 'input', '', '1', 'admin', '2024-05-01 22:30:35', null, '2024-05-01 22:56:15');
INSERT INTO `gen_table_column` VALUES ('111', '17', 'user_id', '用户ID', 'bigint', 'Long', 'userId', '0', '0', '1', '1', '1', '1', '1', 'EQ', 'input', '', '2', 'admin', '2024-05-01 22:30:35', null, '2024-05-01 22:56:15');
INSERT INTO `gen_table_column` VALUES ('112', '17', 'pur_id', '采购单ID', 'bigint', 'Long', 'purId', '0', '0', null, '1', '1', '1', '1', 'EQ', 'input', '', '3', 'admin', '2024-05-01 22:30:35', null, '2024-05-01 22:56:15');
INSERT INTO `gen_table_column` VALUES ('113', '17', 'prcp_doc_num', '采购计划单据号', 'char(20)', 'String', 'prcpDocNum', '0', '0', null, '1', '1', '1', '1', 'EQ', 'input', '', '4', 'admin', '2024-05-01 22:30:35', null, '2024-05-01 22:56:15');
INSERT INTO `gen_table_column` VALUES ('114', '17', 'prcp_date', '制单日期', 'date', 'Date', 'prcpDate', '0', '0', '1', '1', '1', '1', '1', 'EQ', 'datetime', '', '5', 'admin', '2024-05-01 22:30:35', null, '2024-05-01 22:56:15');
INSERT INTO `gen_table_column` VALUES ('115', '17', 'prcp_pur_date', '预计采购日期', 'date', 'Date', 'prcpPurDate', '0', '0', null, '1', '1', '1', '1', 'EQ', 'datetime', '', '6', 'admin', '2024-05-01 22:30:35', null, '2024-05-01 22:56:15');
INSERT INTO `gen_table_column` VALUES ('116', '17', 'prcp_arv_date', '最迟到货日期', 'date', 'Date', 'prcpArvDate', '0', '0', null, '1', '1', '1', '1', 'EQ', 'datetime', '', '7', 'admin', '2024-05-01 22:30:35', null, '2024-05-01 22:56:15');
INSERT INTO `gen_table_column` VALUES ('117', '17', 'prcp_status', '计划单状态', 'smallint', 'Long', 'prcpStatus', '0', '0', '1', '1', '1', '1', '1', 'EQ', 'radio', 'doc_plans_status', '8', 'admin', '2024-05-01 22:30:35', null, '2024-05-01 22:56:15');
INSERT INTO `gen_table_column` VALUES ('118', '18', 'psch_id', '明细号', 'bigint', 'Long', 'pschId', '1', '1', null, '1', null, null, null, 'EQ', 'input', '', '1', 'admin', '2024-05-01 22:30:35', '', null);
INSERT INTO `gen_table_column` VALUES ('119', '18', 'prcp_id', '采购计划表ID', 'bigint', 'Long', 'prcpId', '0', '0', '1', '1', '1', '1', '1', 'EQ', 'input', '', '2', 'admin', '2024-05-01 22:30:35', '', null);
INSERT INTO `gen_table_column` VALUES ('120', '18', 'cat_id', '药品ID', 'bigint', 'Long', 'catId', '0', '0', '1', '1', '1', '1', '1', 'EQ', 'input', '', '3', 'admin', '2024-05-01 22:30:35', '', null);
INSERT INTO `gen_table_column` VALUES ('121', '18', 'psch_price', '参考单价', 'bigint', 'Long', 'pschPrice', '0', '0', '1', '1', '1', '1', '1', 'EQ', 'input', '', '4', 'admin', '2024-05-01 22:30:35', '', null);
INSERT INTO `gen_table_column` VALUES ('122', '18', 'psch_number', '采购数量', 'bigint', 'Long', 'pschNumber', '0', '0', '1', '1', '1', '1', '1', 'EQ', 'input', '', '5', 'admin', '2024-05-01 22:30:35', '', null);
INSERT INTO `gen_table_column` VALUES ('123', '19', 'pur_id', '采购单ID', 'bigint', 'Long', 'purId', '1', '1', null, '1', null, null, null, 'EQ', 'input', '', '1', 'admin', '2024-05-01 22:30:35', null, '2024-05-01 22:56:34');
INSERT INTO `gen_table_column` VALUES ('124', '19', 'spl_id', '供应商编号', 'bigint', 'Long', 'splId', '0', '0', '1', '1', '1', '1', '1', 'EQ', 'input', '', '2', 'admin', '2024-05-01 22:30:35', null, '2024-05-01 22:56:34');
INSERT INTO `gen_table_column` VALUES ('125', '19', 'user_id', '用户ID', 'bigint', 'Long', 'userId', '0', '0', '1', '1', '1', '1', '1', 'EQ', 'input', '', '3', 'admin', '2024-05-01 22:30:35', null, '2024-05-01 22:56:34');
INSERT INTO `gen_table_column` VALUES ('126', '19', 'pur_doc_num', '采购单据号', 'char(20)', 'String', 'purDocNum', '0', '0', null, '1', '1', '1', '1', 'EQ', 'input', '', '4', 'admin', '2024-05-01 22:30:35', null, '2024-05-01 22:56:34');
INSERT INTO `gen_table_column` VALUES ('127', '19', 'pur_date', '订单日期', 'date', 'Date', 'purDate', '0', '0', '1', '1', '1', '1', '1', 'EQ', 'datetime', '', '5', 'admin', '2024-05-01 22:30:35', null, '2024-05-01 22:56:34');
INSERT INTO `gen_table_column` VALUES ('128', '19', 'pur_arr_date', '计划到货日期', 'date', 'Date', 'purArrDate', '0', '0', null, '1', '1', '1', '1', 'EQ', 'datetime', '', '6', 'admin', '2024-05-01 22:30:35', null, '2024-05-01 22:56:34');
INSERT INTO `gen_table_column` VALUES ('129', '19', 'pur_pay_date', '预计付款日期', 'date', 'Date', 'purPayDate', '0', '0', null, '1', '1', '1', '1', 'EQ', 'datetime', '', '7', 'admin', '2024-05-01 22:30:35', null, '2024-05-01 22:56:34');
INSERT INTO `gen_table_column` VALUES ('130', '19', 'pur_status', '采购单状态', 'smallint', 'Long', 'purStatus', '0', '0', '1', '1', '1', '1', '1', 'EQ', 'radio', 'doc_purchase_status', '8', 'admin', '2024-05-01 22:30:35', null, '2024-05-01 22:56:34');
INSERT INTO `gen_table_column` VALUES ('131', '20', 'spl_id', '供应商编号', 'bigint', 'Long', 'splId', '1', '1', null, '1', null, null, null, 'EQ', 'input', '', '1', 'admin', '2024-05-01 22:46:44', null, '2024-05-01 22:47:13');
INSERT INTO `gen_table_column` VALUES ('132', '20', 'spl_name', '供应商名称', 'varchar(32)', 'String', 'splName', '0', '0', '1', '1', '1', '1', '1', 'LIKE', 'input', '', '2', 'admin', '2024-05-01 22:46:44', null, '2024-05-01 22:47:13');
INSERT INTO `gen_table_column` VALUES ('133', '20', 'spl_addr', '供应商地址', 'varchar(512)', 'String', 'splAddr', '0', '0', null, '1', '1', '1', '1', 'EQ', 'textarea', '', '3', 'admin', '2024-05-01 22:46:44', null, '2024-05-01 22:47:13');
INSERT INTO `gen_table_column` VALUES ('134', '20', 'spl_contact', '联系方式', 'varchar(16)', 'String', 'splContact', '0', '0', null, '1', '1', '1', '1', 'EQ', 'input', '', '4', 'admin', '2024-05-01 22:46:44', null, '2024-05-01 22:47:13');
INSERT INTO `gen_table_column` VALUES ('135', '20', 'spl_legal_person', '法人代表', 'varchar(32)', 'String', 'splLegalPerson', '0', '0', null, '1', '1', '1', '1', 'EQ', 'input', '', '5', 'admin', '2024-05-01 22:46:44', null, '2024-05-01 22:47:13');
INSERT INTO `gen_table_column` VALUES ('136', '20', 'spl_permit_id', '许可证编号', 'char(16)', 'String', 'splPermitId', '0', '0', null, '1', '1', '1', '1', 'EQ', 'input', '', '6', 'admin', '2024-05-01 22:46:44', null, '2024-05-01 22:47:13');
INSERT INTO `gen_table_column` VALUES ('137', '20', 'spl_certification', '质量认证情况', 'char(16)', 'String', 'splCertification', '0', '0', null, '1', '1', '1', '1', 'EQ', 'input', '', '7', 'admin', '2024-05-01 22:46:44', null, '2024-05-01 22:47:13');
INSERT INTO `gen_table_column` VALUES ('138', '20', 'spl_business_license_id', '营业执照编号', 'char(20)', 'String', 'splBusinessLicenseId', '0', '0', null, '1', '1', '1', '1', 'EQ', 'input', '', '8', 'admin', '2024-05-01 22:46:44', null, '2024-05-01 22:47:13');
INSERT INTO `gen_table_column` VALUES ('153', '23', 'ent_sch_id', '明细号', 'bigint', 'Long', 'entSchId', '1', '1', null, '1', null, null, null, 'EQ', 'input', '', '1', 'admin', '2024-05-14 21:28:34', null, '2024-05-14 21:29:06');
INSERT INTO `gen_table_column` VALUES ('154', '23', 'ent_id', '入库单ID', 'bigint', 'Long', 'entId', '0', '0', '1', '1', '1', '1', '1', 'EQ', 'input', '', '2', 'admin', '2024-05-14 21:28:34', null, '2024-05-14 21:29:06');
INSERT INTO `gen_table_column` VALUES ('155', '23', 'cat_id', '药品ID', 'bigint', 'Long', 'catId', '0', '0', '1', '1', '1', '1', '1', 'EQ', 'input', '', '3', 'admin', '2024-05-14 21:28:34', null, '2024-05-14 21:29:06');
INSERT INTO `gen_table_column` VALUES ('156', '23', 'ent_sch_batch_number', '生产批号', 'varchar(32)', 'String', 'entSchBatchNumber', '0', '0', null, '1', '1', '1', '1', 'EQ', 'input', '', '4', 'admin', '2024-05-14 21:28:34', null, '2024-05-14 21:29:06');
INSERT INTO `gen_table_column` VALUES ('157', '23', 'ent_sch_prod_date', '生产日期', 'date', 'Date', 'entSchProdDate', '0', '0', null, '1', '1', '1', '1', 'EQ', 'datetime', '', '5', 'admin', '2024-05-14 21:28:34', null, '2024-05-14 21:29:06');
INSERT INTO `gen_table_column` VALUES ('158', '23', 'ent_sch_valid_to', '有效期至', 'date', 'Date', 'entSchValidTo', '0', '0', null, '1', '1', '1', '1', 'EQ', 'datetime', '', '6', 'admin', '2024-05-14 21:28:34', null, '2024-05-14 21:29:06');
INSERT INTO `gen_table_column` VALUES ('159', '23', 'ent_sch_num', '入库数量', 'bigint', 'Long', 'entSchNum', '0', '0', null, '1', '1', '1', '1', 'EQ', 'input', '', '7', 'admin', '2024-05-14 21:28:34', null, '2024-05-14 21:29:06');
INSERT INTO `gen_table_column` VALUES ('160', '24', 'ent_id', '入库单ID', 'bigint', 'Long', 'entId', '1', '1', null, '1', null, null, null, 'EQ', 'input', '', '1', 'admin', '2024-05-14 21:28:34', null, '2024-05-14 21:31:01');
INSERT INTO `gen_table_column` VALUES ('161', '24', 'user_id', '制单人ID', 'bigint', 'Long', 'userId', '0', '0', '1', '1', '1', '1', '1', 'EQ', 'input', '', '2', 'admin', '2024-05-14 21:28:34', null, '2024-05-14 21:31:01');
INSERT INTO `gen_table_column` VALUES ('162', '24', 'ent_doc_num', '入库单据号', 'char(20)', 'String', 'entDocNum', '0', '0', null, '1', '1', '1', '1', 'EQ', 'input', '', '3', 'admin', '2024-05-14 21:28:34', null, '2024-05-14 21:31:01');
INSERT INTO `gen_table_column` VALUES ('163', '24', 'ent_date', '入库日期', 'date', 'Date', 'entDate', '0', '0', null, '1', '1', '1', '1', 'EQ', 'datetime', '', '4', 'admin', '2024-05-14 21:28:34', null, '2024-05-14 21:31:01');
INSERT INTO `gen_table_column` VALUES ('164', '25', 'reg_id', '记录编号', 'bigint', 'Long', 'regId', '1', '1', null, '1', null, null, null, 'EQ', 'input', '', '1', 'admin', '2024-05-17 00:17:33', null, '2024-05-17 00:20:25');
INSERT INTO `gen_table_column` VALUES ('165', '25', 'user_id', '医生ID', 'bigint', 'Long', 'userId', '0', '0', '1', '1', '1', '1', '1', 'EQ', 'input', '', '2', 'admin', '2024-05-17 00:17:33', null, '2024-05-17 00:20:25');
INSERT INTO `gen_table_column` VALUES ('166', '25', 'patient_id', '患者编号', 'bigint', 'Long', 'patientId', '0', '0', '1', '1', '1', '1', '1', 'EQ', 'input', '', '3', 'admin', '2024-05-17 00:17:33', null, '2024-05-17 00:20:25');
INSERT INTO `gen_table_column` VALUES ('167', '25', 'reg_time', '挂号日期', 'datetime', 'Date', 'regTime', '0', '0', '1', '1', '1', '1', '1', 'EQ', 'datetime', '', '4', 'admin', '2024-05-17 00:17:33', null, '2024-05-17 00:20:25');
INSERT INTO `gen_table_column` VALUES ('168', '25', 'reg_period', '挂号时段', 'smallint', 'Long', 'regPeriod', '0', '0', '1', '1', '1', '1', '1', 'EQ', 'radio', 'his_reg_period', '5', 'admin', '2024-05-17 00:17:33', null, '2024-05-17 00:20:25');
INSERT INTO `gen_table_column` VALUES ('169', '25', 'reg_status', '挂号状态', 'smallint', 'Long', 'regStatus', '0', '0', '1', '1', '1', '1', '1', 'EQ', 'radio', 'his_reg_status', '6', 'admin', '2024-05-17 00:17:33', null, '2024-05-17 00:20:25');
INSERT INTO `gen_table_column` VALUES ('170', '26', 'rec_id', '记录ID', 'bigint', 'Long', 'recId', '1', '1', null, '1', null, null, null, 'EQ', 'input', '', '1', 'admin', '2024-05-17 12:31:31', null, '2024-05-17 13:01:04');
INSERT INTO `gen_table_column` VALUES ('171', '26', 'patient_id', '患者编号', 'bigint', 'Long', 'patientId', '0', '0', '1', '1', '1', '1', '1', 'EQ', 'input', '', '2', 'admin', '2024-05-17 12:31:31', null, '2024-05-17 13:01:04');
INSERT INTO `gen_table_column` VALUES ('172', '26', 'rec_time', '时间', 'datetime', 'Date', 'recTime', '0', '0', null, '1', '1', '1', '1', 'EQ', 'datetime', '', '3', 'admin', '2024-05-17 12:31:31', null, '2024-05-17 13:01:04');
INSERT INTO `gen_table_column` VALUES ('173', '26', 'rec_chief_complaint', '主诉', 'longtext', 'String', 'recChiefComplaint', '0', '0', null, '1', '1', '1', '1', 'LIKE', 'textarea', '', '4', 'admin', '2024-05-17 12:31:31', null, '2024-05-17 13:01:04');
INSERT INTO `gen_table_column` VALUES ('174', '26', 'reg_diagnosis', '诊断', 'longtext', 'String', 'regDiagnosis', '0', '0', null, '1', '1', '1', '1', 'LIKE', 'textarea', '', '5', 'admin', '2024-05-17 12:31:31', null, '2024-05-17 13:01:04');
INSERT INTO `gen_table_column` VALUES ('175', '26', 'reg_notes', '处理意见', 'longtext', 'String', 'regNotes', '0', '0', null, '1', '1', '1', '1', 'LIKE', 'textarea', '', '6', 'admin', '2024-05-17 12:31:31', null, '2024-05-17 13:01:04');
INSERT INTO `gen_table_column` VALUES ('176', '27', 'patient_id', '患者编号', 'bigint', 'Long', 'patientId', '1', '1', null, '1', null, null, null, 'EQ', 'input', '', '1', 'admin', '2024-05-17 12:31:31', null, '2024-05-17 13:04:36');
INSERT INTO `gen_table_column` VALUES ('177', '27', 'user_id', '用户ID', 'bigint', 'Long', 'userId', '0', '0', null, '1', '1', '1', '1', 'EQ', 'input', '', '2', 'admin', '2024-05-17 12:31:31', null, '2024-05-17 13:04:36');
INSERT INTO `gen_table_column` VALUES ('178', '27', 'patient_name', '姓名', 'varchar(16)', 'String', 'patientName', '0', '0', '1', '1', '1', '1', '1', 'LIKE', 'input', '', '3', 'admin', '2024-05-17 12:31:31', null, '2024-05-17 13:04:36');
INSERT INTO `gen_table_column` VALUES ('179', '27', 'patient_sex', '性别', 'smallint', 'Long', 'patientSex', '0', '0', null, '1', '1', '1', '1', 'EQ', 'select', 'sys_user_sex', '4', 'admin', '2024-05-17 12:31:31', null, '2024-05-17 13:04:36');
INSERT INTO `gen_table_column` VALUES ('180', '27', 'patient_birth_date', '出生日期', 'date', 'Date', 'patientBirthDate', '0', '0', null, '1', '1', '1', '1', 'EQ', 'datetime', '', '5', 'admin', '2024-05-17 12:31:31', null, '2024-05-17 13:04:36');
INSERT INTO `gen_table_column` VALUES ('181', '27', 'patient_age', '年龄', 'smallint', 'Long', 'patientAge', '0', '0', null, '1', '1', '1', '1', 'EQ', 'input', '', '6', 'admin', '2024-05-17 12:31:31', null, '2024-05-17 13:04:36');
INSERT INTO `gen_table_column` VALUES ('182', '27', 'patient_id_card_num', '身份证号', 'varchar(20)', 'String', 'patientIdCardNum', '0', '0', null, '1', '1', '1', '1', 'LIKE', 'input', '', '7', 'admin', '2024-05-17 12:31:31', null, '2024-05-17 13:04:36');
INSERT INTO `gen_table_column` VALUES ('183', '27', 'patient_med_card_num', '医保卡号', 'varchar(20)', 'String', 'patientMedCardNum', '0', '0', null, '1', '1', '1', '1', 'LIKE', 'input', '', '8', 'admin', '2024-05-17 12:31:31', null, '2024-05-17 13:04:36');
INSERT INTO `gen_table_column` VALUES ('184', '27', 'patient_phone_num', '手机号', 'varchar(16)', 'String', 'patientPhoneNum', '0', '0', null, '1', '1', '1', '1', 'LIKE', 'input', '', '9', 'admin', '2024-05-17 12:31:31', null, '2024-05-17 13:04:36');
INSERT INTO `gen_table_column` VALUES ('185', '28', 'prsc_id', '处方ID', 'bigint', 'Long', 'prscId', '1', '1', null, '1', null, null, null, 'EQ', 'input', '', '1', 'admin', '2024-05-17 12:31:31', null, '2024-05-17 12:57:44');
INSERT INTO `gen_table_column` VALUES ('186', '28', 'reg_id', '记录编号', 'bigint', 'Long', 'regId', '0', '0', '1', '1', '1', '1', '1', 'EQ', 'input', '', '2', 'admin', '2024-05-17 12:31:31', null, '2024-05-17 12:57:44');
INSERT INTO `gen_table_column` VALUES ('187', '28', 'prsc_doc_num', '处方单据号', 'char(20)', 'String', 'prscDocNum', '0', '0', null, '1', '1', '1', '1', 'LIKE', 'input', '', '3', 'admin', '2024-05-17 12:31:31', null, '2024-05-17 12:57:44');
INSERT INTO `gen_table_column` VALUES ('188', '28', 'prsc_type', '处方类型', 'smallint', 'Long', 'prscType', '0', '0', '1', '1', '1', '1', '1', 'EQ', 'select', 'his_prsc_type', '4', 'admin', '2024-05-17 12:31:31', null, '2024-05-17 12:57:44');
INSERT INTO `gen_table_column` VALUES ('189', '28', 'prsc_status', '处方状态', 'smallint', 'Long', 'prscStatus', '0', '0', '1', '1', '1', '1', '1', 'EQ', 'radio', 'his_prsc_status', '5', 'admin', '2024-05-17 12:31:31', null, '2024-05-17 12:57:44');
INSERT INTO `gen_table_column` VALUES ('190', '28', 'prsc_comments', '备注', 'text', 'String', 'prscComments', '0', '0', null, '1', '1', '1', '1', 'LIKE', 'textarea', '', '6', 'admin', '2024-05-17 12:31:31', null, '2024-05-17 12:57:44');
INSERT INTO `gen_table_column` VALUES ('191', '29', 'prsc_sch_id', '明细号', 'bigint', 'Long', 'prscSchId', '1', '1', null, '1', null, null, null, 'EQ', 'input', '', '1', 'admin', '2024-05-17 12:31:31', null, '2024-05-17 12:47:07');
INSERT INTO `gen_table_column` VALUES ('192', '29', 'prsc_id', '处方ID', 'bigint', 'Long', 'prscId', '0', '0', '1', '1', '1', '1', '1', 'EQ', 'input', '', '2', 'admin', '2024-05-17 12:31:31', null, '2024-05-17 12:47:07');
INSERT INTO `gen_table_column` VALUES ('193', '29', 'cat_id', '药品ID', 'bigint', 'Long', 'catId', '0', '0', '1', '1', '1', '1', '1', 'EQ', 'input', '', '3', 'admin', '2024-05-17 12:31:31', null, '2024-05-17 12:47:07');
INSERT INTO `gen_table_column` VALUES ('194', '29', 'prsc_sch_quantity', '数量', 'bigint', 'Long', 'prscSchQuantity', '0', '0', '1', '1', '1', '1', '1', 'EQ', 'input', '', '4', 'admin', '2024-05-17 12:31:31', null, '2024-05-17 12:47:07');
INSERT INTO `gen_table_column` VALUES ('195', '29', 'prsc_sch_usage', '用法', 'smallint', 'Long', 'prscSchUsage', '0', '0', null, '1', '1', '1', '1', 'EQ', 'select', 'his_drug_usage', '5', 'admin', '2024-05-17 12:31:31', null, '2024-05-17 12:47:07');
INSERT INTO `gen_table_column` VALUES ('196', '29', 'prsc_sch_freq', '频次', 'smallint', 'Long', 'prscSchFreq', '0', '0', null, '1', '1', '1', '1', 'EQ', 'select', 'his_drug_freq', '6', 'admin', '2024-05-17 12:31:31', null, '2024-05-17 12:47:07');
INSERT INTO `gen_table_column` VALUES ('197', '29', 'prsc_sch_is_self_prepared', '自备', 'tinyint(1)', 'Integer', 'prscSchIsSelfPrepared', '0', '0', '1', '1', '1', '1', '1', 'EQ', 'select', 'his_drug_self_prep', '7', 'admin', '2024-05-17 12:31:31', null, '2024-05-17 12:47:07');
INSERT INTO `gen_table_column` VALUES ('198', '29', 'prsc_sch_unit_price', '单价', 'bigint', 'Long', 'prscSchUnitPrice', '0', '0', null, '1', '1', '1', '1', 'EQ', 'input', '', '8', 'admin', '2024-05-17 12:31:31', null, '2024-05-17 12:47:07');

-- ----------------------------
-- Table structure for `his_doctor_reginfo`
-- ----------------------------
DROP TABLE IF EXISTS `his_doctor_reginfo`;
CREATE TABLE `his_doctor_reginfo` (
  `doc_reg_id` bigint NOT NULL AUTO_INCREMENT COMMENT '接诊记录编号',
  `user_id` bigint NOT NULL COMMENT '用户ID',
  `doc_reg_time` date NOT NULL COMMENT '时间',
  `doc_reg_mor_num` int DEFAULT NULL COMMENT '上午时段号数',
  `doc_reg_aft_num` int DEFAULT NULL COMMENT '下午时段号数',
  `doc_reg_eve_num` int DEFAULT NULL COMMENT '晚上时段号数',
  `doc_reg_mor_sum` int DEFAULT NULL COMMENT '上午完成号数',
  `doc_reg_aft_sum` int DEFAULT NULL COMMENT '下午完成号数',
  `doc_reg_eve_sum` int DEFAULT NULL COMMENT '晚上完成号数',
  PRIMARY KEY (`doc_reg_id`)
) ENGINE=InnoDB DEFAULT CHARSET=utf8mb4 COLLATE=utf8mb4_general_ci COMMENT='医生接诊记录表';

-- ----------------------------
-- Records of his_doctor_reginfo
-- ----------------------------

-- ----------------------------
-- Table structure for `his_drug_catalogue`
-- ----------------------------
DROP TABLE IF EXISTS `his_drug_catalogue`;
CREATE TABLE `his_drug_catalogue` (
  `cat_id` bigint NOT NULL AUTO_INCREMENT COMMENT '药品ID',
  `cat_approval_number` varchar(64) COLLATE utf8mb4_general_ci DEFAULT NULL COMMENT '批准文号',
  `cat_drug_num` char(14) COLLATE utf8mb4_general_ci DEFAULT NULL COMMENT '药品编号',
  `cat_name` varchar(128) COLLATE utf8mb4_general_ci DEFAULT NULL COMMENT '通用名或商品名',
  `cat_English_name` varchar(128) COLLATE utf8mb4_general_ci DEFAULT NULL COMMENT '英文名称',
  `cat_producer` varchar(128) COLLATE utf8mb4_general_ci DEFAULT NULL COMMENT '生产单位',
  `cat_specs` varchar(128) COLLATE utf8mb4_general_ci DEFAULT NULL COMMENT '规格',
  `cat_dosage_form` smallint DEFAULT NULL COMMENT '剂型',
  `cat_package` varchar(256) COLLATE utf8mb4_general_ci DEFAULT NULL COMMENT '包装',
  `cat_unit` smallint DEFAULT NULL COMMENT '单位',
  `cat_unit_price` bigint DEFAULT NULL COMMENT '销售单价',
  PRIMARY KEY (`cat_id`)
) ENGINE=InnoDB AUTO_INCREMENT=63 DEFAULT CHARSET=utf8mb4 COLLATE=utf8mb4_general_ci COMMENT='药品目录表';

-- ----------------------------
-- Records of his_drug_catalogue
-- ----------------------------
INSERT INTO `his_drug_catalogue` VALUES ('32', '国药准字H20093744', '12345678901234', '布洛芬片', 'Ibuprofen Tablets', '某制药有限公司', '0.1g', '0', '10片/盒', '2', '15');
INSERT INTO `his_drug_catalogue` VALUES ('33', '国药准字H20103586', '12345678901235', '阿司匹林肠溶片', 'Aspirin Enteric-coated Tablets', '某药业集团股份有限公司', '50mg', '0', '24片/盒', '2', '10');
INSERT INTO `his_drug_catalogue` VALUES ('34', '国药准字H20083638', '12345678901236', '阿莫西林胶囊', 'Amoxicillin Capsules', '某制药厂', '0.25g', '1', '20粒/盒', '2', '8');
INSERT INTO `his_drug_catalogue` VALUES ('35', '国药准字H20113072', '12345678901237', '罗红霉素片', 'Roxithromycin Tablets', '某制药股份有限公司', '150mg', '0', '12片/盒', '2', '20');
INSERT INTO `his_drug_catalogue` VALUES ('36', '国药准字H20093689', '12345678901238', '盐酸西替利嗪片', 'Cetirizine Dihydrochloride Tablets', '某药业有限公司', '10mg', '0', '10片/盒', '2', '12');
INSERT INTO `his_drug_catalogue` VALUES ('37', '国药准字H20123156', '12345678901239', '对乙酰氨基酚片', 'Paracetamol Tablets', '某制药有限公司', '0.5g', '0', '24片/盒', '2', '9');
INSERT INTO `his_drug_catalogue` VALUES ('38', '国药准字H20133265', '12345678901240', '头孢拉定胶囊', 'Cefradine Capsules', '某制药集团', '0.25g', '1', '12粒/盒', '2', '18');
INSERT INTO `his_drug_catalogue` VALUES ('39', '国药准字H20113290', '12345678901241', '奥美拉唑肠溶胶囊', 'Omeprazole Enteric-coated Capsules', '某制药有限公司', '20mg', '1', '14粒/盒', '2', '25');
INSERT INTO `his_drug_catalogue` VALUES ('40', '国药准字H20083721', '12345678901242', '阿奇霉素片', 'Azithromycin Tablets', '某药业股份有限公司', '0.25g', '0', '6片/盒', '2', '16');
INSERT INTO `his_drug_catalogue` VALUES ('41', '国药准字H20103852', '12345678901243', '维生素C片', 'Vitamin C Tablets', '某制药厂', '0.1g', '0', '100片/瓶', '3', '5');
INSERT INTO `his_drug_catalogue` VALUES ('42', '国药准字H20123478', '12345678901244', '氨茶碱片', 'Aminophylline Tablets', '某制药有限公司', '0.1g', '0', '100片/瓶', '3', '7');
INSERT INTO `his_drug_catalogue` VALUES ('43', '国药准字H20093987', '12345678901245', '氯雷他定片', 'Loratadine Tablets', '某制药厂', '10mg', '0', '6片/盒', '2', '14');
INSERT INTO `his_drug_catalogue` VALUES ('44', '国药准字H20113674', '12345678901246', '盐酸左氧氟沙星片', 'Levofloxacin Hydrochloride Tablets', '某制药有限公司', '0.1g', '0', '12片/盒', '2', '22');
INSERT INTO `his_drug_catalogue` VALUES ('45', '国药准字H20133547', '12345678901247', '硝酸甘油片', 'Nitroglycerin Tablets', '某药业有限公司', '0.5mg', '0', '100片/瓶', '3', '11');
INSERT INTO `his_drug_catalogue` VALUES ('46', '国药准字H20083890', '12345678901248', '甲硝唑片', 'Metronidazole Tablets', '某制药有限公司', '0.2g', '0', '20片/盒', '2', '6');
INSERT INTO `his_drug_catalogue` VALUES ('47', '国药准字H20103021', '12345678901249', '硫酸氢氯吡格雷片', 'Clopidogrel Bisulfate Tablets', '某制药集团', '75mg', '0', '7片/盒', '2', '35');
INSERT INTO `his_drug_catalogue` VALUES ('48', '国药准字H12345678', '12345678901250', '阿司匹林肠溶片', 'Aspirin Enteric-coated Tablets', '某制药有限公司', '100mg', '0', '30片/盒', '2', '15');
INSERT INTO `his_drug_catalogue` VALUES ('49', '国药准字H23456789', '12345678901251', '布洛芬缓释胶囊', 'Ibuprofen Sustained-Release Capsules', '某药业有限公司', '0.3g', '1', '20粒/盒', '2', '20');
INSERT INTO `his_drug_catalogue` VALUES ('50', '国药准字H34567890', '12345678901252', '对乙酰氨基酚片', 'Paracetamol Tablets', '某制药集团', '0.5g', '0', '10片/板×2板/盒', '2', '10');
INSERT INTO `his_drug_catalogue` VALUES ('51', '国药准字H45678901', '12345678901253', '盐酸氨溴索口服溶液', 'Ambroxol Hydrochloride Oral Solution', '某生物技术有限公司', '10ml:30mg', '2', '100ml/瓶', '3', '25');
INSERT INTO `his_drug_catalogue` VALUES ('52', '国药准字H56789012', '12345678901254', '阿莫西林胶囊', 'Amoxicillin Capsules', '某制药股份有限公司', '0.25g', '1', '24粒/盒', '2', '12');
INSERT INTO `his_drug_catalogue` VALUES ('53', '国药准字H67890123', '12345678901255', '罗红霉素片', 'Roxithromycin Tablets', '某药业有限公司', '150mg', '0', '12片/板×1板/盒', '2', '18');
INSERT INTO `his_drug_catalogue` VALUES ('54', '国药准字H78901234', '12345678901256', '头孢克肟胶囊', 'Cefixime Capsules', '某制药厂', '100mg', '1', '6粒/盒', '2', '30');
INSERT INTO `his_drug_catalogue` VALUES ('55', '国药准字H89012345', '12345678901257', '奥美拉唑肠溶胶囊', 'Omeprazole Enteric-coated Capsules', '某制药有限公司', '20mg', '1', '14粒/盒', '2', '20');
INSERT INTO `his_drug_catalogue` VALUES ('56', '国药准字H90123456', '12345678901258', '诺氟沙星胶囊', 'Norfloxacin Capsules', '某制药集团', '0.1g', '1', '20粒/盒', '2', '15');
INSERT INTO `his_drug_catalogue` VALUES ('57', '国药准字A12345678', '12345678901259', '维生素C泡腾片', 'Vitamin C Effervescent Tablets', '某健康科技有限公司', '1g', '0', '10片/盒', '2', '8');
INSERT INTO `his_drug_catalogue` VALUES ('58', '国药准字B23456789', '12345678901260', '葡萄糖酸钙口服溶液', 'Calcium Gluconate Oral Solution', '某制药厂', '10ml:1g', '2', '100ml/瓶', '3', '12');
INSERT INTO `his_drug_catalogue` VALUES ('59', '国药准字C34567890', '12345678901261', '阿奇霉素干混悬剂', 'Azithromycin for Suspension', '某制药有限公司', '0.1g', '5', '6袋/盒', '2', '25');
INSERT INTO `his_drug_catalogue` VALUES ('60', '国药准字D45678901', '12345678901262', '利巴韦林颗粒', 'Ribavirin Granules', '某药业有限公司', '50mg', '6', '18袋/盒', '2', '18');
INSERT INTO `his_drug_catalogue` VALUES ('61', '国药准字E56789012', '12345678901263', '多潘立酮片', 'Domperidone Tablets', '某制药集团', '10mg', '0', '30片/瓶', '3', '10');
INSERT INTO `his_drug_catalogue` VALUES ('62', '国药准字F67890123', '12345678901264', '氯雷他定分散片', 'Loratadine Dispersible Tablets', '某制药有限公司', '10mg', '0', '6片/盒', '2', '16');

-- ----------------------------
-- Table structure for `his_entry_schedules`
-- ----------------------------
DROP TABLE IF EXISTS `his_entry_schedules`;
CREATE TABLE `his_entry_schedules` (
  `ent_sch_id` bigint NOT NULL AUTO_INCREMENT COMMENT '明细号',
  `ent_id` bigint NOT NULL COMMENT '入库单ID',
  `cat_id` bigint NOT NULL COMMENT '药品ID',
  `ent_sch_batch_number` varchar(32) COLLATE utf8mb4_general_ci DEFAULT NULL COMMENT '生产批号',
  `ent_sch_prod_date` date DEFAULT NULL COMMENT '生产日期',
  `ent_sch_valid_to` date DEFAULT NULL COMMENT '有效期至',
  `ent_sch_unit_price` bigint DEFAULT NULL COMMENT '单价',
  `ent_sch_num` bigint DEFAULT NULL COMMENT '入库数量',
  PRIMARY KEY (`ent_sch_id`),
  KEY `FK_Relationship_30` (`ent_id`),
  KEY `FK_Relationship_31` (`cat_id`),
  CONSTRAINT `FK_Relationship_30` FOREIGN KEY (`ent_id`) REFERENCES `his_warehousing_entry` (`ent_id`) ON DELETE RESTRICT ON UPDATE RESTRICT,
  CONSTRAINT `FK_Relationship_31` FOREIGN KEY (`cat_id`) REFERENCES `his_drug_catalogue` (`cat_id`) ON DELETE RESTRICT ON UPDATE RESTRICT
) ENGINE=InnoDB AUTO_INCREMENT=84 DEFAULT CHARSET=utf8mb4 COLLATE=utf8mb4_general_ci COMMENT='入库单明细表';

-- ----------------------------
-- Records of his_entry_schedules
-- ----------------------------
INSERT INTO `his_entry_schedules` VALUES ('22', '5', '32', '20210303', '2024-05-04', '2024-05-30', null, '168');
INSERT INTO `his_entry_schedules` VALUES ('28', '7', '33', '24020816', '2024-04-28', '2026-05-07', '25', '100');
INSERT INTO `his_entry_schedules` VALUES ('29', '7', '32', '24020816', '2024-04-28', '2026-05-08', '40', '100');
INSERT INTO `his_entry_schedules` VALUES ('30', '7', '32', '24020816', '2024-05-06', '2026-05-07', '25', '100');
INSERT INTO `his_entry_schedules` VALUES ('31', '7', '46', '24020816', '2024-04-28', '2026-05-28', '45', '100');
INSERT INTO `his_entry_schedules` VALUES ('32', '7', '53', '24020816', '2024-04-30', '2026-05-21', '78', '200');
INSERT INTO `his_entry_schedules` VALUES ('33', '8', '33', '', null, null, null, '100');
INSERT INTO `his_entry_schedules` VALUES ('34', '8', '32', '', null, null, null, '100');
INSERT INTO `his_entry_schedules` VALUES ('35', '8', '32', '', null, null, null, '100');
INSERT INTO `his_entry_schedules` VALUES ('36', '8', '46', '', null, null, null, '100');
INSERT INTO `his_entry_schedules` VALUES ('37', '8', '53', '', null, null, null, '200');
INSERT INTO `his_entry_schedules` VALUES ('50', '11', '51', '24020816', '2024-04-28', '2024-05-25', '50', '100');
INSERT INTO `his_entry_schedules` VALUES ('71', '10', '33', '24020816', null, null, '50', '100');
INSERT INTO `his_entry_schedules` VALUES ('72', '10', '32', '24020816', '2024-04-25', null, null, '100');
INSERT INTO `his_entry_schedules` VALUES ('73', '10', '32', '24020816', '2024-04-26', '2024-06-04', null, '100');
INSERT INTO `his_entry_schedules` VALUES ('74', '10', '46', '24020816', null, null, null, '100');
INSERT INTO `his_entry_schedules` VALUES ('75', '10', '53', '24020816', null, null, null, '200');
INSERT INTO `his_entry_schedules` VALUES ('76', '9', '33', '24020816', null, null, null, '100');
INSERT INTO `his_entry_schedules` VALUES ('77', '9', '32', '24020816', null, null, null, '100');
INSERT INTO `his_entry_schedules` VALUES ('78', '9', '32', '24020816', null, null, null, '100');
INSERT INTO `his_entry_schedules` VALUES ('79', '9', '46', '24020816', null, null, null, '100');
INSERT INTO `his_entry_schedules` VALUES ('80', '9', '53', '24020816', null, null, null, '200');
INSERT INTO `his_entry_schedules` VALUES ('81', '12', '36', '23020816', null, null, '12', '100');
INSERT INTO `his_entry_schedules` VALUES ('82', '12', '54', '23020816', null, null, '50', '100');
INSERT INTO `his_entry_schedules` VALUES ('83', '12', '61', '23020816', null, null, '14', '120');

-- ----------------------------
-- Table structure for `his_inventory`
-- ----------------------------
DROP TABLE IF EXISTS `his_inventory`;
CREATE TABLE `his_inventory` (
  `inv_id` bigint NOT NULL AUTO_INCREMENT COMMENT '库存编号',
  `cat_id` bigint NOT NULL COMMENT '药品ID',
  `inv_batch_number` varchar(32) COLLATE utf8mb4_general_ci NOT NULL COMMENT '生产批号',
  `inv_number` bigint DEFAULT NULL COMMENT '库存数量',
  `inv_unit_price` int DEFAULT NULL COMMENT '销售单价',
  `inv_prod_date` datetime DEFAULT NULL COMMENT '生产日期',
  `inv_valid_to` datetime DEFAULT NULL COMMENT '有效期至',
  PRIMARY KEY (`inv_id`),
  KEY `FK_Relationship_26` (`cat_id`),
  CONSTRAINT `FK_Relationship_26` FOREIGN KEY (`cat_id`) REFERENCES `his_drug_catalogue` (`cat_id`) ON DELETE RESTRICT ON UPDATE RESTRICT
) ENGINE=InnoDB AUTO_INCREMENT=12 DEFAULT CHARSET=utf8mb4 COLLATE=utf8mb4_general_ci COMMENT='库存信息表';

-- ----------------------------
-- Records of his_inventory
-- ----------------------------
INSERT INTO `his_inventory` VALUES ('2', '32', '20210303', '430', '35', '2024-04-28 00:00:00', '2024-05-30 00:00:00');
INSERT INTO `his_inventory` VALUES ('3', '33', '24020816', '100', '35', null, null);
INSERT INTO `his_inventory` VALUES ('4', '32', '24020816', '200', '35', null, null);
INSERT INTO `his_inventory` VALUES ('8', '36', '23020816', '100', '12', null, null);
INSERT INTO `his_inventory` VALUES ('9', '54', '23020816', '100', '50', null, null);
INSERT INTO `his_inventory` VALUES ('10', '61', '23020816', '120', '14', null, null);
INSERT INTO `his_inventory` VALUES ('11', '38', '20210303', '100', null, null, null);

-- ----------------------------
-- Table structure for `his_medical_record`
-- ----------------------------
DROP TABLE IF EXISTS `his_medical_record`;
CREATE TABLE `his_medical_record` (
  `rec_id` bigint NOT NULL AUTO_INCREMENT COMMENT '记录ID',
  `patient_id` bigint NOT NULL COMMENT '患者编号',
  `rec_time` datetime DEFAULT NULL COMMENT '时间',
  `rec_chief_complaint` longtext COLLATE utf8mb4_general_ci COMMENT '主诉',
  `reg_diagnosis` longtext COLLATE utf8mb4_general_ci COMMENT '诊断',
  `reg_notes` longtext COLLATE utf8mb4_general_ci COMMENT '处理意见',
  PRIMARY KEY (`rec_id`),
  KEY `FK_Relationship_33` (`patient_id`),
  CONSTRAINT `FK_Relationship_33` FOREIGN KEY (`patient_id`) REFERENCES `his_patients` (`patient_id`) ON DELETE RESTRICT ON UPDATE RESTRICT
) ENGINE=InnoDB DEFAULT CHARSET=utf8mb4 COLLATE=utf8mb4_general_ci COMMENT='病历表';

-- ----------------------------
-- Records of his_medical_record
-- ----------------------------

-- ----------------------------
-- Table structure for `his_orders_schedules`
-- ----------------------------
DROP TABLE IF EXISTS `his_orders_schedules`;
CREATE TABLE `his_orders_schedules` (
  `order_sch_id` bigint NOT NULL AUTO_INCREMENT COMMENT '明细号',
  `pur_id` bigint NOT NULL COMMENT '采购单ID',
  `cat_id` bigint NOT NULL COMMENT '药品ID',
  `order_sch_number` bigint NOT NULL COMMENT '采购数量',
  `order_sch_price` bigint DEFAULT NULL COMMENT '金额',
  PRIMARY KEY (`order_sch_id`),
  KEY `FK_Relationship_11` (`pur_id`),
  KEY `FK_Relationship_19` (`cat_id`),
  CONSTRAINT `FK_Relationship_11` FOREIGN KEY (`pur_id`) REFERENCES `his_purchase_orders` (`pur_id`) ON DELETE RESTRICT ON UPDATE RESTRICT,
  CONSTRAINT `FK_Relationship_19` FOREIGN KEY (`cat_id`) REFERENCES `his_drug_catalogue` (`cat_id`) ON DELETE RESTRICT ON UPDATE RESTRICT
) ENGINE=InnoDB AUTO_INCREMENT=45 DEFAULT CHARSET=utf8mb4 COLLATE=utf8mb4_general_ci COMMENT='采购订单明细表';

-- ----------------------------
-- Records of his_orders_schedules
-- ----------------------------
INSERT INTO `his_orders_schedules` VALUES ('20', '7', '32', '100', '10');
INSERT INTO `his_orders_schedules` VALUES ('21', '7', '46', '100', '10');
INSERT INTO `his_orders_schedules` VALUES ('22', '7', '53', '200', '20');
INSERT INTO `his_orders_schedules` VALUES ('23', '8', '32', '111', '10');
INSERT INTO `his_orders_schedules` VALUES ('24', '9', '47', '400', '20');
INSERT INTO `his_orders_schedules` VALUES ('25', '9', '54', '400', '50');
INSERT INTO `his_orders_schedules` VALUES ('26', '9', '41', '4004', '40');
INSERT INTO `his_orders_schedules` VALUES ('27', '9', '33', '4000', '50');
INSERT INTO `his_orders_schedules` VALUES ('28', '9', '56', '1000', '50');
INSERT INTO `his_orders_schedules` VALUES ('29', '10', '40', '500', '60');
INSERT INTO `his_orders_schedules` VALUES ('30', '10', '61', '500', '10');
INSERT INTO `his_orders_schedules` VALUES ('31', '11', '48', '78', '90');
INSERT INTO `his_orders_schedules` VALUES ('32', '11', '54', '456', '90');
INSERT INTO `his_orders_schedules` VALUES ('33', '11', '46', '67', '90');
INSERT INTO `his_orders_schedules` VALUES ('34', '11', '37', '25', '9');
INSERT INTO `his_orders_schedules` VALUES ('41', '6', '33', '100', '10');
INSERT INTO `his_orders_schedules` VALUES ('42', '6', '32', '100', '11');
INSERT INTO `his_orders_schedules` VALUES ('43', '12', '32', '168', '20');
INSERT INTO `his_orders_schedules` VALUES ('44', '13', '50', '70', '80');

-- ----------------------------
-- Table structure for `his_patients`
-- ----------------------------
DROP TABLE IF EXISTS `his_patients`;
CREATE TABLE `his_patients` (
  `patient_id` bigint NOT NULL AUTO_INCREMENT COMMENT '患者编号',
  `user_id` bigint DEFAULT NULL COMMENT '用户ID',
  `patient_name` varchar(16) COLLATE utf8mb4_general_ci NOT NULL COMMENT '姓名',
  `patient_sex` smallint DEFAULT NULL COMMENT '性别',
  `patient_birth_date` date DEFAULT NULL COMMENT '出生日期',
  `patient_age` smallint DEFAULT NULL COMMENT '年龄',
  `patient_id_card_num` varchar(20) COLLATE utf8mb4_general_ci DEFAULT NULL COMMENT '身份证号',
  `patient_med_card_num` varchar(20) COLLATE utf8mb4_general_ci DEFAULT NULL COMMENT '医保卡号',
  `patient_phone_num` varchar(16) COLLATE utf8mb4_general_ci DEFAULT NULL COMMENT '手机号',
  PRIMARY KEY (`patient_id`)
) ENGINE=InnoDB AUTO_INCREMENT=13 DEFAULT CHARSET=utf8mb4 COLLATE=utf8mb4_general_ci COMMENT='患者信息表';

-- ----------------------------
-- Records of his_patients
-- ----------------------------
INSERT INTO `his_patients` VALUES ('1', null, '袁神', '0', '1980-01-01', '44', '110105198001018888', '4897986543517', '13425432');
INSERT INTO `his_patients` VALUES ('2', null, '钱八', '0', '1972-11-11', '51', '45098119721111888X', '', '213');
INSERT INTO `his_patients` VALUES ('10', null, '张三', '1', '1972-11-11', '51', '45098119721111888X', '', '45321');
INSERT INTO `his_patients` VALUES ('11', null, '刘九', '1', '1999-09-09', '24', '110105199909098888', '654367832456', '132523452');
INSERT INTO `his_patients` VALUES ('12', null, '王五', '0', '1954-11-21', '69', '45098119541121888X', '', '14324235');

-- ----------------------------
-- Table structure for `his_prescriptions`
-- ----------------------------
DROP TABLE IF EXISTS `his_prescriptions`;
CREATE TABLE `his_prescriptions` (
  `prsc_id` bigint NOT NULL AUTO_INCREMENT COMMENT '处方ID',
  `reg_id` bigint NOT NULL COMMENT '记录编号',
  `prsc_doc_num` char(20) COLLATE utf8mb4_general_ci DEFAULT NULL COMMENT '处方单据号',
  `prsc_type` smallint DEFAULT NULL COMMENT '处方类型',
  `prsc_status` smallint DEFAULT NULL COMMENT '处方状态',
  `prsc_comments` text COLLATE utf8mb4_general_ci COMMENT '备注',
  PRIMARY KEY (`prsc_id`),
  KEY `FK_Relationship_18` (`reg_id`),
  CONSTRAINT `FK_Relationship_18` FOREIGN KEY (`reg_id`) REFERENCES `his_registers` (`reg_id`) ON DELETE RESTRICT ON UPDATE RESTRICT
) ENGINE=InnoDB DEFAULT CHARSET=utf8mb4 COLLATE=utf8mb4_general_ci COMMENT='处方表';

-- ----------------------------
-- Records of his_prescriptions
-- ----------------------------

-- ----------------------------
-- Table structure for `his_prescriptions_schedules`
-- ----------------------------
DROP TABLE IF EXISTS `his_prescriptions_schedules`;
CREATE TABLE `his_prescriptions_schedules` (
  `prsc_sch_id` bigint NOT NULL AUTO_INCREMENT COMMENT '明细号',
  `prsc_id` bigint NOT NULL COMMENT '处方ID',
  `cat_id` bigint DEFAULT NULL COMMENT '药品ID',
  `prsc_sch_quantity` bigint NOT NULL COMMENT '数量',
  `prsc_sch_usage` smallint DEFAULT NULL COMMENT '用法',
  `prsc_sch_freq` smallint DEFAULT NULL COMMENT '频次',
  `prsc_sch_is_self_prepared` tinyint(1) NOT NULL COMMENT '是否自备',
  `prsc_sch_unit_price` bigint DEFAULT NULL COMMENT '单价',
  PRIMARY KEY (`prsc_sch_id`),
  KEY `FK_Relationship_21` (`cat_id`),
  KEY `FK_Relationship_3` (`prsc_id`),
  CONSTRAINT `FK_Relationship_21` FOREIGN KEY (`cat_id`) REFERENCES `his_drug_catalogue` (`cat_id`) ON DELETE RESTRICT ON UPDATE RESTRICT,
  CONSTRAINT `FK_Relationship_3` FOREIGN KEY (`prsc_id`) REFERENCES `his_prescriptions` (`prsc_id`) ON DELETE RESTRICT ON UPDATE RESTRICT
) ENGINE=InnoDB DEFAULT CHARSET=utf8mb4 COLLATE=utf8mb4_general_ci COMMENT='处方明细表';

-- ----------------------------
-- Records of his_prescriptions_schedules
-- ----------------------------

-- ----------------------------
-- Table structure for `his_procurement_plans`
-- ----------------------------
DROP TABLE IF EXISTS `his_procurement_plans`;
CREATE TABLE `his_procurement_plans` (
  `prcp_id` bigint NOT NULL AUTO_INCREMENT COMMENT '采购计划表ID',
  `user_id` bigint NOT NULL COMMENT '用户ID',
  `pur_id` bigint DEFAULT NULL COMMENT '采购单ID',
  `prcp_doc_num` char(20) COLLATE utf8mb4_general_ci DEFAULT NULL COMMENT '采购计划单据号',
  `prcp_date` date NOT NULL COMMENT '制单日期',
  `prcp_pur_date` date DEFAULT NULL COMMENT '预计采购日期',
  `prcp_arv_date` date DEFAULT NULL COMMENT '最迟到货日期',
  `prcp_status` smallint NOT NULL COMMENT '计划单状态',
  PRIMARY KEY (`prcp_id`),
  KEY `FK_Relationship_28` (`pur_id`),
  CONSTRAINT `FK_Relationship_28` FOREIGN KEY (`pur_id`) REFERENCES `his_purchase_orders` (`pur_id`) ON DELETE RESTRICT ON UPDATE RESTRICT
) ENGINE=InnoDB AUTO_INCREMENT=10 DEFAULT CHARSET=utf8mb4 COLLATE=utf8mb4_general_ci COMMENT='采购计划单表';

-- ----------------------------
-- Records of his_procurement_plans
-- ----------------------------
INSERT INTO `his_procurement_plans` VALUES ('1', '1', null, 'CGJH-240509001', '2024-05-09', '2024-05-11', '2024-05-16', '1');
INSERT INTO `his_procurement_plans` VALUES ('2', '1', null, 'CGJH-240509002', '2024-05-09', '2024-05-10', '2024-05-23', '1');
INSERT INTO `his_procurement_plans` VALUES ('3', '1', null, 'CGJH-240509003', '2024-05-09', '2024-05-10', '2024-05-17', '1');
INSERT INTO `his_procurement_plans` VALUES ('4', '1', null, 'CGJH-240510001', '2024-05-10', '2024-05-14', '2024-05-21', '1');
INSERT INTO `his_procurement_plans` VALUES ('5', '1', null, 'CGJH-240511001', '2024-05-11', '2024-05-14', '2024-05-23', '1');
INSERT INTO `his_procurement_plans` VALUES ('6', '1', null, 'CGJH-240511002', '2024-05-11', '2024-05-22', '2024-05-31', '1');
INSERT INTO `his_procurement_plans` VALUES ('7', '1', null, 'CGJH-240512001', '2024-05-12', '2024-05-12', '2024-05-12', '1');
INSERT INTO `his_procurement_plans` VALUES ('8', '1', null, 'CGJH-240515001', '2024-05-15', '2024-05-17', '2024-05-24', '1');
INSERT INTO `his_procurement_plans` VALUES ('9', '1', null, 'CGJH-240516001', '2024-05-16', '2024-05-23', '2024-05-31', '0');

-- ----------------------------
-- Table structure for `his_procurement_schedules`
-- ----------------------------
DROP TABLE IF EXISTS `his_procurement_schedules`;
CREATE TABLE `his_procurement_schedules` (
  `psch_id` bigint NOT NULL AUTO_INCREMENT COMMENT '明细号',
  `prcp_id` bigint NOT NULL COMMENT '采购计划表ID',
  `cat_id` bigint NOT NULL COMMENT '药品ID',
  `psch_price` bigint NOT NULL COMMENT '参考单价',
  `psch_number` bigint NOT NULL COMMENT '采购数量',
  PRIMARY KEY (`psch_id`),
  KEY `FK_Relationship_24` (`prcp_id`),
  KEY `FK_Relationship_25` (`cat_id`),
  CONSTRAINT `FK_Relationship_24` FOREIGN KEY (`prcp_id`) REFERENCES `his_procurement_plans` (`prcp_id`) ON DELETE RESTRICT ON UPDATE RESTRICT,
  CONSTRAINT `FK_Relationship_25` FOREIGN KEY (`cat_id`) REFERENCES `his_drug_catalogue` (`cat_id`) ON DELETE RESTRICT ON UPDATE RESTRICT
) ENGINE=InnoDB AUTO_INCREMENT=90 DEFAULT CHARSET=utf8mb4 COLLATE=utf8mb4_general_ci COMMENT='采购计划明细表';

-- ----------------------------
-- Records of his_procurement_schedules
-- ----------------------------
INSERT INTO `his_procurement_schedules` VALUES ('3', '2', '32', '10', '100');
INSERT INTO `his_procurement_schedules` VALUES ('4', '2', '46', '10', '100');
INSERT INTO `his_procurement_schedules` VALUES ('5', '2', '53', '20', '200');
INSERT INTO `his_procurement_schedules` VALUES ('46', '5', '40', '60', '500');
INSERT INTO `his_procurement_schedules` VALUES ('47', '5', '61', '10', '500');
INSERT INTO `his_procurement_schedules` VALUES ('70', '3', '32', '10', '111');
INSERT INTO `his_procurement_schedules` VALUES ('71', '4', '47', '20', '400');
INSERT INTO `his_procurement_schedules` VALUES ('72', '4', '54', '50', '400');
INSERT INTO `his_procurement_schedules` VALUES ('73', '4', '41', '40', '4004');
INSERT INTO `his_procurement_schedules` VALUES ('74', '4', '33', '50', '4000');
INSERT INTO `his_procurement_schedules` VALUES ('75', '4', '56', '50', '1000');
INSERT INTO `his_procurement_schedules` VALUES ('76', '1', '33', '10', '100');
INSERT INTO `his_procurement_schedules` VALUES ('77', '1', '32', '11', '100');
INSERT INTO `his_procurement_schedules` VALUES ('78', '6', '50', '80', '70');
INSERT INTO `his_procurement_schedules` VALUES ('83', '7', '48', '90', '78');
INSERT INTO `his_procurement_schedules` VALUES ('84', '7', '54', '90', '456');
INSERT INTO `his_procurement_schedules` VALUES ('85', '7', '46', '90', '67');
INSERT INTO `his_procurement_schedules` VALUES ('86', '7', '37', '9', '25');
INSERT INTO `his_procurement_schedules` VALUES ('87', '8', '32', '20', '168');
INSERT INTO `his_procurement_schedules` VALUES ('88', '9', '32', '10', '233');
INSERT INTO `his_procurement_schedules` VALUES ('89', '9', '45', '10', '120');

-- ----------------------------
-- Table structure for `his_purchase_orders`
-- ----------------------------
DROP TABLE IF EXISTS `his_purchase_orders`;
CREATE TABLE `his_purchase_orders` (
  `pur_id` bigint NOT NULL AUTO_INCREMENT COMMENT '采购单ID',
  `spl_id` bigint NOT NULL COMMENT '供应商编号',
  `user_id` bigint NOT NULL COMMENT '用户ID',
  `pur_doc_num` char(20) COLLATE utf8mb4_general_ci DEFAULT NULL COMMENT '采购单据号',
  `pur_date` date NOT NULL COMMENT '订单日期',
  `pur_arr_date` date DEFAULT NULL COMMENT '计划到货日期',
  `pur_pay_date` date DEFAULT NULL COMMENT '预计付款日期',
  `pur_status` smallint NOT NULL COMMENT '采购单状态',
  PRIMARY KEY (`pur_id`),
  KEY `FK_Relationship_13` (`spl_id`),
  CONSTRAINT `FK_Relationship_13` FOREIGN KEY (`spl_id`) REFERENCES `his_suppliers` (`spl_id`) ON DELETE RESTRICT ON UPDATE RESTRICT
) ENGINE=InnoDB AUTO_INCREMENT=14 DEFAULT CHARSET=utf8mb4 COLLATE=utf8mb4_general_ci COMMENT='采购订单表';

-- ----------------------------
-- Records of his_purchase_orders
-- ----------------------------
INSERT INTO `his_purchase_orders` VALUES ('6', '9', '1', 'CGDD-240512', '2024-05-12', '2024-05-22', '2024-05-15', '0');
INSERT INTO `his_purchase_orders` VALUES ('7', '2', '1', 'CGDD-240512', '2024-05-12', '2024-05-12', '2024-05-12', '0');
INSERT INTO `his_purchase_orders` VALUES ('8', '1', '1', 'CGDD-240512', '2024-05-12', null, null, '0');
INSERT INTO `his_purchase_orders` VALUES ('9', '3', '1', 'CGDD-240512', '2024-05-12', null, null, '0');
INSERT INTO `his_purchase_orders` VALUES ('10', '2', '1', 'CGDD-240512', '2024-05-12', null, null, '0');
INSERT INTO `his_purchase_orders` VALUES ('11', '3', '1', 'CGDD-240512', '2024-05-12', '2024-05-17', '2024-05-14', '0');
INSERT INTO `his_purchase_orders` VALUES ('12', '9', '1', 'CGDD-240515', '2024-05-15', '2024-05-23', '2024-05-20', '0');
INSERT INTO `his_purchase_orders` VALUES ('13', '7', '1', 'CGDD-240517', '2024-05-17', null, null, '0');

-- ----------------------------
-- Table structure for `his_registers`
-- ----------------------------
DROP TABLE IF EXISTS `his_registers`;
CREATE TABLE `his_registers` (
  `reg_id` bigint NOT NULL AUTO_INCREMENT COMMENT '记录编号',
  `user_id` bigint NOT NULL COMMENT '医生ID',
  `patient_id` bigint NOT NULL COMMENT '患者编号',
  `reg_time` datetime NOT NULL COMMENT '挂号日期',
  `reg_period` smallint NOT NULL COMMENT '挂号时段',
  `reg_status` smallint NOT NULL COMMENT '挂号状态',
  PRIMARY KEY (`reg_id`),
  KEY `FK_Relationship_20` (`patient_id`),
  CONSTRAINT `FK_Relationship_20` FOREIGN KEY (`patient_id`) REFERENCES `his_patients` (`patient_id`) ON DELETE RESTRICT ON UPDATE RESTRICT
) ENGINE=InnoDB AUTO_INCREMENT=19 DEFAULT CHARSET=utf8mb4 COLLATE=utf8mb4_general_ci COMMENT='挂号记录表';

-- ----------------------------
-- Records of his_registers
-- ----------------------------
INSERT INTO `his_registers` VALUES ('2', '101', '2', '2024-05-12 00:00:00', '1', '2');
INSERT INTO `his_registers` VALUES ('11', '102', '10', '2024-05-14 00:00:00', '0', '2');
INSERT INTO `his_registers` VALUES ('13', '102', '1', '2024-05-17 10:49:03', '0', '1');
INSERT INTO `his_registers` VALUES ('14', '101', '10', '2024-05-17 11:15:48', '0', '1');
INSERT INTO `his_registers` VALUES ('15', '103', '11', '2024-05-17 11:16:23', '0', '1');
INSERT INTO `his_registers` VALUES ('16', '102', '12', '2024-05-17 11:22:06', '0', '1');
INSERT INTO `his_registers` VALUES ('17', '2', '2', '2024-05-17 00:00:00', '1', '1');

-- ----------------------------
-- Table structure for `his_suppliers`
-- ----------------------------
DROP TABLE IF EXISTS `his_suppliers`;
CREATE TABLE `his_suppliers` (
  `spl_id` bigint NOT NULL AUTO_INCREMENT COMMENT '供应商编号',
  `spl_name` varchar(32) COLLATE utf8mb4_general_ci NOT NULL COMMENT '供应商名称',
  `spl_addr` varchar(512) COLLATE utf8mb4_general_ci DEFAULT NULL COMMENT '供应商地址',
  `spl_contact` varchar(16) COLLATE utf8mb4_general_ci DEFAULT NULL COMMENT '联系方式',
  `spl_legal_person` varchar(32) COLLATE utf8mb4_general_ci DEFAULT NULL COMMENT '法人代表',
  `spl_permit_id` char(16) COLLATE utf8mb4_general_ci DEFAULT NULL COMMENT '许可证编号',
  `spl_certification` char(16) COLLATE utf8mb4_general_ci DEFAULT NULL COMMENT '质量认证情况',
  `spl_business_license_id` char(20) COLLATE utf8mb4_general_ci DEFAULT NULL COMMENT '营业执照编号',
  PRIMARY KEY (`spl_id`)
) ENGINE=InnoDB AUTO_INCREMENT=11 DEFAULT CHARSET=utf8mb4 COLLATE=utf8mb4_general_ci COMMENT='供应商表';

-- ----------------------------
-- Records of his_suppliers
-- ----------------------------
INSERT INTO `his_suppliers` VALUES ('1', '康宁药业有限公司', '上海市浦东区康宁路88号', '021-12345678', '李明', '沪药许字2023001', 'ISO 9001:2015', '310115000001');
INSERT INTO `his_suppliers` VALUES ('2', '华康药品供应公司', '北京市朝阳区华康路99号', '010-87654321', '王刚', '京药许字2023002', 'GMP', '110105000002');
INSERT INTO `his_suppliers` VALUES ('3', '泰和药品批发有限公司', '广州市天河区泰和路18号', '020-98765432', '张丽', '粤药许字2023003', 'ISO 13485:2016', '440106000003');
INSERT INTO `his_suppliers` VALUES ('4', '瑞康药品集团', '深圳市福田区瑞康大厦8楼', '0755-56789012', '陈华', '深药许字2023004', 'HACCP', '440304000004');
INSERT INTO `his_suppliers` VALUES ('5', '康源医药有限公司', '杭州市西湖区康源路20号', '0571-45678900', '刘洋', '浙药许字2023005', 'FDA', '330106000005');
INSERT INTO `his_suppliers` VALUES ('6', '益康药品配送中心', '成都市高新区益康路3号', '028-34567890', '赵伟', '川药许字2023006', 'CE', '510100000006');
INSERT INTO `his_suppliers` VALUES ('7', '同仁堂药品有限公司', '天津市和平区同仁堂街1号', '022-23456789', '孙涛', '津药许字2023007', 'GSP', '120101000007');
INSERT INTO `his_suppliers` VALUES ('8', '华润药品供应链有限公司', '重庆市九龙坡区华润路66号', '023-65432100', '周强', '渝药许字2023008', 'GMP', '500107000008');
INSERT INTO `his_suppliers` VALUES ('9', '乐康药业集团', '武汉市武昌区乐康路55号', '027-87654321', '韩梅', '鄂药许字2023009', 'ISO 14001:2015', '420106000009');
INSERT INTO `his_suppliers` VALUES ('10', '恒康药品股份有限公司', '西安市雁塔区恒康大道100号', '029-12345678', '杨明', '陕药许字2023010', 'ISO 22000:2018', '610113000010');

-- ----------------------------
-- Table structure for `his_warehousing_entry`
-- ----------------------------
DROP TABLE IF EXISTS `his_warehousing_entry`;
CREATE TABLE `his_warehousing_entry` (
  `ent_id` bigint NOT NULL AUTO_INCREMENT COMMENT '入库单ID',
  `user_id` bigint NOT NULL COMMENT '制单人ID',
  `ent_doc_num` char(20) COLLATE utf8mb4_general_ci DEFAULT NULL COMMENT '入库单据号',
  `ent_date` date DEFAULT NULL COMMENT '入库日期',
  PRIMARY KEY (`ent_id`)
) ENGINE=InnoDB AUTO_INCREMENT=13 DEFAULT CHARSET=utf8mb4 COLLATE=utf8mb4_general_ci COMMENT='入库单表';

-- ----------------------------
-- Records of his_warehousing_entry
-- ----------------------------
INSERT INTO `his_warehousing_entry` VALUES ('5', '1', 'YPRK-240515001', '2024-05-15');
INSERT INTO `his_warehousing_entry` VALUES ('7', '1', 'YPRK-240515002', '2024-05-15');
INSERT INTO `his_warehousing_entry` VALUES ('8', '1', 'YPRK-240516', '2024-05-16');
INSERT INTO `his_warehousing_entry` VALUES ('9', '1', 'YPRK-240516001', '2024-05-16');
INSERT INTO `his_warehousing_entry` VALUES ('10', '1', 'YPRK-240516006', '2024-05-16');
INSERT INTO `his_warehousing_entry` VALUES ('11', '1', 'YPRK-240516005', '2024-05-16');
INSERT INTO `his_warehousing_entry` VALUES ('12', '1', 'YPRK-240516003', '2024-05-16');

-- ----------------------------
-- Table structure for `qrtz_blob_triggers`
-- ----------------------------
DROP TABLE IF EXISTS `qrtz_blob_triggers`;
CREATE TABLE `qrtz_blob_triggers` (
  `sched_name` varchar(120) COLLATE utf8mb4_general_ci NOT NULL COMMENT '调度名称',
  `trigger_name` varchar(200) COLLATE utf8mb4_general_ci NOT NULL COMMENT 'qrtz_triggers表trigger_name的外键',
  `trigger_group` varchar(200) COLLATE utf8mb4_general_ci NOT NULL COMMENT 'qrtz_triggers表trigger_group的外键',
  `blob_data` blob COMMENT '存放持久化Trigger对象',
  PRIMARY KEY (`sched_name`,`trigger_name`,`trigger_group`),
  CONSTRAINT `qrtz_blob_triggers_ibfk_1` FOREIGN KEY (`sched_name`, `trigger_name`, `trigger_group`) REFERENCES `qrtz_triggers` (`sched_name`, `trigger_name`, `trigger_group`)
) ENGINE=InnoDB DEFAULT CHARSET=utf8mb4 COLLATE=utf8mb4_general_ci COMMENT='Blob类型的触发器表';

-- ----------------------------
-- Records of qrtz_blob_triggers
-- ----------------------------

-- ----------------------------
-- Table structure for `qrtz_calendars`
-- ----------------------------
DROP TABLE IF EXISTS `qrtz_calendars`;
CREATE TABLE `qrtz_calendars` (
  `sched_name` varchar(120) COLLATE utf8mb4_general_ci NOT NULL COMMENT '调度名称',
  `calendar_name` varchar(200) COLLATE utf8mb4_general_ci NOT NULL COMMENT '日历名称',
  `calendar` blob NOT NULL COMMENT '存放持久化calendar对象',
  PRIMARY KEY (`sched_name`,`calendar_name`)
) ENGINE=InnoDB DEFAULT CHARSET=utf8mb4 COLLATE=utf8mb4_general_ci COMMENT='日历信息表';

-- ----------------------------
-- Records of qrtz_calendars
-- ----------------------------

-- ----------------------------
-- Table structure for `qrtz_cron_triggers`
-- ----------------------------
DROP TABLE IF EXISTS `qrtz_cron_triggers`;
CREATE TABLE `qrtz_cron_triggers` (
  `sched_name` varchar(120) COLLATE utf8mb4_general_ci NOT NULL COMMENT '调度名称',
  `trigger_name` varchar(200) COLLATE utf8mb4_general_ci NOT NULL COMMENT 'qrtz_triggers表trigger_name的外键',
  `trigger_group` varchar(200) COLLATE utf8mb4_general_ci NOT NULL COMMENT 'qrtz_triggers表trigger_group的外键',
  `cron_expression` varchar(200) COLLATE utf8mb4_general_ci NOT NULL COMMENT 'cron表达式',
  `time_zone_id` varchar(80) COLLATE utf8mb4_general_ci DEFAULT NULL COMMENT '时区',
  PRIMARY KEY (`sched_name`,`trigger_name`,`trigger_group`),
  CONSTRAINT `qrtz_cron_triggers_ibfk_1` FOREIGN KEY (`sched_name`, `trigger_name`, `trigger_group`) REFERENCES `qrtz_triggers` (`sched_name`, `trigger_name`, `trigger_group`)
) ENGINE=InnoDB DEFAULT CHARSET=utf8mb4 COLLATE=utf8mb4_general_ci COMMENT='Cron类型的触发器表';

-- ----------------------------
-- Records of qrtz_cron_triggers
-- ----------------------------

-- ----------------------------
-- Table structure for `qrtz_fired_triggers`
-- ----------------------------
DROP TABLE IF EXISTS `qrtz_fired_triggers`;
CREATE TABLE `qrtz_fired_triggers` (
  `sched_name` varchar(120) COLLATE utf8mb4_general_ci NOT NULL COMMENT '调度名称',
  `entry_id` varchar(95) COLLATE utf8mb4_general_ci NOT NULL COMMENT '调度器实例id',
  `trigger_name` varchar(200) COLLATE utf8mb4_general_ci NOT NULL COMMENT 'qrtz_triggers表trigger_name的外键',
  `trigger_group` varchar(200) COLLATE utf8mb4_general_ci NOT NULL COMMENT 'qrtz_triggers表trigger_group的外键',
  `instance_name` varchar(200) COLLATE utf8mb4_general_ci NOT NULL COMMENT '调度器实例名',
  `fired_time` bigint NOT NULL COMMENT '触发的时间',
  `sched_time` bigint NOT NULL COMMENT '定时器制定的时间',
  `priority` int NOT NULL COMMENT '优先级',
  `state` varchar(16) COLLATE utf8mb4_general_ci NOT NULL COMMENT '状态',
  `job_name` varchar(200) COLLATE utf8mb4_general_ci DEFAULT NULL COMMENT '任务名称',
  `job_group` varchar(200) COLLATE utf8mb4_general_ci DEFAULT NULL COMMENT '任务组名',
  `is_nonconcurrent` varchar(1) COLLATE utf8mb4_general_ci DEFAULT NULL COMMENT '是否并发',
  `requests_recovery` varchar(1) COLLATE utf8mb4_general_ci DEFAULT NULL COMMENT '是否接受恢复执行',
  PRIMARY KEY (`sched_name`,`entry_id`)
) ENGINE=InnoDB DEFAULT CHARSET=utf8mb4 COLLATE=utf8mb4_general_ci COMMENT='已触发的触发器表';

-- ----------------------------
-- Records of qrtz_fired_triggers
-- ----------------------------

-- ----------------------------
-- Table structure for `qrtz_job_details`
-- ----------------------------
DROP TABLE IF EXISTS `qrtz_job_details`;
CREATE TABLE `qrtz_job_details` (
  `sched_name` varchar(120) COLLATE utf8mb4_general_ci NOT NULL COMMENT '调度名称',
  `job_name` varchar(200) COLLATE utf8mb4_general_ci NOT NULL COMMENT '任务名称',
  `job_group` varchar(200) COLLATE utf8mb4_general_ci NOT NULL COMMENT '任务组名',
  `description` varchar(250) COLLATE utf8mb4_general_ci DEFAULT NULL COMMENT '相关介绍',
  `job_class_name` varchar(250) COLLATE utf8mb4_general_ci NOT NULL COMMENT '执行任务类名称',
  `is_durable` varchar(1) COLLATE utf8mb4_general_ci NOT NULL COMMENT '是否持久化',
  `is_nonconcurrent` varchar(1) COLLATE utf8mb4_general_ci NOT NULL COMMENT '是否并发',
  `is_update_data` varchar(1) COLLATE utf8mb4_general_ci NOT NULL COMMENT '是否更新数据',
  `requests_recovery` varchar(1) COLLATE utf8mb4_general_ci NOT NULL COMMENT '是否接受恢复执行',
  `job_data` blob COMMENT '存放持久化job对象',
  PRIMARY KEY (`sched_name`,`job_name`,`job_group`)
) ENGINE=InnoDB DEFAULT CHARSET=utf8mb4 COLLATE=utf8mb4_general_ci COMMENT='任务详细信息表';

-- ----------------------------
-- Records of qrtz_job_details
-- ----------------------------

-- ----------------------------
-- Table structure for `qrtz_locks`
-- ----------------------------
DROP TABLE IF EXISTS `qrtz_locks`;
CREATE TABLE `qrtz_locks` (
  `sched_name` varchar(120) COLLATE utf8mb4_general_ci NOT NULL COMMENT '调度名称',
  `lock_name` varchar(40) COLLATE utf8mb4_general_ci NOT NULL COMMENT '悲观锁名称',
  PRIMARY KEY (`sched_name`,`lock_name`)
) ENGINE=InnoDB DEFAULT CHARSET=utf8mb4 COLLATE=utf8mb4_general_ci COMMENT='存储的悲观锁信息表';

-- ----------------------------
-- Records of qrtz_locks
-- ----------------------------

-- ----------------------------
-- Table structure for `qrtz_paused_trigger_grps`
-- ----------------------------
DROP TABLE IF EXISTS `qrtz_paused_trigger_grps`;
CREATE TABLE `qrtz_paused_trigger_grps` (
  `sched_name` varchar(120) COLLATE utf8mb4_general_ci NOT NULL COMMENT '调度名称',
  `trigger_group` varchar(200) COLLATE utf8mb4_general_ci NOT NULL COMMENT 'qrtz_triggers表trigger_group的外键',
  PRIMARY KEY (`sched_name`,`trigger_group`)
) ENGINE=InnoDB DEFAULT CHARSET=utf8mb4 COLLATE=utf8mb4_general_ci COMMENT='暂停的触发器表';

-- ----------------------------
-- Records of qrtz_paused_trigger_grps
-- ----------------------------

-- ----------------------------
-- Table structure for `qrtz_scheduler_state`
-- ----------------------------
DROP TABLE IF EXISTS `qrtz_scheduler_state`;
CREATE TABLE `qrtz_scheduler_state` (
  `sched_name` varchar(120) COLLATE utf8mb4_general_ci NOT NULL COMMENT '调度名称',
  `instance_name` varchar(200) COLLATE utf8mb4_general_ci NOT NULL COMMENT '实例名称',
  `last_checkin_time` bigint NOT NULL COMMENT '上次检查时间',
  `checkin_interval` bigint NOT NULL COMMENT '检查间隔时间',
  PRIMARY KEY (`sched_name`,`instance_name`)
) ENGINE=InnoDB DEFAULT CHARSET=utf8mb4 COLLATE=utf8mb4_general_ci COMMENT='调度器状态表';

-- ----------------------------
-- Records of qrtz_scheduler_state
-- ----------------------------

-- ----------------------------
-- Table structure for `qrtz_simple_triggers`
-- ----------------------------
DROP TABLE IF EXISTS `qrtz_simple_triggers`;
CREATE TABLE `qrtz_simple_triggers` (
  `sched_name` varchar(120) COLLATE utf8mb4_general_ci NOT NULL COMMENT '调度名称',
  `trigger_name` varchar(200) COLLATE utf8mb4_general_ci NOT NULL COMMENT 'qrtz_triggers表trigger_name的外键',
  `trigger_group` varchar(200) COLLATE utf8mb4_general_ci NOT NULL COMMENT 'qrtz_triggers表trigger_group的外键',
  `repeat_count` bigint NOT NULL COMMENT '重复的次数统计',
  `repeat_interval` bigint NOT NULL COMMENT '重复的间隔时间',
  `times_triggered` bigint NOT NULL COMMENT '已经触发的次数',
  PRIMARY KEY (`sched_name`,`trigger_name`,`trigger_group`),
  CONSTRAINT `qrtz_simple_triggers_ibfk_1` FOREIGN KEY (`sched_name`, `trigger_name`, `trigger_group`) REFERENCES `qrtz_triggers` (`sched_name`, `trigger_name`, `trigger_group`)
) ENGINE=InnoDB DEFAULT CHARSET=utf8mb4 COLLATE=utf8mb4_general_ci COMMENT='简单触发器的信息表';

-- ----------------------------
-- Records of qrtz_simple_triggers
-- ----------------------------

-- ----------------------------
-- Table structure for `qrtz_simprop_triggers`
-- ----------------------------
DROP TABLE IF EXISTS `qrtz_simprop_triggers`;
CREATE TABLE `qrtz_simprop_triggers` (
  `sched_name` varchar(120) COLLATE utf8mb4_general_ci NOT NULL COMMENT '调度名称',
  `trigger_name` varchar(200) COLLATE utf8mb4_general_ci NOT NULL COMMENT 'qrtz_triggers表trigger_name的外键',
  `trigger_group` varchar(200) COLLATE utf8mb4_general_ci NOT NULL COMMENT 'qrtz_triggers表trigger_group的外键',
  `str_prop_1` varchar(512) COLLATE utf8mb4_general_ci DEFAULT NULL COMMENT 'String类型的trigger的第一个参数',
  `str_prop_2` varchar(512) COLLATE utf8mb4_general_ci DEFAULT NULL COMMENT 'String类型的trigger的第二个参数',
  `str_prop_3` varchar(512) COLLATE utf8mb4_general_ci DEFAULT NULL COMMENT 'String类型的trigger的第三个参数',
  `int_prop_1` int DEFAULT NULL COMMENT 'int类型的trigger的第一个参数',
  `int_prop_2` int DEFAULT NULL COMMENT 'int类型的trigger的第二个参数',
  `long_prop_1` bigint DEFAULT NULL COMMENT 'long类型的trigger的第一个参数',
  `long_prop_2` bigint DEFAULT NULL COMMENT 'long类型的trigger的第二个参数',
  `dec_prop_1` decimal(13,4) DEFAULT NULL COMMENT 'decimal类型的trigger的第一个参数',
  `dec_prop_2` decimal(13,4) DEFAULT NULL COMMENT 'decimal类型的trigger的第二个参数',
  `bool_prop_1` varchar(1) COLLATE utf8mb4_general_ci DEFAULT NULL COMMENT 'Boolean类型的trigger的第一个参数',
  `bool_prop_2` varchar(1) COLLATE utf8mb4_general_ci DEFAULT NULL COMMENT 'Boolean类型的trigger的第二个参数',
  PRIMARY KEY (`sched_name`,`trigger_name`,`trigger_group`),
  CONSTRAINT `qrtz_simprop_triggers_ibfk_1` FOREIGN KEY (`sched_name`, `trigger_name`, `trigger_group`) REFERENCES `qrtz_triggers` (`sched_name`, `trigger_name`, `trigger_group`)
) ENGINE=InnoDB DEFAULT CHARSET=utf8mb4 COLLATE=utf8mb4_general_ci COMMENT='同步机制的行锁表';

-- ----------------------------
-- Records of qrtz_simprop_triggers
-- ----------------------------

-- ----------------------------
-- Table structure for `qrtz_triggers`
-- ----------------------------
DROP TABLE IF EXISTS `qrtz_triggers`;
CREATE TABLE `qrtz_triggers` (
  `sched_name` varchar(120) COLLATE utf8mb4_general_ci NOT NULL COMMENT '调度名称',
  `trigger_name` varchar(200) COLLATE utf8mb4_general_ci NOT NULL COMMENT '触发器的名字',
  `trigger_group` varchar(200) COLLATE utf8mb4_general_ci NOT NULL COMMENT '触发器所属组的名字',
  `job_name` varchar(200) COLLATE utf8mb4_general_ci NOT NULL COMMENT 'qrtz_job_details表job_name的外键',
  `job_group` varchar(200) COLLATE utf8mb4_general_ci NOT NULL COMMENT 'qrtz_job_details表job_group的外键',
  `description` varchar(250) COLLATE utf8mb4_general_ci DEFAULT NULL COMMENT '相关介绍',
  `next_fire_time` bigint DEFAULT NULL COMMENT '上一次触发时间（毫秒）',
  `prev_fire_time` bigint DEFAULT NULL COMMENT '下一次触发时间（默认为-1表示不触发）',
  `priority` int DEFAULT NULL COMMENT '优先级',
  `trigger_state` varchar(16) COLLATE utf8mb4_general_ci NOT NULL COMMENT '触发器状态',
  `trigger_type` varchar(8) COLLATE utf8mb4_general_ci NOT NULL COMMENT '触发器的类型',
  `start_time` bigint NOT NULL COMMENT '开始时间',
  `end_time` bigint DEFAULT NULL COMMENT '结束时间',
  `calendar_name` varchar(200) COLLATE utf8mb4_general_ci DEFAULT NULL COMMENT '日程表名称',
  `misfire_instr` smallint DEFAULT NULL COMMENT '补偿执行的策略',
  `job_data` blob COMMENT '存放持久化job对象',
  PRIMARY KEY (`sched_name`,`trigger_name`,`trigger_group`),
  KEY `sched_name` (`sched_name`,`job_name`,`job_group`),
  CONSTRAINT `qrtz_triggers_ibfk_1` FOREIGN KEY (`sched_name`, `job_name`, `job_group`) REFERENCES `qrtz_job_details` (`sched_name`, `job_name`, `job_group`)
) ENGINE=InnoDB DEFAULT CHARSET=utf8mb4 COLLATE=utf8mb4_general_ci COMMENT='触发器详细信息表';

-- ----------------------------
-- Records of qrtz_triggers
-- ----------------------------

-- ----------------------------
-- Table structure for `sys_config`
-- ----------------------------
DROP TABLE IF EXISTS `sys_config`;
CREATE TABLE `sys_config` (
  `config_id` int NOT NULL AUTO_INCREMENT COMMENT '参数主键',
  `config_name` varchar(100) COLLATE utf8mb4_general_ci DEFAULT '' COMMENT '参数名称',
  `config_key` varchar(100) COLLATE utf8mb4_general_ci DEFAULT '' COMMENT '参数键名',
  `config_value` varchar(500) COLLATE utf8mb4_general_ci DEFAULT '' COMMENT '参数键值',
  `config_type` char(1) COLLATE utf8mb4_general_ci DEFAULT 'N' COMMENT '系统内置（Y是 N否）',
  `create_by` varchar(64) COLLATE utf8mb4_general_ci DEFAULT '' COMMENT '创建者',
  `create_time` datetime DEFAULT NULL COMMENT '创建时间',
  `update_by` varchar(64) COLLATE utf8mb4_general_ci DEFAULT '' COMMENT '更新者',
  `update_time` datetime DEFAULT NULL COMMENT '更新时间',
  `remark` varchar(500) COLLATE utf8mb4_general_ci DEFAULT NULL COMMENT '备注',
  PRIMARY KEY (`config_id`)
) ENGINE=InnoDB AUTO_INCREMENT=100 DEFAULT CHARSET=utf8mb4 COLLATE=utf8mb4_general_ci COMMENT='参数配置表';

-- ----------------------------
-- Records of sys_config
-- ----------------------------
INSERT INTO `sys_config` VALUES ('1', '主框架页-默认皮肤样式名称', 'sys.index.skinName', 'skin-blue', 'Y', 'admin', '2024-04-19 21:41:40', '', null, '蓝色 skin-blue、绿色 skin-green、紫色 skin-purple、红色 skin-red、黄色 skin-yellow');
INSERT INTO `sys_config` VALUES ('2', '用户管理-账号初始密码', 'sys.user.initPassword', '123456', 'Y', 'admin', '2024-04-19 21:41:40', '', null, '初始化密码 123456');
INSERT INTO `sys_config` VALUES ('3', '主框架页-侧边栏主题', 'sys.index.sideTheme', 'theme-dark', 'Y', 'admin', '2024-04-19 21:41:40', '', null, '深黑主题theme-dark，浅色主题theme-light，深蓝主题theme-blue');
INSERT INTO `sys_config` VALUES ('4', '账号自助-是否开启用户注册功能', 'sys.account.registerUser', 'true', 'Y', 'admin', '2024-04-19 21:41:40', 'admin', '2024-05-17 14:08:20', '是否开启注册用户功能（true开启，false关闭）');
INSERT INTO `sys_config` VALUES ('5', '用户管理-密码字符范围', 'sys.account.chrtype', '0', 'Y', 'admin', '2024-04-19 21:41:40', '', null, '默认任意字符范围，0任意（密码可以输入任意字符），1数字（密码只能为0-9数字），2英文字母（密码只能为a-z和A-Z字母），3字母和数字（密码必须包含字母，数字）,4字母数字和特殊字符（目前支持的特殊字符包括：~!@#$%^&*()-=_+）');
INSERT INTO `sys_config` VALUES ('6', '用户管理-初始密码修改策略', 'sys.account.initPasswordModify', '1', 'Y', 'admin', '2024-04-19 21:41:40', '', null, '0：初始密码修改策略关闭，没有任何提示，1：提醒用户，如果未修改初始密码，则在登录时就会提醒修改密码对话框');
INSERT INTO `sys_config` VALUES ('7', '用户管理-账号密码更新周期', 'sys.account.passwordValidateDays', '0', 'Y', 'admin', '2024-04-19 21:41:40', '', null, '密码更新周期（填写数字，数据初始化值为0不限制，若修改必须为大于0小于365的正整数），如果超过这个周期登录系统时，则在登录时就会提醒修改密码对话框');
INSERT INTO `sys_config` VALUES ('8', '主框架页-菜单导航显示风格', 'sys.index.menuStyle', 'default', 'Y', 'admin', '2024-04-19 21:41:40', '', null, '菜单导航显示风格（default为左侧导航菜单，topnav为顶部导航菜单）');
INSERT INTO `sys_config` VALUES ('9', '主框架页-是否开启页脚', 'sys.index.footer', 'false', 'Y', 'admin', '2024-04-19 21:41:40', 'admin', '2024-04-20 10:45:47', '是否开启底部页脚显示（true显示，false隐藏）');
INSERT INTO `sys_config` VALUES ('10', '主框架页-是否开启页签', 'sys.index.tagsView', 'true', 'Y', 'admin', '2024-04-19 21:41:40', '', null, '是否开启菜单多页签显示（true显示，false隐藏）');
INSERT INTO `sys_config` VALUES ('11', '用户登录-黑名单列表', 'sys.login.blackIPList', '', 'Y', 'admin', '2024-04-19 21:41:40', '', null, '设置登录IP黑名单限制，多个匹配项以;分隔，支持匹配（*通配、网段）');

-- ----------------------------
-- Table structure for `sys_dept`
-- ----------------------------
DROP TABLE IF EXISTS `sys_dept`;
CREATE TABLE `sys_dept` (
  `dept_id` bigint NOT NULL AUTO_INCREMENT COMMENT '部门id',
  `parent_id` bigint DEFAULT '0' COMMENT '父部门id',
  `ancestors` varchar(50) COLLATE utf8mb4_general_ci DEFAULT '' COMMENT '祖级列表',
  `dept_name` varchar(30) COLLATE utf8mb4_general_ci DEFAULT '' COMMENT '部门名称',
  `order_num` int DEFAULT '0' COMMENT '显示顺序',
  `leader` varchar(20) COLLATE utf8mb4_general_ci DEFAULT NULL COMMENT '负责人',
  `phone` varchar(11) COLLATE utf8mb4_general_ci DEFAULT NULL COMMENT '联系电话',
  `email` varchar(50) COLLATE utf8mb4_general_ci DEFAULT NULL COMMENT '邮箱',
  `status` char(1) COLLATE utf8mb4_general_ci DEFAULT '0' COMMENT '部门状态（0正常 1停用）',
  `del_flag` char(1) COLLATE utf8mb4_general_ci DEFAULT '0' COMMENT '删除标志（0代表存在 2代表删除）',
  `create_by` varchar(64) COLLATE utf8mb4_general_ci DEFAULT '' COMMENT '创建者',
  `create_time` datetime DEFAULT NULL COMMENT '创建时间',
  `update_by` varchar(64) COLLATE utf8mb4_general_ci DEFAULT '' COMMENT '更新者',
  `update_time` datetime DEFAULT NULL COMMENT '更新时间',
  PRIMARY KEY (`dept_id`)
) ENGINE=InnoDB AUTO_INCREMENT=206 DEFAULT CHARSET=utf8mb4 COLLATE=utf8mb4_general_ci COMMENT='部门表';

-- ----------------------------
-- Records of sys_dept
-- ----------------------------
INSERT INTO `sys_dept` VALUES ('100', '0', '0', '社区卫生服务中心', '0', 'LongTau', '15888888888', 'ry@qq.com', '0', '0', 'admin', '2024-04-19 21:41:37', '', null);
INSERT INTO `sys_dept` VALUES ('200', '100', '0,100', '办公室', '0', 'SteveMMMy', null, null, '0', '0', 'admin', '2024-04-20 21:18:21', '', null);
INSERT INTO `sys_dept` VALUES ('201', '100', '0,100', '科室', '1', null, null, null, '0', '0', 'admin', '2024-04-20 21:21:02', '', null);
INSERT INTO `sys_dept` VALUES ('202', '201', '0,100,201', '综合科室', '0', null, null, null, '0', '0', 'admin', '2024-04-20 21:21:13', '', null);
INSERT INTO `sys_dept` VALUES ('203', '201', '0,100,201', '内科', '2', '', '', '', '0', '0', 'admin', '2024-04-20 21:26:11', 'admin', '2024-04-20 21:26:26');
INSERT INTO `sys_dept` VALUES ('204', '201', '0,100,201', '外科', '1', null, null, null, '0', '0', 'admin', '2024-04-20 21:26:21', '', null);

-- ----------------------------
-- Table structure for `sys_dict_data`
-- ----------------------------
DROP TABLE IF EXISTS `sys_dict_data`;
CREATE TABLE `sys_dict_data` (
  `dict_code` bigint NOT NULL AUTO_INCREMENT COMMENT '字典编码',
  `dict_sort` int DEFAULT '0' COMMENT '字典排序',
  `dict_label` varchar(100) COLLATE utf8mb4_general_ci DEFAULT '' COMMENT '字典标签',
  `dict_value` varchar(100) COLLATE utf8mb4_general_ci DEFAULT '' COMMENT '字典键值',
  `dict_type` varchar(100) COLLATE utf8mb4_general_ci DEFAULT '' COMMENT '字典类型',
  `css_class` varchar(100) COLLATE utf8mb4_general_ci DEFAULT NULL COMMENT '样式属性（其他样式扩展）',
  `list_class` varchar(100) COLLATE utf8mb4_general_ci DEFAULT NULL COMMENT '表格回显样式',
  `is_default` char(1) COLLATE utf8mb4_general_ci DEFAULT 'N' COMMENT '是否默认（Y是 N否）',
  `status` char(1) COLLATE utf8mb4_general_ci DEFAULT '0' COMMENT '状态（0正常 1停用）',
  `create_by` varchar(64) COLLATE utf8mb4_general_ci DEFAULT '' COMMENT '创建者',
  `create_time` datetime DEFAULT NULL COMMENT '创建时间',
  `update_by` varchar(64) COLLATE utf8mb4_general_ci DEFAULT '' COMMENT '更新者',
  `update_time` datetime DEFAULT NULL COMMENT '更新时间',
  `remark` varchar(500) COLLATE utf8mb4_general_ci DEFAULT NULL COMMENT '备注',
  PRIMARY KEY (`dict_code`)
) ENGINE=InnoDB AUTO_INCREMENT=139 DEFAULT CHARSET=utf8mb4 COLLATE=utf8mb4_general_ci COMMENT='字典数据表';

-- ----------------------------
-- Records of sys_dict_data
-- ----------------------------
INSERT INTO `sys_dict_data` VALUES ('1', '1', '男', '0', 'sys_user_sex', '', '', 'Y', '0', 'admin', '2024-04-19 21:41:39', '', null, '性别男');
INSERT INTO `sys_dict_data` VALUES ('2', '2', '女', '1', 'sys_user_sex', '', '', 'N', '0', 'admin', '2024-04-19 21:41:39', '', null, '性别女');
INSERT INTO `sys_dict_data` VALUES ('3', '3', '未知', '2', 'sys_user_sex', '', '', 'N', '0', 'admin', '2024-04-19 21:41:39', '', null, '性别未知');
INSERT INTO `sys_dict_data` VALUES ('4', '1', '显示', '0', 'sys_show_hide', '', 'primary', 'Y', '0', 'admin', '2024-04-19 21:41:39', '', null, '显示菜单');
INSERT INTO `sys_dict_data` VALUES ('5', '2', '隐藏', '1', 'sys_show_hide', '', 'danger', 'N', '0', 'admin', '2024-04-19 21:41:39', '', null, '隐藏菜单');
INSERT INTO `sys_dict_data` VALUES ('6', '1', '正常', '0', 'sys_normal_disable', '', 'primary', 'Y', '0', 'admin', '2024-04-19 21:41:39', '', null, '正常状态');
INSERT INTO `sys_dict_data` VALUES ('7', '2', '停用', '1', 'sys_normal_disable', '', 'danger', 'N', '0', 'admin', '2024-04-19 21:41:39', '', null, '停用状态');
INSERT INTO `sys_dict_data` VALUES ('8', '1', '正常', '0', 'sys_job_status', '', 'primary', 'Y', '0', 'admin', '2024-04-19 21:41:39', '', null, '正常状态');
INSERT INTO `sys_dict_data` VALUES ('9', '2', '暂停', '1', 'sys_job_status', '', 'danger', 'N', '0', 'admin', '2024-04-19 21:41:39', '', null, '停用状态');
INSERT INTO `sys_dict_data` VALUES ('10', '1', '默认', 'DEFAULT', 'sys_job_group', '', '', 'Y', '0', 'admin', '2024-04-19 21:41:39', '', null, '默认分组');
INSERT INTO `sys_dict_data` VALUES ('11', '2', '系统', 'SYSTEM', 'sys_job_group', '', '', 'N', '0', 'admin', '2024-04-19 21:41:39', '', null, '系统分组');
INSERT INTO `sys_dict_data` VALUES ('12', '1', '是', 'Y', 'sys_yes_no', '', 'primary', 'Y', '0', 'admin', '2024-04-19 21:41:39', '', null, '系统默认是');
INSERT INTO `sys_dict_data` VALUES ('13', '2', '否', 'N', 'sys_yes_no', '', 'danger', 'N', '0', 'admin', '2024-04-19 21:41:39', '', null, '系统默认否');
INSERT INTO `sys_dict_data` VALUES ('14', '1', '通知', '1', 'sys_notice_type', '', 'warning', 'Y', '0', 'admin', '2024-04-19 21:41:39', '', null, '通知');
INSERT INTO `sys_dict_data` VALUES ('15', '2', '公告', '2', 'sys_notice_type', '', 'success', 'N', '0', 'admin', '2024-04-19 21:41:39', '', null, '公告');
INSERT INTO `sys_dict_data` VALUES ('16', '1', '正常', '0', 'sys_notice_status', '', 'primary', 'Y', '0', 'admin', '2024-04-19 21:41:39', '', null, '正常状态');
INSERT INTO `sys_dict_data` VALUES ('17', '2', '关闭', '1', 'sys_notice_status', '', 'danger', 'N', '0', 'admin', '2024-04-19 21:41:39', '', null, '关闭状态');
INSERT INTO `sys_dict_data` VALUES ('18', '99', '其他', '0', 'sys_oper_type', '', 'info', 'N', '0', 'admin', '2024-04-19 21:41:39', '', null, '其他操作');
INSERT INTO `sys_dict_data` VALUES ('19', '1', '新增', '1', 'sys_oper_type', '', 'info', 'N', '0', 'admin', '2024-04-19 21:41:39', '', null, '新增操作');
INSERT INTO `sys_dict_data` VALUES ('20', '2', '修改', '2', 'sys_oper_type', '', 'info', 'N', '0', 'admin', '2024-04-19 21:41:39', '', null, '修改操作');
INSERT INTO `sys_dict_data` VALUES ('21', '3', '删除', '3', 'sys_oper_type', '', 'danger', 'N', '0', 'admin', '2024-04-19 21:41:39', '', null, '删除操作');
INSERT INTO `sys_dict_data` VALUES ('22', '4', '授权', '4', 'sys_oper_type', '', 'primary', 'N', '0', 'admin', '2024-04-19 21:41:39', '', null, '授权操作');
INSERT INTO `sys_dict_data` VALUES ('23', '5', '导出', '5', 'sys_oper_type', '', 'warning', 'N', '0', 'admin', '2024-04-19 21:41:39', '', null, '导出操作');
INSERT INTO `sys_dict_data` VALUES ('24', '6', '导入', '6', 'sys_oper_type', '', 'warning', 'N', '0', 'admin', '2024-04-19 21:41:39', '', null, '导入操作');
INSERT INTO `sys_dict_data` VALUES ('25', '7', '强退', '7', 'sys_oper_type', '', 'danger', 'N', '0', 'admin', '2024-04-19 21:41:39', '', null, '强退操作');
INSERT INTO `sys_dict_data` VALUES ('26', '8', '生成代码', '8', 'sys_oper_type', '', 'warning', 'N', '0', 'admin', '2024-04-19 21:41:39', '', null, '生成操作');
INSERT INTO `sys_dict_data` VALUES ('27', '9', '清空数据', '9', 'sys_oper_type', '', 'danger', 'N', '0', 'admin', '2024-04-19 21:41:39', '', null, '清空操作');
INSERT INTO `sys_dict_data` VALUES ('28', '1', '成功', '0', 'sys_common_status', '', 'primary', 'N', '0', 'admin', '2024-04-19 21:41:39', '', null, '正常状态');
INSERT INTO `sys_dict_data` VALUES ('29', '2', '失败', '1', 'sys_common_status', '', 'danger', 'N', '0', 'admin', '2024-04-19 21:41:39', '', null, '停用状态');
INSERT INTO `sys_dict_data` VALUES ('100', '1', '上午', '0', 'his_reg_period', null, null, 'Y', '0', 'admin', '2024-05-01 11:24:42', '', null, null);
INSERT INTO `sys_dict_data` VALUES ('101', '2', '下午', '1', 'his_reg_period', '', '', 'N', '0', 'admin', '2024-05-01 11:25:52', 'admin', '2024-05-17 11:23:44', '');
INSERT INTO `sys_dict_data` VALUES ('102', '3', '晚上', '2', 'his_reg_period', '', '', 'N', '0', 'admin', '2024-05-01 11:26:05', 'admin', '2024-05-17 11:23:49', '');
INSERT INTO `sys_dict_data` VALUES ('103', '1', '未缴费', '0', 'his_reg_status', '', 'danger', 'Y', '0', 'admin', '2024-05-01 11:26:32', 'admin', '2024-05-01 11:26:37', '');
INSERT INTO `sys_dict_data` VALUES ('104', '2', '已缴费', '1', 'his_reg_status', null, 'success', 'Y', '0', 'admin', '2024-05-01 11:26:50', '', null, null);
INSERT INTO `sys_dict_data` VALUES ('105', '3', '已完成', '2', 'his_reg_status', null, 'primary', 'Y', '0', 'admin', '2024-05-01 11:27:09', '', null, null);
INSERT INTO `sys_dict_data` VALUES ('106', '1', '片剂', '0', 'drug_dosage_form', null, null, 'Y', '0', 'admin', '2024-05-01 11:29:50', '', null, null);
INSERT INTO `sys_dict_data` VALUES ('107', '2', '胶囊剂', '1', 'drug_dosage_form', null, null, 'Y', '0', 'admin', '2024-05-01 11:30:02', '', null, null);
INSERT INTO `sys_dict_data` VALUES ('108', '3', '口服液', '2', 'drug_dosage_form', null, null, 'Y', '0', 'admin', '2024-05-01 11:30:23', '', null, null);
INSERT INTO `sys_dict_data` VALUES ('109', '4', '散剂', '3', 'drug_dosage_form', null, null, 'Y', '0', 'admin', '2024-05-01 11:32:08', '', null, null);
INSERT INTO `sys_dict_data` VALUES ('110', '5', '栓剂', '4', 'drug_dosage_form', null, null, 'Y', '0', 'admin', '2024-05-01 11:32:35', '', null, null);
INSERT INTO `sys_dict_data` VALUES ('111', '1', 'g', '0', 'drug_unit', null, null, 'Y', '0', 'admin', '2024-05-01 11:33:23', '', null, '克');
INSERT INTO `sys_dict_data` VALUES ('112', '2', 'ml', '1', 'drug_unit', null, null, 'Y', '0', 'admin', '2024-05-01 11:33:49', '', null, '毫升');
INSERT INTO `sys_dict_data` VALUES ('113', '3', '盒', '2', 'drug_unit', null, null, 'Y', '0', 'admin', '2024-05-01 11:34:05', '', null, null);
INSERT INTO `sys_dict_data` VALUES ('114', '4', '瓶', '3', 'drug_unit', null, null, 'Y', '0', 'admin', '2024-05-01 11:34:18', '', null, null);
INSERT INTO `sys_dict_data` VALUES ('115', '1', '未付款', '0', 'doc_purchase_status', null, 'danger', 'Y', '0', 'admin', '2024-05-01 22:39:50', '', null, null);
INSERT INTO `sys_dict_data` VALUES ('116', '2', '已付款', '1', 'doc_purchase_status', '', 'success', 'N', '0', 'admin', '2024-05-01 22:40:05', 'admin', '2024-05-11 18:03:02', '');
INSERT INTO `sys_dict_data` VALUES ('117', '3', '已到货', '2', 'doc_purchase_status', '', 'primary', 'N', '0', 'admin', '2024-05-01 22:40:34', 'admin', '2024-05-11 18:03:05', '');
INSERT INTO `sys_dict_data` VALUES ('118', '6', '干混悬剂', '5', 'drug_dosage_form', null, null, 'Y', '0', 'admin', '2024-05-02 11:06:08', '', null, null);
INSERT INTO `sys_dict_data` VALUES ('119', '7', '颗粒剂', '6', 'drug_dosage_form', null, null, 'Y', '0', 'admin', '2024-05-02 11:06:45', '', null, null);
INSERT INTO `sys_dict_data` VALUES ('120', '1', '待采购', '0', 'doc_plans_status', '', 'warning', 'Y', '0', 'admin', '2024-05-02 11:56:39', 'admin', '2024-05-02 11:56:45', '');
INSERT INTO `sys_dict_data` VALUES ('121', '2', '已采购', '1', 'doc_plans_status', '', 'success', 'N', '0', 'admin', '2024-05-02 11:56:59', 'admin', '2024-05-02 18:00:05', '');
INSERT INTO `sys_dict_data` VALUES ('122', '3', '已作废', '2', 'doc_plans_status', '', 'info', 'N', '0', 'admin', '2024-05-02 11:58:23', 'admin', '2024-05-11 21:31:15', '');
INSERT INTO `sys_dict_data` VALUES ('123', '1', '口服', '0', 'his_drug_usage', null, null, 'Y', '0', 'admin', '2024-05-17 12:35:51', '', null, null);
INSERT INTO `sys_dict_data` VALUES ('124', '2', '外用', '1', 'his_drug_usage', null, null, 'N', '0', 'admin', '2024-05-17 12:36:08', '', null, null);
INSERT INTO `sys_dict_data` VALUES ('125', '1', '一日一次', '0', 'his_drug_freq', null, null, 'Y', '0', 'admin', '2024-05-17 12:38:52', '', null, null);
INSERT INTO `sys_dict_data` VALUES ('126', '2', '一日二次', '1', 'his_drug_freq', null, null, 'N', '0', 'admin', '2024-05-17 12:38:52', '', null, null);
INSERT INTO `sys_dict_data` VALUES ('127', '3', '一日三次', '2', 'his_drug_freq', null, null, 'N', '0', 'admin', '2024-05-17 12:38:52', '', null, null);
INSERT INTO `sys_dict_data` VALUES ('128', '4', '一日四次', '3', 'his_drug_freq', null, null, 'N', '0', 'admin', '2024-05-17 12:38:52', '', null, null);
INSERT INTO `sys_dict_data` VALUES ('129', '5', '两天一次', '4', 'his_drug_freq', null, null, 'N', '0', 'admin', '2024-05-17 12:38:52', '', null, null);
INSERT INTO `sys_dict_data` VALUES ('130', '6', '三天一次', '5', 'his_drug_freq', null, null, 'N', '0', 'admin', '2024-05-17 12:38:52', '', null, null);
INSERT INTO `sys_dict_data` VALUES ('131', '7', '一周一次', '6', 'his_drug_freq', null, null, 'N', '0', 'admin', '2024-05-17 12:38:52', '', null, null);
INSERT INTO `sys_dict_data` VALUES ('132', '8', '隔日一次', '7', 'his_drug_freq', null, null, 'N', '0', 'admin', '2024-05-17 12:38:52', '', null, null);
INSERT INTO `sys_dict_data` VALUES ('133', '1', '否', '0', 'his_drug_self_prep', '', '', 'Y', '0', 'admin', '2024-05-17 12:43:45', 'admin', '2024-05-17 12:44:06', '');
INSERT INTO `sys_dict_data` VALUES ('134', '2', '是', '1', 'his_drug_self_prep', '', '', 'N', '0', 'admin', '2024-05-17 12:43:53', 'admin', '2024-05-17 12:44:03', '');
INSERT INTO `sys_dict_data` VALUES ('135', '1', '普通处方', '0', 'his_prsc_type', null, null, 'Y', '0', 'admin', '2024-05-17 12:52:00', '', null, null);
INSERT INTO `sys_dict_data` VALUES ('136', '1', '未缴费', '0', 'his_prsc_status', '', 'danger', 'Y', '0', 'admin', '2024-05-17 12:53:33', 'admin', '2024-05-17 12:53:39', '');
INSERT INTO `sys_dict_data` VALUES ('137', '2', '已缴费', '1', 'his_prsc_status', '', 'success', 'N', '0', 'admin', '2024-05-17 12:53:53', 'admin', '2024-05-17 12:54:36', '');
INSERT INTO `sys_dict_data` VALUES ('138', '3', '已配药', '2', 'his_prsc_status', '', 'primary', 'N', '0', 'admin', '2024-05-17 12:54:19', 'admin', '2024-05-17 12:54:38', '');

-- ----------------------------
-- Table structure for `sys_dict_type`
-- ----------------------------
DROP TABLE IF EXISTS `sys_dict_type`;
CREATE TABLE `sys_dict_type` (
  `dict_id` bigint NOT NULL AUTO_INCREMENT COMMENT '字典主键',
  `dict_name` varchar(100) COLLATE utf8mb4_general_ci DEFAULT '' COMMENT '字典名称',
  `dict_type` varchar(100) COLLATE utf8mb4_general_ci DEFAULT '' COMMENT '字典类型',
  `status` char(1) COLLATE utf8mb4_general_ci DEFAULT '0' COMMENT '状态（0正常 1停用）',
  `create_by` varchar(64) COLLATE utf8mb4_general_ci DEFAULT '' COMMENT '创建者',
  `create_time` datetime DEFAULT NULL COMMENT '创建时间',
  `update_by` varchar(64) COLLATE utf8mb4_general_ci DEFAULT '' COMMENT '更新者',
  `update_time` datetime DEFAULT NULL COMMENT '更新时间',
  `remark` varchar(500) COLLATE utf8mb4_general_ci DEFAULT NULL COMMENT '备注',
  PRIMARY KEY (`dict_id`),
  UNIQUE KEY `dict_type` (`dict_type`)
) ENGINE=InnoDB AUTO_INCREMENT=112 DEFAULT CHARSET=utf8mb4 COLLATE=utf8mb4_general_ci COMMENT='字典类型表';

-- ----------------------------
-- Records of sys_dict_type
-- ----------------------------
INSERT INTO `sys_dict_type` VALUES ('1', '用户性别', 'sys_user_sex', '0', 'admin', '2024-04-19 21:41:39', '', null, '用户性别列表');
INSERT INTO `sys_dict_type` VALUES ('2', '菜单状态', 'sys_show_hide', '0', 'admin', '2024-04-19 21:41:39', '', null, '菜单状态列表');
INSERT INTO `sys_dict_type` VALUES ('3', '系统开关', 'sys_normal_disable', '0', 'admin', '2024-04-19 21:41:39', '', null, '系统开关列表');
INSERT INTO `sys_dict_type` VALUES ('4', '任务状态', 'sys_job_status', '0', 'admin', '2024-04-19 21:41:39', '', null, '任务状态列表');
INSERT INTO `sys_dict_type` VALUES ('5', '任务分组', 'sys_job_group', '0', 'admin', '2024-04-19 21:41:39', '', null, '任务分组列表');
INSERT INTO `sys_dict_type` VALUES ('6', '系统是否', 'sys_yes_no', '0', 'admin', '2024-04-19 21:41:39', '', null, '系统是否列表');
INSERT INTO `sys_dict_type` VALUES ('7', '通知类型', 'sys_notice_type', '0', 'admin', '2024-04-19 21:41:39', '', null, '通知类型列表');
INSERT INTO `sys_dict_type` VALUES ('8', '通知状态', 'sys_notice_status', '0', 'admin', '2024-04-19 21:41:39', '', null, '通知状态列表');
INSERT INTO `sys_dict_type` VALUES ('9', '操作类型', 'sys_oper_type', '0', 'admin', '2024-04-19 21:41:39', '', null, '操作类型列表');
INSERT INTO `sys_dict_type` VALUES ('10', '系统状态', 'sys_common_status', '0', 'admin', '2024-04-19 21:41:39', '', null, '登录状态列表');
INSERT INTO `sys_dict_type` VALUES ('101', '挂号时段', 'his_reg_period', '0', 'admin', '2024-05-01 11:23:45', '', null, null);
INSERT INTO `sys_dict_type` VALUES ('102', '挂号状态', 'his_reg_status', '0', 'admin', '2024-05-01 11:24:05', '', null, null);
INSERT INTO `sys_dict_type` VALUES ('103', '剂型', 'drug_dosage_form', '0', 'admin', '2024-05-01 11:28:50', '', null, null);
INSERT INTO `sys_dict_type` VALUES ('104', '单位', 'drug_unit', '0', 'admin', '2024-05-01 11:29:22', '', null, null);
INSERT INTO `sys_dict_type` VALUES ('105', '采购单状态', 'doc_purchase_status', '0', 'admin', '2024-05-01 22:36:38', '', null, null);
INSERT INTO `sys_dict_type` VALUES ('106', '采购计划单状态', 'doc_plans_status', '0', 'admin', '2024-05-01 22:37:05', '', null, null);
INSERT INTO `sys_dict_type` VALUES ('107', '用法', 'his_drug_usage', '0', 'admin', '2024-05-17 12:35:31', 'admin', '2024-05-17 12:37:02', '');
INSERT INTO `sys_dict_type` VALUES ('108', '频次', 'his_drug_freq', '0', 'admin', '2024-05-17 12:38:02', '', null, null);
INSERT INTO `sys_dict_type` VALUES ('109', '是否自备', 'his_drug_self_prep', '0', 'admin', '2024-05-17 12:43:27', '', null, null);
INSERT INTO `sys_dict_type` VALUES ('110', '处方类型', 'his_prsc_type', '0', 'admin', '2024-05-17 12:50:47', '', null, null);
INSERT INTO `sys_dict_type` VALUES ('111', '处方状态', 'his_prsc_status', '0', 'admin', '2024-05-17 12:53:04', '', null, null);

-- ----------------------------
-- Table structure for `sys_job`
-- ----------------------------
DROP TABLE IF EXISTS `sys_job`;
CREATE TABLE `sys_job` (
  `job_id` bigint NOT NULL AUTO_INCREMENT COMMENT '任务ID',
  `job_name` varchar(64) COLLATE utf8mb4_general_ci NOT NULL DEFAULT '' COMMENT '任务名称',
  `job_group` varchar(64) COLLATE utf8mb4_general_ci NOT NULL DEFAULT 'DEFAULT' COMMENT '任务组名',
  `invoke_target` varchar(500) COLLATE utf8mb4_general_ci NOT NULL COMMENT '调用目标字符串',
  `cron_expression` varchar(255) COLLATE utf8mb4_general_ci DEFAULT '' COMMENT 'cron执行表达式',
  `misfire_policy` varchar(20) COLLATE utf8mb4_general_ci DEFAULT '3' COMMENT '计划执行错误策略（1立即执行 2执行一次 3放弃执行）',
  `concurrent` char(1) COLLATE utf8mb4_general_ci DEFAULT '1' COMMENT '是否并发执行（0允许 1禁止）',
  `status` char(1) COLLATE utf8mb4_general_ci DEFAULT '0' COMMENT '状态（0正常 1暂停）',
  `create_by` varchar(64) COLLATE utf8mb4_general_ci DEFAULT '' COMMENT '创建者',
  `create_time` datetime DEFAULT NULL COMMENT '创建时间',
  `update_by` varchar(64) COLLATE utf8mb4_general_ci DEFAULT '' COMMENT '更新者',
  `update_time` datetime DEFAULT NULL COMMENT '更新时间',
  `remark` varchar(500) COLLATE utf8mb4_general_ci DEFAULT '' COMMENT '备注信息',
  PRIMARY KEY (`job_id`,`job_name`,`job_group`)
) ENGINE=InnoDB AUTO_INCREMENT=100 DEFAULT CHARSET=utf8mb4 COLLATE=utf8mb4_general_ci COMMENT='定时任务调度表';

-- ----------------------------
-- Records of sys_job
-- ----------------------------
INSERT INTO `sys_job` VALUES ('1', '系统默认（无参）', 'DEFAULT', 'ryTask.ryNoParams', '0/10 * * * * ?', '3', '1', '1', 'admin', '2024-04-19 21:41:40', '', null, '');
INSERT INTO `sys_job` VALUES ('2', '系统默认（有参）', 'DEFAULT', 'ryTask.ryParams(\'ry\')', '0/15 * * * * ?', '3', '1', '1', 'admin', '2024-04-19 21:41:40', '', null, '');
INSERT INTO `sys_job` VALUES ('3', '系统默认（多参）', 'DEFAULT', 'ryTask.ryMultipleParams(\'ry\', true, 2000L, 316.50D, 100)', '0/20 * * * * ?', '3', '1', '1', 'admin', '2024-04-19 21:41:40', '', null, '');

-- ----------------------------
-- Table structure for `sys_job_log`
-- ----------------------------
DROP TABLE IF EXISTS `sys_job_log`;
CREATE TABLE `sys_job_log` (
  `job_log_id` bigint NOT NULL AUTO_INCREMENT COMMENT '任务日志ID',
  `job_name` varchar(64) COLLATE utf8mb4_general_ci NOT NULL COMMENT '任务名称',
  `job_group` varchar(64) COLLATE utf8mb4_general_ci NOT NULL COMMENT '任务组名',
  `invoke_target` varchar(500) COLLATE utf8mb4_general_ci NOT NULL COMMENT '调用目标字符串',
  `job_message` varchar(500) COLLATE utf8mb4_general_ci DEFAULT NULL COMMENT '日志信息',
  `status` char(1) COLLATE utf8mb4_general_ci DEFAULT '0' COMMENT '执行状态（0正常 1失败）',
  `exception_info` varchar(2000) COLLATE utf8mb4_general_ci DEFAULT '' COMMENT '异常信息',
  `create_time` datetime DEFAULT NULL COMMENT '创建时间',
  PRIMARY KEY (`job_log_id`)
) ENGINE=InnoDB DEFAULT CHARSET=utf8mb4 COLLATE=utf8mb4_general_ci COMMENT='定时任务调度日志表';

-- ----------------------------
-- Records of sys_job_log
-- ----------------------------

-- ----------------------------
-- Table structure for `sys_logininfor`
-- ----------------------------
DROP TABLE IF EXISTS `sys_logininfor`;
CREATE TABLE `sys_logininfor` (
  `info_id` bigint NOT NULL AUTO_INCREMENT COMMENT '访问ID',
  `login_name` varchar(50) COLLATE utf8mb4_general_ci DEFAULT '' COMMENT '登录账号',
  `ipaddr` varchar(128) COLLATE utf8mb4_general_ci DEFAULT '' COMMENT '登录IP地址',
  `login_location` varchar(255) COLLATE utf8mb4_general_ci DEFAULT '' COMMENT '登录地点',
  `browser` varchar(50) COLLATE utf8mb4_general_ci DEFAULT '' COMMENT '浏览器类型',
  `os` varchar(50) COLLATE utf8mb4_general_ci DEFAULT '' COMMENT '操作系统',
  `status` char(1) COLLATE utf8mb4_general_ci DEFAULT '0' COMMENT '登录状态（0成功 1失败）',
  `msg` varchar(255) COLLATE utf8mb4_general_ci DEFAULT '' COMMENT '提示消息',
  `login_time` datetime DEFAULT NULL COMMENT '访问时间',
  PRIMARY KEY (`info_id`),
  KEY `idx_sys_logininfor_s` (`status`),
  KEY `idx_sys_logininfor_lt` (`login_time`)
) ENGINE=InnoDB AUTO_INCREMENT=395 DEFAULT CHARSET=utf8mb4 COLLATE=utf8mb4_general_ci COMMENT='系统访问记录';

-- ----------------------------
-- Records of sys_logininfor
-- ----------------------------
INSERT INTO `sys_logininfor` VALUES ('100', 'admin', '127.0.0.1', '内网IP', 'Chrome 12', 'Windows 10', '0', '登录成功', '2024-04-19 22:32:16');
INSERT INTO `sys_logininfor` VALUES ('101', 'admin', '127.0.0.1', '内网IP', 'Chrome 12', 'Windows 10', '0', '登录成功', '2024-04-20 08:40:06');
INSERT INTO `sys_logininfor` VALUES ('102', 'admin', '127.0.0.1', '内网IP', 'Chrome 12', 'Windows 10', '0', '退出成功', '2024-04-20 08:40:09');
INSERT INTO `sys_logininfor` VALUES ('103', 'admin', '127.0.0.1', '内网IP', 'Chrome 12', 'Windows 10', '0', '登录成功', '2024-04-20 08:45:35');
INSERT INTO `sys_logininfor` VALUES ('104', 'admin', '127.0.0.1', '内网IP', 'Chrome 12', 'Windows 10', '0', '登录成功', '2024-04-20 09:07:48');
INSERT INTO `sys_logininfor` VALUES ('105', 'admin', '127.0.0.1', '内网IP', 'Chrome 12', 'Windows 10', '0', '登录成功', '2024-04-20 09:17:06');
INSERT INTO `sys_logininfor` VALUES ('106', 'admin', '127.0.0.1', '内网IP', 'Chrome 12', 'Windows 10', '0', '登录成功', '2024-04-20 10:44:01');
INSERT INTO `sys_logininfor` VALUES ('107', 'admin', '127.0.0.1', '内网IP', 'Chrome 12', 'Windows 10', '0', '登录成功', '2024-04-20 10:49:05');
INSERT INTO `sys_logininfor` VALUES ('108', 'admin', '127.0.0.1', '内网IP', 'Chrome 12', 'Windows 10', '0', '登录成功', '2024-04-20 10:55:30');
INSERT INTO `sys_logininfor` VALUES ('109', 'admin', '127.0.0.1', '内网IP', 'Chrome 12', 'Windows 10', '0', '登录成功', '2024-04-20 11:13:20');
INSERT INTO `sys_logininfor` VALUES ('110', 'admin', '127.0.0.1', '内网IP', 'Chrome 12', 'Windows 10', '0', '登录成功', '2024-04-20 11:23:27');
INSERT INTO `sys_logininfor` VALUES ('111', 'admin', '127.0.0.1', '内网IP', 'Chrome 12', 'Windows 10', '1', '验证码错误', '2024-04-20 11:31:45');
INSERT INTO `sys_logininfor` VALUES ('112', 'admin', '127.0.0.1', '内网IP', 'Chrome 12', 'Windows 10', '0', '登录成功', '2024-04-20 11:31:47');
INSERT INTO `sys_logininfor` VALUES ('113', 'admin', '127.0.0.1', '内网IP', 'Chrome 12', 'Windows 10', '0', '登录成功', '2024-04-20 14:34:43');
INSERT INTO `sys_logininfor` VALUES ('114', 'admin', '127.0.0.1', '内网IP', 'Chrome 12', 'Windows 10', '0', '登录成功', '2024-04-20 14:46:44');
INSERT INTO `sys_logininfor` VALUES ('115', 'admin', '127.0.0.1', '内网IP', 'Chrome 12', 'Windows 10', '1', '验证码错误', '2024-04-20 16:43:36');
INSERT INTO `sys_logininfor` VALUES ('116', 'admin', '127.0.0.1', '内网IP', 'Chrome 12', 'Windows 10', '0', '登录成功', '2024-04-20 16:43:38');
INSERT INTO `sys_logininfor` VALUES ('117', 'admin', '127.0.0.1', '内网IP', 'Chrome 12', 'Windows 10', '0', '登录成功', '2024-04-20 16:50:19');
INSERT INTO `sys_logininfor` VALUES ('118', 'admin', '127.0.0.1', '内网IP', 'Chrome 12', 'Windows 10', '0', '登录成功', '2024-04-20 18:15:32');
INSERT INTO `sys_logininfor` VALUES ('119', 'admin', '127.0.0.1', '内网IP', 'Chrome 12', 'Windows 10', '0', '登录成功', '2024-04-20 19:37:38');
INSERT INTO `sys_logininfor` VALUES ('120', 'admin', '127.0.0.1', '内网IP', 'Chrome 12', 'Windows 10', '0', '登录成功', '2024-04-20 21:32:51');
INSERT INTO `sys_logininfor` VALUES ('121', 'admin', '127.0.0.1', '内网IP', 'Chrome 12', 'Windows 10', '1', '验证码错误', '2024-04-20 22:23:20');
INSERT INTO `sys_logininfor` VALUES ('122', 'admin', '127.0.0.1', '内网IP', 'Chrome 12', 'Windows 10', '0', '登录成功', '2024-04-20 22:23:22');
INSERT INTO `sys_logininfor` VALUES ('123', 'admin', '127.0.0.1', '内网IP', 'Chrome 12', 'Windows 10', '0', '登录成功', '2024-04-20 22:28:41');
INSERT INTO `sys_logininfor` VALUES ('124', 'admin', '127.0.0.1', '内网IP', 'Chrome 12', 'Windows 10', '0', '登录成功', '2024-04-20 22:39:28');
INSERT INTO `sys_logininfor` VALUES ('125', 'admin', '127.0.0.1', '内网IP', 'Chrome 12', 'Windows 10', '1', '验证码错误', '2024-04-21 13:49:37');
INSERT INTO `sys_logininfor` VALUES ('126', 'admin', '127.0.0.1', '内网IP', 'Chrome 12', 'Windows 10', '0', '登录成功', '2024-04-21 13:49:39');
INSERT INTO `sys_logininfor` VALUES ('127', 'admin', '127.0.0.1', '内网IP', 'Chrome 12', 'Windows 10', '0', '登录成功', '2024-04-21 14:45:25');
INSERT INTO `sys_logininfor` VALUES ('128', 'admin', '127.0.0.1', '内网IP', 'Chrome 12', 'Windows 10', '0', '登录成功', '2024-04-21 15:20:21');
INSERT INTO `sys_logininfor` VALUES ('129', 'admin', '127.0.0.1', '内网IP', 'Chrome 12', 'Windows 10', '0', '登录成功', '2024-04-21 16:48:08');
INSERT INTO `sys_logininfor` VALUES ('130', 'admin', '127.0.0.1', '内网IP', 'Chrome 12', 'Windows 10', '0', '登录成功', '2024-04-21 17:52:57');
INSERT INTO `sys_logininfor` VALUES ('131', 'admin', '127.0.0.1', '内网IP', 'Chrome 12', 'Windows 10', '0', '登录成功', '2024-04-21 17:53:16');
INSERT INTO `sys_logininfor` VALUES ('132', 'admin', '127.0.0.1', '内网IP', 'Chrome 12', 'Windows 10', '0', '登录成功', '2024-04-21 17:59:48');
INSERT INTO `sys_logininfor` VALUES ('133', 'admin', '127.0.0.1', '内网IP', 'Chrome 12', 'Windows 10', '0', '登录成功', '2024-04-21 18:07:55');
INSERT INTO `sys_logininfor` VALUES ('134', 'admin', '127.0.0.1', '内网IP', 'Chrome 12', 'Windows 10', '0', '登录成功', '2024-04-21 18:09:57');
INSERT INTO `sys_logininfor` VALUES ('135', 'admin', '127.0.0.1', '内网IP', 'Chrome 12', 'Windows 10', '0', '登录成功', '2024-04-21 18:55:41');
INSERT INTO `sys_logininfor` VALUES ('136', 'admin', '127.0.0.1', '内网IP', 'Chrome 12', 'Windows 10', '0', '登录成功', '2024-04-22 12:35:28');
INSERT INTO `sys_logininfor` VALUES ('137', 'admin', '127.0.0.1', '内网IP', 'Chrome 12', 'Windows 10', '0', '登录成功', '2024-04-22 13:19:52');
INSERT INTO `sys_logininfor` VALUES ('138', 'admin', '127.0.0.1', '内网IP', 'Chrome 12', 'Windows 10', '0', '登录成功', '2024-04-22 16:48:40');
INSERT INTO `sys_logininfor` VALUES ('139', 'admin', '127.0.0.1', '内网IP', 'Chrome 12', 'Windows 10', '0', '登录成功', '2024-04-22 17:11:57');
INSERT INTO `sys_logininfor` VALUES ('140', 'admin', '127.0.0.1', '内网IP', 'Chrome 12', 'Windows 10', '0', '登录成功', '2024-04-22 17:22:50');
INSERT INTO `sys_logininfor` VALUES ('141', 'admin', '127.0.0.1', '内网IP', 'Chrome 12', 'Windows 10', '0', '登录成功', '2024-04-24 08:37:22');
INSERT INTO `sys_logininfor` VALUES ('142', 'admin', '127.0.0.1', '内网IP', 'Chrome 12', 'Windows 10', '0', '登录成功', '2024-04-24 08:43:25');
INSERT INTO `sys_logininfor` VALUES ('143', 'admin', '127.0.0.1', '内网IP', 'Chrome 12', 'Windows 10', '0', '登录成功', '2024-04-24 08:59:36');
INSERT INTO `sys_logininfor` VALUES ('144', 'admin', '127.0.0.1', '内网IP', 'Chrome 12', 'Windows 10', '0', '登录成功', '2024-04-24 09:01:23');
INSERT INTO `sys_logininfor` VALUES ('145', 'admin', '127.0.0.1', '内网IP', 'Chrome 12', 'Windows 10', '0', '登录成功', '2024-04-24 11:24:03');
INSERT INTO `sys_logininfor` VALUES ('146', 'admin', '127.0.0.1', '内网IP', 'Chrome 12', 'Windows 10', '0', '登录成功', '2024-04-24 11:37:37');
INSERT INTO `sys_logininfor` VALUES ('147', 'admin', '127.0.0.1', '内网IP', 'Chrome 12', 'Windows 10', '0', '登录成功', '2024-04-24 11:46:13');
INSERT INTO `sys_logininfor` VALUES ('148', 'admin', '127.0.0.1', '内网IP', 'Chrome 12', 'Windows 10', '0', '登录成功', '2024-04-24 11:49:05');
INSERT INTO `sys_logininfor` VALUES ('149', 'admin', '127.0.0.1', '内网IP', 'Chrome 12', 'Windows 10', '0', '登录成功', '2024-04-24 11:54:01');
INSERT INTO `sys_logininfor` VALUES ('150', 'admin', '127.0.0.1', '内网IP', 'Chrome 12', 'Windows 10', '1', '验证码错误', '2024-04-24 14:45:20');
INSERT INTO `sys_logininfor` VALUES ('151', 'admin', '127.0.0.1', '内网IP', 'Chrome 12', 'Windows 10', '0', '登录成功', '2024-04-24 14:45:22');
INSERT INTO `sys_logininfor` VALUES ('152', 'admin', '127.0.0.1', '内网IP', 'Chrome 12', 'Windows 10', '0', '登录成功', '2024-04-25 22:08:51');
INSERT INTO `sys_logininfor` VALUES ('153', 'admin', '127.0.0.1', '内网IP', 'Chrome 12', 'Windows 10', '0', '登录成功', '2024-04-26 10:21:13');
INSERT INTO `sys_logininfor` VALUES ('154', 'admin', '127.0.0.1', '内网IP', 'Chrome 12', 'Windows 10', '0', '登录成功', '2024-04-26 10:29:22');
INSERT INTO `sys_logininfor` VALUES ('155', 'admin', '127.0.0.1', '内网IP', 'Chrome 12', 'Windows 10', '0', '登录成功', '2024-04-26 10:49:50');
INSERT INTO `sys_logininfor` VALUES ('156', 'admin', '127.0.0.1', '内网IP', 'Chrome 12', 'Windows 10', '0', '登录成功', '2024-04-26 10:53:00');
INSERT INTO `sys_logininfor` VALUES ('157', 'admin', '127.0.0.1', '内网IP', 'Chrome 12', 'Windows 10', '0', '登录成功', '2024-04-26 10:56:10');
INSERT INTO `sys_logininfor` VALUES ('158', 'admin', '127.0.0.1', '内网IP', 'Chrome 12', 'Windows 10', '0', '登录成功', '2024-04-26 11:38:32');
INSERT INTO `sys_logininfor` VALUES ('159', 'admin', '127.0.0.1', '内网IP', 'Chrome 12', 'Windows 10', '0', '登录成功', '2024-04-26 16:52:40');
INSERT INTO `sys_logininfor` VALUES ('160', 'admin', '127.0.0.1', '内网IP', 'Chrome 12', 'Windows 10', '0', '登录成功', '2024-04-26 17:03:04');
INSERT INTO `sys_logininfor` VALUES ('161', 'admin', '127.0.0.1', '内网IP', 'Chrome 12', 'Windows 10', '0', '登录成功', '2024-04-26 17:40:38');
INSERT INTO `sys_logininfor` VALUES ('162', 'admin', '127.0.0.1', '内网IP', 'Chrome 12', 'Windows 10', '0', '登录成功', '2024-04-26 17:44:29');
INSERT INTO `sys_logininfor` VALUES ('163', 'admin', '127.0.0.1', '内网IP', 'Chrome 12', 'Windows 10', '1', '验证码错误', '2024-04-26 17:47:25');
INSERT INTO `sys_logininfor` VALUES ('164', 'admin', '127.0.0.1', '内网IP', 'Chrome 12', 'Windows 10', '1', '验证码错误', '2024-04-26 17:47:28');
INSERT INTO `sys_logininfor` VALUES ('165', 'admin', '127.0.0.1', '内网IP', 'Chrome 12', 'Windows 10', '0', '登录成功', '2024-04-26 17:47:29');
INSERT INTO `sys_logininfor` VALUES ('166', 'admin', '127.0.0.1', '内网IP', 'Chrome 12', 'Windows 10', '0', '登录成功', '2024-04-26 17:48:06');
INSERT INTO `sys_logininfor` VALUES ('167', 'admin', '127.0.0.1', '内网IP', 'Chrome 12', 'Windows 10', '0', '登录成功', '2024-04-26 19:46:22');
INSERT INTO `sys_logininfor` VALUES ('168', 'admin', '127.0.0.1', '内网IP', 'Chrome 12', 'Windows 10', '0', '登录成功', '2024-04-27 08:24:00');
INSERT INTO `sys_logininfor` VALUES ('169', 'admin', '127.0.0.1', '内网IP', 'Chrome 12', 'Windows 10', '0', '登录成功', '2024-04-27 09:07:47');
INSERT INTO `sys_logininfor` VALUES ('170', 'admin', '127.0.0.1', '内网IP', 'Chrome 12', 'Windows 10', '0', '登录成功', '2024-04-27 09:10:46');
INSERT INTO `sys_logininfor` VALUES ('171', 'admin', '127.0.0.1', '内网IP', 'Chrome 12', 'Windows 10', '0', '登录成功', '2024-04-27 09:31:44');
INSERT INTO `sys_logininfor` VALUES ('172', 'admin', '127.0.0.1', '内网IP', 'Chrome 12', 'Windows 10', '0', '登录成功', '2024-04-27 09:32:20');
INSERT INTO `sys_logininfor` VALUES ('173', 'admin', '127.0.0.1', '内网IP', 'Chrome 12', 'Windows 10', '0', '登录成功', '2024-04-27 09:40:13');
INSERT INTO `sys_logininfor` VALUES ('174', 'admin', '127.0.0.1', '内网IP', 'Chrome 12', 'Windows 10', '0', '登录成功', '2024-04-27 10:27:12');
INSERT INTO `sys_logininfor` VALUES ('175', 'admin', '127.0.0.1', '内网IP', 'Chrome 12', 'Windows 10', '0', '登录成功', '2024-05-01 10:32:20');
INSERT INTO `sys_logininfor` VALUES ('176', 'admin', '127.0.0.1', '内网IP', 'Chrome 12', 'Windows 10', '0', '登录成功', '2024-05-01 10:55:24');
INSERT INTO `sys_logininfor` VALUES ('177', 'admin', '127.0.0.1', '内网IP', 'Chrome 12', 'Windows 10', '0', '登录成功', '2024-05-01 11:08:18');
INSERT INTO `sys_logininfor` VALUES ('178', 'admin', '127.0.0.1', '内网IP', 'Chrome 12', 'Windows 10', '0', '登录成功', '2024-05-01 11:41:42');
INSERT INTO `sys_logininfor` VALUES ('179', 'admin', '127.0.0.1', '内网IP', 'Chrome 12', 'Windows 10', '0', '登录成功', '2024-05-01 11:54:13');
INSERT INTO `sys_logininfor` VALUES ('180', 'admin', '127.0.0.1', '内网IP', 'Chrome 12', 'Windows 10', '0', '登录成功', '2024-05-01 11:57:40');
INSERT INTO `sys_logininfor` VALUES ('181', 'admin', '127.0.0.1', '内网IP', 'Chrome 12', 'Windows 10', '0', '登录成功', '2024-05-01 12:10:04');
INSERT INTO `sys_logininfor` VALUES ('182', 'admin', '127.0.0.1', '内网IP', 'Chrome 12', 'Windows 10', '0', '登录成功', '2024-05-01 16:51:33');
INSERT INTO `sys_logininfor` VALUES ('183', 'admin', '127.0.0.1', '内网IP', 'Chrome 12', 'Windows 10', '0', '登录成功', '2024-05-01 17:03:46');
INSERT INTO `sys_logininfor` VALUES ('184', 'admin', '127.0.0.1', '内网IP', 'Chrome 12', 'Windows 10', '0', '登录成功', '2024-05-01 18:00:28');
INSERT INTO `sys_logininfor` VALUES ('185', 'admin', '127.0.0.1', '内网IP', 'Chrome 12', 'Windows 10', '0', '登录成功', '2024-05-01 22:10:34');
INSERT INTO `sys_logininfor` VALUES ('186', 'admin', '127.0.0.1', '内网IP', 'Chrome 12', 'Windows 10', '0', '登录成功', '2024-05-01 23:10:14');
INSERT INTO `sys_logininfor` VALUES ('187', 'admin', '127.0.0.1', '内网IP', 'Chrome 12', 'Windows 10', '0', '登录成功', '2024-05-02 11:02:03');
INSERT INTO `sys_logininfor` VALUES ('188', 'admin', '127.0.0.1', '内网IP', 'Chrome 12', 'Windows 10', '0', '登录成功', '2024-05-02 17:27:27');
INSERT INTO `sys_logininfor` VALUES ('189', 'admin', '127.0.0.1', '内网IP', 'Chrome 12', 'Windows 10', '0', '登录成功', '2024-05-02 20:41:26');
INSERT INTO `sys_logininfor` VALUES ('190', 'admin', '127.0.0.1', '内网IP', 'Chrome 12', 'Windows 10', '0', '登录成功', '2024-05-02 21:44:53');
INSERT INTO `sys_logininfor` VALUES ('191', 'admin', '127.0.0.1', '内网IP', 'Chrome 12', 'Windows 10', '0', '登录成功', '2024-05-03 10:14:20');
INSERT INTO `sys_logininfor` VALUES ('192', 'admin', '127.0.0.1', '内网IP', 'Chrome 12', 'Windows 10', '0', '登录成功', '2024-05-03 12:02:14');
INSERT INTO `sys_logininfor` VALUES ('193', 'admin', '127.0.0.1', '内网IP', 'Chrome 12', 'Windows 10', '0', '登录成功', '2024-05-03 14:34:38');
INSERT INTO `sys_logininfor` VALUES ('194', 'admin', '127.0.0.1', '内网IP', 'Chrome 12', 'Windows 10', '0', '登录成功', '2024-05-03 16:58:56');
INSERT INTO `sys_logininfor` VALUES ('195', 'admin', '127.0.0.1', '内网IP', 'Chrome 12', 'Windows 10', '0', '登录成功', '2024-05-03 18:26:45');
INSERT INTO `sys_logininfor` VALUES ('196', 'admin', '127.0.0.1', '内网IP', 'Chrome 12', 'Windows 10', '0', '登录成功', '2024-05-03 22:37:25');
INSERT INTO `sys_logininfor` VALUES ('197', 'admin', '127.0.0.1', '内网IP', 'Chrome 12', 'Windows 10', '1', '验证码错误', '2024-05-03 23:08:12');
INSERT INTO `sys_logininfor` VALUES ('198', 'admin', '127.0.0.1', '内网IP', 'Chrome 12', 'Windows 10', '0', '登录成功', '2024-05-03 23:08:15');
INSERT INTO `sys_logininfor` VALUES ('199', 'admin', '127.0.0.1', '内网IP', 'Chrome 12', 'Windows 10', '0', '登录成功', '2024-05-04 15:55:08');
INSERT INTO `sys_logininfor` VALUES ('200', 'admin', '127.0.0.1', '内网IP', 'Chrome 12', 'Windows 10', '0', '登录成功', '2024-05-04 17:31:40');
INSERT INTO `sys_logininfor` VALUES ('201', 'admin', '127.0.0.1', '内网IP', 'Chrome 12', 'Windows 10', '0', '登录成功', '2024-05-04 17:58:03');
INSERT INTO `sys_logininfor` VALUES ('202', 'admin', '127.0.0.1', '内网IP', 'Chrome 12', 'Windows 10', '0', '登录成功', '2024-05-04 19:49:17');
INSERT INTO `sys_logininfor` VALUES ('203', 'admin', '127.0.0.1', '内网IP', 'Chrome 12', 'Windows 10', '1', '验证码错误', '2024-05-04 22:22:57');
INSERT INTO `sys_logininfor` VALUES ('204', 'admin', '127.0.0.1', '内网IP', 'Chrome 12', 'Windows 10', '0', '登录成功', '2024-05-04 22:22:59');
INSERT INTO `sys_logininfor` VALUES ('205', 'admin', '127.0.0.1', '内网IP', 'Chrome 12', 'Windows 10', '0', '登录成功', '2024-05-06 16:27:08');
INSERT INTO `sys_logininfor` VALUES ('206', 'admin', '127.0.0.1', '内网IP', 'Chrome 12', 'Windows 10', '0', '登录成功', '2024-05-06 19:12:46');
INSERT INTO `sys_logininfor` VALUES ('207', 'admin', '127.0.0.1', '内网IP', 'Chrome 12', 'Windows 10', '0', '登录成功', '2024-05-06 19:49:09');
INSERT INTO `sys_logininfor` VALUES ('208', 'admin', '127.0.0.1', '内网IP', 'Chrome 12', 'Windows 10', '1', '验证码错误', '2024-05-06 20:13:51');
INSERT INTO `sys_logininfor` VALUES ('209', 'admin', '127.0.0.1', '内网IP', 'Chrome 12', 'Windows 10', '0', '登录成功', '2024-05-06 20:13:54');
INSERT INTO `sys_logininfor` VALUES ('210', 'admin', '127.0.0.1', '内网IP', 'Chrome 12', 'Windows 10', '0', '登录成功', '2024-05-07 19:42:57');
INSERT INTO `sys_logininfor` VALUES ('211', 'admin', '127.0.0.1', '内网IP', 'Chrome 12', 'Windows 10', '0', '退出成功', '2024-05-07 20:06:48');
INSERT INTO `sys_logininfor` VALUES ('212', 'admin', '127.0.0.1', '内网IP', 'Chrome 12', 'Windows 10', '0', '登录成功', '2024-05-07 20:06:53');
INSERT INTO `sys_logininfor` VALUES ('213', 'admin', '127.0.0.1', '内网IP', 'Chrome 12', 'Windows 10', '0', '登录成功', '2024-05-07 22:26:36');
INSERT INTO `sys_logininfor` VALUES ('214', 'admin', '127.0.0.1', '内网IP', 'Chrome 12', 'Windows 10', '1', '验证码错误', '2024-05-07 22:41:49');
INSERT INTO `sys_logininfor` VALUES ('215', 'admin', '127.0.0.1', '内网IP', 'Chrome 12', 'Windows 10', '1', '验证码错误', '2024-05-07 22:41:51');
INSERT INTO `sys_logininfor` VALUES ('216', 'admin', '127.0.0.1', '内网IP', 'Chrome 12', 'Windows 10', '0', '登录成功', '2024-05-07 22:41:54');
INSERT INTO `sys_logininfor` VALUES ('217', 'admin', '127.0.0.1', '内网IP', 'Chrome 12', 'Windows 10', '0', '登录成功', '2024-05-07 23:17:21');
INSERT INTO `sys_logininfor` VALUES ('218', 'admin', '127.0.0.1', '内网IP', 'Chrome 12', 'Windows 10', '0', '登录成功', '2024-05-08 16:16:43');
INSERT INTO `sys_logininfor` VALUES ('219', 'admin', '127.0.0.1', '内网IP', 'Chrome 12', 'Windows 10', '0', '登录成功', '2024-05-08 17:25:14');
INSERT INTO `sys_logininfor` VALUES ('220', 'admin', '127.0.0.1', '内网IP', 'Chrome 12', 'Windows 10', '0', '登录成功', '2024-05-08 21:40:21');
INSERT INTO `sys_logininfor` VALUES ('221', 'admin', '127.0.0.1', '内网IP', 'Chrome 12', 'Windows 10', '0', '登录成功', '2024-05-09 10:21:24');
INSERT INTO `sys_logininfor` VALUES ('222', 'admin', '127.0.0.1', '内网IP', 'Chrome 12', 'Windows 10', '1', '验证码错误', '2024-05-09 14:36:20');
INSERT INTO `sys_logininfor` VALUES ('223', 'admin', '127.0.0.1', '内网IP', 'Chrome 12', 'Windows 10', '0', '登录成功', '2024-05-09 14:36:22');
INSERT INTO `sys_logininfor` VALUES ('224', 'admin', '127.0.0.1', '内网IP', 'Chrome 12', 'Windows 10', '0', '登录成功', '2024-05-09 16:25:31');
INSERT INTO `sys_logininfor` VALUES ('225', 'admin', '127.0.0.1', '内网IP', 'Chrome 12', 'Windows 10', '0', '登录成功', '2024-05-09 17:48:44');
INSERT INTO `sys_logininfor` VALUES ('226', 'admin', '127.0.0.1', '内网IP', 'Chrome 12', 'Windows 10', '0', '登录成功', '2024-05-09 17:52:04');
INSERT INTO `sys_logininfor` VALUES ('227', 'admin', '127.0.0.1', '内网IP', 'Chrome 12', 'Windows 10', '0', '登录成功', '2024-05-09 19:37:35');
INSERT INTO `sys_logininfor` VALUES ('228', 'admin', '127.0.0.1', '内网IP', 'Chrome 12', 'Windows 10', '0', '登录成功', '2024-05-09 20:34:22');
INSERT INTO `sys_logininfor` VALUES ('229', 'admin', '127.0.0.1', '内网IP', 'Chrome 12', 'Windows 10', '0', '登录成功', '2024-05-09 20:35:36');
INSERT INTO `sys_logininfor` VALUES ('230', 'admin', '127.0.0.1', '内网IP', 'Chrome 12', 'Windows 10', '0', '登录成功', '2024-05-09 21:35:42');
INSERT INTO `sys_logininfor` VALUES ('231', 'admin', '127.0.0.1', '内网IP', 'Chrome 12', 'Windows 10', '0', '登录成功', '2024-05-09 21:36:43');
INSERT INTO `sys_logininfor` VALUES ('232', 'admin', '127.0.0.1', '内网IP', 'Chrome 12', 'Windows 10', '0', '登录成功', '2024-05-10 09:42:08');
INSERT INTO `sys_logininfor` VALUES ('233', 'admin', '127.0.0.1', '内网IP', 'Chrome 12', 'Windows 10', '0', '登录成功', '2024-05-10 11:25:08');
INSERT INTO `sys_logininfor` VALUES ('234', 'admin', '127.0.0.1', '内网IP', 'Chrome 12', 'Windows 10', '0', '登录成功', '2024-05-10 11:30:43');
INSERT INTO `sys_logininfor` VALUES ('235', 'admin', '127.0.0.1', '内网IP', 'Chrome 12', 'Windows 10', '0', '登录成功', '2024-05-10 11:58:47');
INSERT INTO `sys_logininfor` VALUES ('236', 'admin', '127.0.0.1', '内网IP', 'Chrome 12', 'Windows 10', '0', '登录成功', '2024-05-10 12:11:40');
INSERT INTO `sys_logininfor` VALUES ('237', 'admin', '127.0.0.1', '内网IP', 'Chrome 12', 'Windows 10', '0', '登录成功', '2024-05-10 12:16:26');
INSERT INTO `sys_logininfor` VALUES ('238', 'admin', '127.0.0.1', '内网IP', 'Chrome 12', 'Windows 10', '0', '登录成功', '2024-05-10 13:22:55');
INSERT INTO `sys_logininfor` VALUES ('239', 'admin', '127.0.0.1', '内网IP', 'Chrome 12', 'Windows 10', '0', '登录成功', '2024-05-10 13:34:46');
INSERT INTO `sys_logininfor` VALUES ('240', 'admin', '127.0.0.1', '内网IP', 'Chrome 12', 'Windows 10', '0', '登录成功', '2024-05-11 17:29:11');
INSERT INTO `sys_logininfor` VALUES ('241', 'admin', '127.0.0.1', '内网IP', 'Chrome 12', 'Windows 10', '1', '验证码错误', '2024-05-11 18:26:31');
INSERT INTO `sys_logininfor` VALUES ('242', 'admin', '127.0.0.1', '内网IP', 'Chrome 12', 'Windows 10', '0', '登录成功', '2024-05-11 18:26:34');
INSERT INTO `sys_logininfor` VALUES ('243', 'admin', '127.0.0.1', '内网IP', 'Chrome 12', 'Windows 10', '0', '登录成功', '2024-05-11 20:07:49');
INSERT INTO `sys_logininfor` VALUES ('244', 'admin', '127.0.0.1', '内网IP', 'Chrome 12', 'Windows 10', '1', '验证码错误', '2024-05-11 21:00:20');
INSERT INTO `sys_logininfor` VALUES ('245', 'admin', '127.0.0.1', '内网IP', 'Chrome 12', 'Windows 10', '0', '登录成功', '2024-05-11 21:00:22');
INSERT INTO `sys_logininfor` VALUES ('246', 'admin', '127.0.0.1', '内网IP', 'Chrome 12', 'Windows 10', '1', '验证码错误', '2024-05-11 21:11:33');
INSERT INTO `sys_logininfor` VALUES ('247', 'admin', '127.0.0.1', '内网IP', 'Chrome 12', 'Windows 10', '0', '登录成功', '2024-05-11 21:11:35');
INSERT INTO `sys_logininfor` VALUES ('248', 'admin', '127.0.0.1', '内网IP', 'Chrome 12', 'Windows 10', '0', '登录成功', '2024-05-12 09:57:37');
INSERT INTO `sys_logininfor` VALUES ('249', 'admin', '127.0.0.1', '内网IP', 'Chrome 12', 'Windows 10', '0', '登录成功', '2024-05-12 11:04:07');
INSERT INTO `sys_logininfor` VALUES ('250', 'admin', '127.0.0.1', '内网IP', 'Chrome 12', 'Windows 10', '0', '登录成功', '2024-05-12 12:13:41');
INSERT INTO `sys_logininfor` VALUES ('251', 'admin', '127.0.0.1', '内网IP', 'Chrome 12', 'Windows 10', '0', '登录成功', '2024-05-12 13:15:40');
INSERT INTO `sys_logininfor` VALUES ('252', 'admin', '127.0.0.1', '内网IP', 'Chrome 12', 'Windows 10', '1', '验证码错误', '2024-05-12 14:36:06');
INSERT INTO `sys_logininfor` VALUES ('253', 'admin', '127.0.0.1', '内网IP', 'Chrome 12', 'Windows 10', '0', '登录成功', '2024-05-12 14:36:08');
INSERT INTO `sys_logininfor` VALUES ('254', 'admin', '127.0.0.1', '内网IP', 'Chrome 12', 'Windows 10', '0', '登录成功', '2024-05-12 15:01:13');
INSERT INTO `sys_logininfor` VALUES ('255', 'admin', '127.0.0.1', '内网IP', 'Chrome 12', 'Windows 10', '0', '登录成功', '2024-05-12 15:04:17');
INSERT INTO `sys_logininfor` VALUES ('256', 'admin', '127.0.0.1', '内网IP', 'Chrome 12', 'Windows 10', '0', '登录成功', '2024-05-12 15:08:49');
INSERT INTO `sys_logininfor` VALUES ('257', 'admin', '127.0.0.1', '内网IP', 'Chrome 12', 'Windows 10', '0', '登录成功', '2024-05-12 15:16:18');
INSERT INTO `sys_logininfor` VALUES ('258', 'admin', '127.0.0.1', '内网IP', 'Chrome 12', 'Windows 10', '0', '登录成功', '2024-05-12 15:18:11');
INSERT INTO `sys_logininfor` VALUES ('259', 'admin', '127.0.0.1', '内网IP', 'Chrome 12', 'Windows 10', '1', '验证码错误', '2024-05-12 15:57:48');
INSERT INTO `sys_logininfor` VALUES ('260', 'admin', '127.0.0.1', '内网IP', 'Chrome 12', 'Windows 10', '0', '登录成功', '2024-05-12 15:57:50');
INSERT INTO `sys_logininfor` VALUES ('261', 'admin', '127.0.0.1', '内网IP', 'Chrome 12', 'Windows 10', '0', '登录成功', '2024-05-12 16:01:15');
INSERT INTO `sys_logininfor` VALUES ('262', 'admin', '127.0.0.1', '内网IP', 'Chrome 12', 'Windows 10', '0', '登录成功', '2024-05-12 16:08:40');
INSERT INTO `sys_logininfor` VALUES ('263', 'admin', '127.0.0.1', '内网IP', 'Chrome 12', 'Windows 10', '0', '登录成功', '2024-05-12 17:55:09');
INSERT INTO `sys_logininfor` VALUES ('264', 'admin', '127.0.0.1', '内网IP', 'Chrome 12', 'Windows 10', '0', '登录成功', '2024-05-12 17:58:34');
INSERT INTO `sys_logininfor` VALUES ('265', 'admin', '127.0.0.1', '内网IP', 'Chrome 12', 'Windows 10', '0', '登录成功', '2024-05-12 17:59:28');
INSERT INTO `sys_logininfor` VALUES ('266', 'admin', '127.0.0.1', '内网IP', 'Chrome 12', 'Windows 10', '1', '验证码错误', '2024-05-12 18:15:50');
INSERT INTO `sys_logininfor` VALUES ('267', 'admin', '127.0.0.1', '内网IP', 'Chrome 12', 'Windows 10', '0', '登录成功', '2024-05-12 18:15:52');
INSERT INTO `sys_logininfor` VALUES ('268', 'admin', '127.0.0.1', '内网IP', 'Chrome 12', 'Windows 10', '0', '登录成功', '2024-05-12 18:17:25');
INSERT INTO `sys_logininfor` VALUES ('269', 'admin', '127.0.0.1', '内网IP', 'Chrome 12', 'Windows 10', '0', '登录成功', '2024-05-12 19:11:34');
INSERT INTO `sys_logininfor` VALUES ('270', 'admin', '127.0.0.1', '内网IP', 'Chrome 12', 'Windows 10', '0', '登录成功', '2024-05-12 19:37:33');
INSERT INTO `sys_logininfor` VALUES ('271', 'admin', '127.0.0.1', '内网IP', 'Chrome 12', 'Windows 10', '0', '登录成功', '2024-05-12 19:48:25');
INSERT INTO `sys_logininfor` VALUES ('272', 'admin', '127.0.0.1', '内网IP', 'Chrome 12', 'Windows 10', '1', '验证码错误', '2024-05-12 20:00:23');
INSERT INTO `sys_logininfor` VALUES ('273', 'admin', '127.0.0.1', '内网IP', 'Chrome 12', 'Windows 10', '0', '登录成功', '2024-05-12 20:00:25');
INSERT INTO `sys_logininfor` VALUES ('274', 'admin', '127.0.0.1', '内网IP', 'Chrome 12', 'Windows 10', '0', '登录成功', '2024-05-12 20:31:44');
INSERT INTO `sys_logininfor` VALUES ('275', 'admin', '127.0.0.1', '内网IP', 'Chrome 12', 'Windows 10', '0', '登录成功', '2024-05-12 20:40:22');
INSERT INTO `sys_logininfor` VALUES ('276', 'admin', '127.0.0.1', '内网IP', 'Chrome 12', 'Windows 10', '1', '验证码错误', '2024-05-12 20:50:47');
INSERT INTO `sys_logininfor` VALUES ('277', 'admin', '127.0.0.1', '内网IP', 'Chrome 12', 'Windows 10', '0', '登录成功', '2024-05-12 20:50:49');
INSERT INTO `sys_logininfor` VALUES ('278', 'admin', '127.0.0.1', '内网IP', 'Chrome 12', 'Windows 10', '1', '验证码错误', '2024-05-12 20:52:35');
INSERT INTO `sys_logininfor` VALUES ('279', 'admin', '127.0.0.1', '内网IP', 'Chrome 12', 'Windows 10', '0', '登录成功', '2024-05-12 20:52:37');
INSERT INTO `sys_logininfor` VALUES ('280', 'admin', '127.0.0.1', '内网IP', 'Chrome 12', 'Windows 10', '1', '验证码错误', '2024-05-12 20:56:06');
INSERT INTO `sys_logininfor` VALUES ('281', 'admin', '127.0.0.1', '内网IP', 'Chrome 12', 'Windows 10', '0', '登录成功', '2024-05-12 20:56:08');
INSERT INTO `sys_logininfor` VALUES ('282', 'admin', '127.0.0.1', '内网IP', 'Chrome 12', 'Windows 10', '0', '登录成功', '2024-05-12 21:24:52');
INSERT INTO `sys_logininfor` VALUES ('283', 'admin', '127.0.0.1', '内网IP', 'Chrome 12', 'Windows 10', '0', '登录成功', '2024-05-12 21:57:04');
INSERT INTO `sys_logininfor` VALUES ('284', 'admin', '127.0.0.1', '内网IP', 'Chrome 12', 'Windows 10', '0', '登录成功', '2024-05-13 21:37:08');
INSERT INTO `sys_logininfor` VALUES ('285', 'admin', '127.0.0.1', '内网IP', 'Chrome 12', 'Windows 10', '0', '登录成功', '2024-05-13 21:40:03');
INSERT INTO `sys_logininfor` VALUES ('286', 'admin', '127.0.0.1', '内网IP', 'Chrome 12', 'Windows 10', '0', '登录成功', '2024-05-13 23:29:55');
INSERT INTO `sys_logininfor` VALUES ('287', 'admin', '127.0.0.1', '内网IP', 'Chrome 12', 'Windows 10', '0', '登录成功', '2024-05-13 23:57:40');
INSERT INTO `sys_logininfor` VALUES ('288', 'admin', '127.0.0.1', '内网IP', 'Chrome 12', 'Windows 10', '0', '登录成功', '2024-05-14 00:33:44');
INSERT INTO `sys_logininfor` VALUES ('289', 'admin', '127.0.0.1', '内网IP', 'Chrome 12', 'Windows 10', '0', '登录成功', '2024-05-14 10:32:15');
INSERT INTO `sys_logininfor` VALUES ('290', 'admin', '127.0.0.1', '内网IP', 'Chrome 12', 'Windows 10', '0', '登录成功', '2024-05-14 13:07:30');
INSERT INTO `sys_logininfor` VALUES ('291', 'admin', '127.0.0.1', '内网IP', 'Chrome 12', 'Windows 10', '0', '登录成功', '2024-05-14 13:30:28');
INSERT INTO `sys_logininfor` VALUES ('292', 'admin', '127.0.0.1', '内网IP', 'Chrome 12', 'Windows 10', '0', '登录成功', '2024-05-14 13:41:21');
INSERT INTO `sys_logininfor` VALUES ('293', 'admin', '127.0.0.1', '内网IP', 'Chrome 12', 'Windows 10', '0', '登录成功', '2024-05-14 13:43:22');
INSERT INTO `sys_logininfor` VALUES ('294', 'admin', '127.0.0.1', '内网IP', 'Chrome 12', 'Windows 10', '0', '登录成功', '2024-05-14 13:45:20');
INSERT INTO `sys_logininfor` VALUES ('295', 'admin', '127.0.0.1', '内网IP', 'Chrome 12', 'Windows 10', '0', '登录成功', '2024-05-14 13:54:35');
INSERT INTO `sys_logininfor` VALUES ('296', 'admin', '127.0.0.1', '内网IP', 'Chrome 12', 'Windows 10', '0', '登录成功', '2024-05-14 14:00:32');
INSERT INTO `sys_logininfor` VALUES ('297', 'admin', '127.0.0.1', '内网IP', 'Chrome 12', 'Windows 10', '0', '登录成功', '2024-05-14 14:19:30');
INSERT INTO `sys_logininfor` VALUES ('298', 'admin', '127.0.0.1', '内网IP', 'Chrome 12', 'Windows 10', '0', '登录成功', '2024-05-14 18:49:50');
INSERT INTO `sys_logininfor` VALUES ('299', 'admin', '127.0.0.1', '内网IP', 'Chrome 12', 'Windows 10', '0', '登录成功', '2024-05-14 19:05:19');
INSERT INTO `sys_logininfor` VALUES ('300', 'admin', '127.0.0.1', '内网IP', 'Chrome 12', 'Windows 10', '1', '验证码错误', '2024-05-14 19:11:05');
INSERT INTO `sys_logininfor` VALUES ('301', 'admin', '127.0.0.1', '内网IP', 'Chrome 12', 'Windows 10', '0', '登录成功', '2024-05-14 19:11:07');
INSERT INTO `sys_logininfor` VALUES ('302', 'admin', '127.0.0.1', '内网IP', 'Chrome 12', 'Windows 10', '0', '登录成功', '2024-05-14 19:48:47');
INSERT INTO `sys_logininfor` VALUES ('303', 'admin', '127.0.0.1', '内网IP', 'Chrome 12', 'Windows 10', '0', '登录成功', '2024-05-14 19:51:04');
INSERT INTO `sys_logininfor` VALUES ('304', 'admin', '127.0.0.1', '内网IP', 'Chrome 12', 'Windows 10', '0', '登录成功', '2024-05-14 20:01:33');
INSERT INTO `sys_logininfor` VALUES ('305', 'admin', '127.0.0.1', '内网IP', 'Chrome 12', 'Windows 10', '0', '登录成功', '2024-05-14 20:10:34');
INSERT INTO `sys_logininfor` VALUES ('306', 'admin', '127.0.0.1', '内网IP', 'Chrome 12', 'Windows 10', '0', '登录成功', '2024-05-14 20:15:03');
INSERT INTO `sys_logininfor` VALUES ('307', 'admin', '127.0.0.1', '内网IP', 'Chrome 12', 'Windows 10', '0', '登录成功', '2024-05-14 20:33:28');
INSERT INTO `sys_logininfor` VALUES ('308', 'admin', '127.0.0.1', '内网IP', 'Chrome 12', 'Windows 10', '0', '登录成功', '2024-05-14 20:40:19');
INSERT INTO `sys_logininfor` VALUES ('309', 'admin', '127.0.0.1', '内网IP', 'Chrome 12', 'Windows 10', '0', '登录成功', '2024-05-14 20:41:57');
INSERT INTO `sys_logininfor` VALUES ('310', 'admin', '127.0.0.1', '内网IP', 'Chrome 12', 'Windows 10', '0', '登录成功', '2024-05-14 20:45:19');
INSERT INTO `sys_logininfor` VALUES ('311', 'admin', '127.0.0.1', '内网IP', 'Chrome 12', 'Windows 10', '0', '登录成功', '2024-05-14 21:28:22');
INSERT INTO `sys_logininfor` VALUES ('312', 'admin', '127.0.0.1', '内网IP', 'Chrome 12', 'Windows 10', '0', '登录成功', '2024-05-14 21:33:54');
INSERT INTO `sys_logininfor` VALUES ('313', 'admin', '127.0.0.1', '内网IP', 'Chrome 12', 'Windows 10', '0', '登录成功', '2024-05-15 18:45:20');
INSERT INTO `sys_logininfor` VALUES ('314', 'admin', '127.0.0.1', '内网IP', 'Chrome 12', 'Windows 10', '0', '登录成功', '2024-05-15 18:50:22');
INSERT INTO `sys_logininfor` VALUES ('315', 'admin', '127.0.0.1', '内网IP', 'Chrome 12', 'Windows 10', '0', '登录成功', '2024-05-15 19:07:43');
INSERT INTO `sys_logininfor` VALUES ('316', 'admin', '127.0.0.1', '内网IP', 'Chrome 12', 'Windows 10', '1', '验证码错误', '2024-05-15 19:21:45');
INSERT INTO `sys_logininfor` VALUES ('317', 'admin', '127.0.0.1', '内网IP', 'Chrome 12', 'Windows 10', '0', '登录成功', '2024-05-15 19:21:47');
INSERT INTO `sys_logininfor` VALUES ('318', 'admin', '127.0.0.1', '内网IP', 'Chrome 12', 'Windows 10', '0', '登录成功', '2024-05-15 20:33:03');
INSERT INTO `sys_logininfor` VALUES ('319', 'admin', '127.0.0.1', '内网IP', 'Chrome 12', 'Windows 10', '0', '登录成功', '2024-05-15 20:34:24');
INSERT INTO `sys_logininfor` VALUES ('320', 'admin', '127.0.0.1', '内网IP', 'Chrome 12', 'Windows 10', '0', '登录成功', '2024-05-15 20:46:47');
INSERT INTO `sys_logininfor` VALUES ('321', 'admin', '127.0.0.1', '内网IP', 'Chrome 12', 'Windows 10', '1', '验证码错误', '2024-05-15 21:34:25');
INSERT INTO `sys_logininfor` VALUES ('322', 'admin', '127.0.0.1', '内网IP', 'Chrome 12', 'Windows 10', '0', '登录成功', '2024-05-15 21:34:27');
INSERT INTO `sys_logininfor` VALUES ('323', 'admin', '127.0.0.1', '内网IP', 'Chrome 12', 'Windows 10', '1', '验证码错误', '2024-05-15 21:43:34');
INSERT INTO `sys_logininfor` VALUES ('324', 'admin', '127.0.0.1', '内网IP', 'Chrome 12', 'Windows 10', '0', '登录成功', '2024-05-15 21:43:35');
INSERT INTO `sys_logininfor` VALUES ('325', 'admin', '127.0.0.1', '内网IP', 'Chrome 12', 'Windows 10', '0', '登录成功', '2024-05-15 21:44:50');
INSERT INTO `sys_logininfor` VALUES ('326', 'admin', '127.0.0.1', '内网IP', 'Chrome 12', 'Windows 10', '0', '登录成功', '2024-05-15 21:50:17');
INSERT INTO `sys_logininfor` VALUES ('327', 'admin', '127.0.0.1', '内网IP', 'Chrome 12', 'Windows 10', '0', '登录成功', '2024-05-15 21:52:40');
INSERT INTO `sys_logininfor` VALUES ('328', 'admin', '127.0.0.1', '内网IP', 'Chrome 12', 'Windows 10', '0', '登录成功', '2024-05-15 21:53:36');
INSERT INTO `sys_logininfor` VALUES ('329', 'admin', '127.0.0.1', '内网IP', 'Chrome 12', 'Windows 10', '0', '登录成功', '2024-05-15 21:57:09');
INSERT INTO `sys_logininfor` VALUES ('330', 'admin', '127.0.0.1', '内网IP', 'Chrome 12', 'Windows 10', '0', '登录成功', '2024-05-15 22:31:28');
INSERT INTO `sys_logininfor` VALUES ('331', 'admin', '127.0.0.1', '内网IP', 'Chrome 12', 'Windows 10', '0', '登录成功', '2024-05-15 22:35:07');
INSERT INTO `sys_logininfor` VALUES ('332', 'admin', '127.0.0.1', '内网IP', 'Chrome 12', 'Windows 10', '0', '登录成功', '2024-05-15 22:37:57');
INSERT INTO `sys_logininfor` VALUES ('333', 'admin', '127.0.0.1', '内网IP', 'Chrome 12', 'Windows 10', '0', '登录成功', '2024-05-15 22:47:04');
INSERT INTO `sys_logininfor` VALUES ('334', 'admin', '127.0.0.1', '内网IP', 'Chrome 12', 'Windows 10', '0', '登录成功', '2024-05-15 23:02:32');
INSERT INTO `sys_logininfor` VALUES ('335', 'admin', '127.0.0.1', '内网IP', 'Chrome 12', 'Windows 10', '0', '登录成功', '2024-05-15 23:13:05');
INSERT INTO `sys_logininfor` VALUES ('336', 'admin', '127.0.0.1', '内网IP', 'Chrome 12', 'Windows 10', '0', '登录成功', '2024-05-15 23:18:28');
INSERT INTO `sys_logininfor` VALUES ('337', 'admin', '127.0.0.1', '内网IP', 'Chrome 12', 'Windows 10', '0', '登录成功', '2024-05-15 23:20:25');
INSERT INTO `sys_logininfor` VALUES ('338', 'admin', '127.0.0.1', '内网IP', 'Chrome 12', 'Windows 10', '0', '登录成功', '2024-05-15 23:26:54');
INSERT INTO `sys_logininfor` VALUES ('339', 'admin', '127.0.0.1', '内网IP', 'Chrome 12', 'Windows 10', '0', '登录成功', '2024-05-16 10:52:18');
INSERT INTO `sys_logininfor` VALUES ('340', 'admin', '127.0.0.1', '内网IP', 'Chrome 12', 'Windows 10', '1', '验证码错误', '2024-05-16 11:30:30');
INSERT INTO `sys_logininfor` VALUES ('341', 'admin', '127.0.0.1', '内网IP', 'Chrome 12', 'Windows 10', '0', '登录成功', '2024-05-16 11:30:33');
INSERT INTO `sys_logininfor` VALUES ('342', 'admin', '127.0.0.1', '内网IP', 'Chrome 12', 'Windows 10', '1', '验证码错误', '2024-05-16 12:16:51');
INSERT INTO `sys_logininfor` VALUES ('343', 'admin', '127.0.0.1', '内网IP', 'Chrome 12', 'Windows 10', '0', '登录成功', '2024-05-16 12:16:53');
INSERT INTO `sys_logininfor` VALUES ('344', 'admin', '127.0.0.1', '内网IP', 'Chrome 12', 'Windows 10', '0', '登录成功', '2024-05-16 13:16:03');
INSERT INTO `sys_logininfor` VALUES ('345', 'admin', '127.0.0.1', '内网IP', 'Chrome 12', 'Windows 10', '1', '验证码错误', '2024-05-16 13:19:52');
INSERT INTO `sys_logininfor` VALUES ('346', 'admin', '127.0.0.1', '内网IP', 'Chrome 12', 'Windows 10', '1', '验证码错误', '2024-05-16 13:19:54');
INSERT INTO `sys_logininfor` VALUES ('347', 'admin', '127.0.0.1', '内网IP', 'Chrome 12', 'Windows 10', '0', '登录成功', '2024-05-16 13:19:58');
INSERT INTO `sys_logininfor` VALUES ('348', 'admin', '127.0.0.1', '内网IP', 'Chrome 12', 'Windows 10', '0', '登录成功', '2024-05-16 13:29:18');
INSERT INTO `sys_logininfor` VALUES ('349', 'admin', '127.0.0.1', '内网IP', 'Chrome 12', 'Windows 10', '0', '登录成功', '2024-05-16 14:15:04');
INSERT INTO `sys_logininfor` VALUES ('350', 'admin', '127.0.0.1', '内网IP', 'Chrome 12', 'Windows 10', '0', '登录成功', '2024-05-16 15:57:25');
INSERT INTO `sys_logininfor` VALUES ('351', 'admin', '127.0.0.1', '内网IP', 'Chrome 12', 'Windows 10', '0', '登录成功', '2024-05-16 23:38:04');
INSERT INTO `sys_logininfor` VALUES ('352', 'admin', '127.0.0.1', '内网IP', 'Chrome 12', 'Windows 10', '0', '登录成功', '2024-05-16 23:47:21');
INSERT INTO `sys_logininfor` VALUES ('353', 'admin', '127.0.0.1', '内网IP', 'Chrome 12', 'Windows 10', '1', '验证码错误', '2024-05-17 00:17:20');
INSERT INTO `sys_logininfor` VALUES ('354', 'admin', '127.0.0.1', '内网IP', 'Chrome 12', 'Windows 10', '0', '登录成功', '2024-05-17 00:17:23');
INSERT INTO `sys_logininfor` VALUES ('355', 'admin', '127.0.0.1', '内网IP', 'Chrome 12', 'Windows 10', '0', '登录成功', '2024-05-17 00:34:03');
INSERT INTO `sys_logininfor` VALUES ('356', 'admin', '127.0.0.1', '内网IP', 'Chrome 12', 'Windows 10', '0', '登录成功', '2024-05-17 00:38:29');
INSERT INTO `sys_logininfor` VALUES ('357', 'admin', '127.0.0.1', '内网IP', 'Chrome 12', 'Windows 10', '0', '登录成功', '2024-05-17 10:16:51');
INSERT INTO `sys_logininfor` VALUES ('358', 'admin', '127.0.0.1', '内网IP', 'Chrome 12', 'Windows 10', '0', '登录成功', '2024-05-17 10:24:29');
INSERT INTO `sys_logininfor` VALUES ('359', 'admin', '127.0.0.1', '内网IP', 'Chrome 12', 'Windows 10', '0', '登录成功', '2024-05-17 10:36:29');
INSERT INTO `sys_logininfor` VALUES ('360', 'admin', '127.0.0.1', '内网IP', 'Chrome 12', 'Windows 10', '0', '登录成功', '2024-05-17 11:08:01');
INSERT INTO `sys_logininfor` VALUES ('361', 'admin', '127.0.0.1', '内网IP', 'Chrome 12', 'Windows 10', '0', '登录成功', '2024-05-17 13:11:26');
INSERT INTO `sys_logininfor` VALUES ('362', 'admin', '127.0.0.1', '内网IP', 'Chrome 12', 'Windows 10', '0', '登录成功', '2024-05-17 13:54:12');
INSERT INTO `sys_logininfor` VALUES ('363', 'admin', '127.0.0.1', '内网IP', 'Chrome 12', 'Windows 10', '0', '退出成功', '2024-05-17 14:07:09');
INSERT INTO `sys_logininfor` VALUES ('364', 'admin', '127.0.0.1', '内网IP', 'Chrome 12', 'Windows 10', '0', '登录成功', '2024-05-17 14:07:51');
INSERT INTO `sys_logininfor` VALUES ('365', 'admin', '127.0.0.1', '内网IP', 'Chrome 12', 'Windows 10', '0', '退出成功', '2024-05-17 14:08:25');
INSERT INTO `sys_logininfor` VALUES ('366', 'admin', '127.0.0.1', '内网IP', 'Chrome 12', 'Windows 10', '0', '登录成功', '2024-05-17 17:00:07');
INSERT INTO `sys_logininfor` VALUES ('367', 'admin', '127.0.0.1', '内网IP', 'Chrome 12', 'Windows 10', '0', '登录成功', '2024-05-17 17:08:03');
INSERT INTO `sys_logininfor` VALUES ('368', 'admin', '127.0.0.1', '内网IP', 'Chrome 12', 'Windows 10', '0', '退出成功', '2024-05-17 17:24:22');
INSERT INTO `sys_logininfor` VALUES ('369', 'admin', '127.0.0.1', '内网IP', 'Chrome 12', 'Windows 10', '0', '登录成功', '2024-05-17 17:24:40');
INSERT INTO `sys_logininfor` VALUES ('370', 'doczou', '127.0.0.1', '内网IP', 'Chrome 12', 'Windows 10', '1', '验证码错误', '2024-05-17 17:25:37');
INSERT INTO `sys_logininfor` VALUES ('371', 'doczou', '127.0.0.1', '内网IP', 'Chrome 12', 'Windows 10', '0', '登录成功', '2024-05-17 17:25:39');
INSERT INTO `sys_logininfor` VALUES ('372', 'doczou', '127.0.0.1', '内网IP', 'Chrome 12', 'Windows 10', '0', '退出成功', '2024-05-17 17:28:32');
INSERT INTO `sys_logininfor` VALUES ('373', 'admin', '127.0.0.1', '内网IP', 'Chrome 12', 'Windows 10', '0', '登录成功', '2024-05-17 17:28:36');
INSERT INTO `sys_logininfor` VALUES ('374', 'admin', '127.0.0.1', '内网IP', 'Chrome 12', 'Windows 10', '0', '退出成功', '2024-05-17 17:36:07');
INSERT INTO `sys_logininfor` VALUES ('375', 'doczou', '127.0.0.1', '内网IP', 'Chrome 12', 'Windows 10', '0', '登录成功', '2024-05-17 17:36:11');
INSERT INTO `sys_logininfor` VALUES ('376', 'doczou', '127.0.0.1', '内网IP', 'Chrome 12', 'Windows 10', '0', '退出成功', '2024-05-17 17:36:26');
INSERT INTO `sys_logininfor` VALUES ('377', 'admin', '127.0.0.1', '内网IP', 'Chrome 12', 'Windows 10', '0', '登录成功', '2024-05-17 17:36:30');
INSERT INTO `sys_logininfor` VALUES ('378', 'admin', '127.0.0.1', '内网IP', 'Chrome 12', 'Windows 10', '0', '退出成功', '2024-05-17 17:51:09');
INSERT INTO `sys_logininfor` VALUES ('379', 'doczou', '127.0.0.1', '内网IP', 'Chrome 12', 'Windows 10', '0', '登录成功', '2024-05-17 17:51:13');
INSERT INTO `sys_logininfor` VALUES ('380', 'admin', '127.0.0.1', '内网IP', 'Chrome 12', 'Windows 10', '0', '登录成功', '2024-05-17 17:51:28');
INSERT INTO `sys_logininfor` VALUES ('381', 'admin', '127.0.0.1', '内网IP', 'Chrome 12', 'Windows 10', '0', '退出成功', '2024-05-17 17:51:44');
INSERT INTO `sys_logininfor` VALUES ('382', 'doczou', '127.0.0.1', '内网IP', 'Chrome 12', 'Windows 10', '0', '登录成功', '2024-05-17 17:51:48');
INSERT INTO `sys_logininfor` VALUES ('383', 'doczou', '127.0.0.1', '内网IP', 'Chrome 12', 'Windows 10', '0', '退出成功', '2024-05-17 17:52:01');
INSERT INTO `sys_logininfor` VALUES ('384', 'admin', '127.0.0.1', '内网IP', 'Chrome 12', 'Windows 10', '0', '登录成功', '2024-05-17 17:52:04');
INSERT INTO `sys_logininfor` VALUES ('385', 'admin', '127.0.0.1', '内网IP', 'Chrome 12', 'Windows 10', '0', '退出成功', '2024-05-17 17:52:40');
INSERT INTO `sys_logininfor` VALUES ('386', 'admin', '127.0.0.1', '内网IP', 'Chrome 12', 'Windows 10', '0', '登录成功', '2024-05-17 17:52:42');
INSERT INTO `sys_logininfor` VALUES ('387', 'admin', '127.0.0.1', '内网IP', 'Chrome 12', 'Windows 10', '0', '退出成功', '2024-05-17 17:52:45');
INSERT INTO `sys_logininfor` VALUES ('388', 'doczou', '127.0.0.1', '内网IP', 'Chrome 12', 'Windows 10', '0', '登录成功', '2024-05-17 17:52:48');
INSERT INTO `sys_logininfor` VALUES ('389', 'doczou', '127.0.0.1', '内网IP', 'Chrome 12', 'Windows 10', '0', '退出成功', '2024-05-17 17:53:58');
INSERT INTO `sys_logininfor` VALUES ('390', 'admin', '127.0.0.1', '内网IP', 'Chrome 12', 'Windows 10', '0', '登录成功', '2024-05-17 17:54:01');
INSERT INTO `sys_logininfor` VALUES ('391', 'admin', '127.0.0.1', '内网IP', 'Chrome 12', 'Windows 10', '0', '退出成功', '2024-05-17 17:57:11');
INSERT INTO `sys_logininfor` VALUES ('392', 'doczou', '127.0.0.1', '内网IP', 'Chrome 12', 'Windows 10', '0', '登录成功', '2024-05-17 17:57:14');
INSERT INTO `sys_logininfor` VALUES ('393', 'doczou', '127.0.0.1', '内网IP', 'Chrome 12', 'Windows 10', '0', '退出成功', '2024-05-17 18:00:10');
INSERT INTO `sys_logininfor` VALUES ('394', 'admin', '127.0.0.1', '内网IP', 'Chrome 12', 'Windows 10', '0', '登录成功', '2024-05-17 18:00:12');

-- ----------------------------
-- Table structure for `sys_menu`
-- ----------------------------
DROP TABLE IF EXISTS `sys_menu`;
CREATE TABLE `sys_menu` (
  `menu_id` bigint NOT NULL AUTO_INCREMENT COMMENT '菜单ID',
  `menu_name` varchar(50) COLLATE utf8mb4_general_ci NOT NULL COMMENT '菜单名称',
  `parent_id` bigint DEFAULT '0' COMMENT '父菜单ID',
  `order_num` int DEFAULT '0' COMMENT '显示顺序',
  `url` varchar(200) COLLATE utf8mb4_general_ci DEFAULT '#' COMMENT '请求地址',
  `target` varchar(20) COLLATE utf8mb4_general_ci DEFAULT '' COMMENT '打开方式（menuItem页签 menuBlank新窗口）',
  `menu_type` char(1) COLLATE utf8mb4_general_ci DEFAULT '' COMMENT '菜单类型（M目录 C菜单 F按钮）',
  `visible` char(1) COLLATE utf8mb4_general_ci DEFAULT '0' COMMENT '菜单状态（0显示 1隐藏）',
  `is_refresh` char(1) COLLATE utf8mb4_general_ci DEFAULT '1' COMMENT '是否刷新（0刷新 1不刷新）',
  `perms` varchar(100) COLLATE utf8mb4_general_ci DEFAULT NULL COMMENT '权限标识',
  `icon` varchar(100) COLLATE utf8mb4_general_ci DEFAULT '#' COMMENT '菜单图标',
  `create_by` varchar(64) COLLATE utf8mb4_general_ci DEFAULT '' COMMENT '创建者',
  `create_time` datetime DEFAULT NULL COMMENT '创建时间',
  `update_by` varchar(64) COLLATE utf8mb4_general_ci DEFAULT '' COMMENT '更新者',
  `update_time` datetime DEFAULT NULL COMMENT '更新时间',
  `remark` varchar(500) COLLATE utf8mb4_general_ci DEFAULT '' COMMENT '备注',
  PRIMARY KEY (`menu_id`)
) ENGINE=InnoDB AUTO_INCREMENT=2094 DEFAULT CHARSET=utf8mb4 COLLATE=utf8mb4_general_ci COMMENT='菜单权限表';

-- ----------------------------
-- Records of sys_menu
-- ----------------------------
INSERT INTO `sys_menu` VALUES ('1', '系统管理', '0', '97', '#', 'menuItem', 'M', '0', '1', '', 'fa fa-gear', 'admin', '2024-04-19 22:31:43', 'admin', '2024-04-27 09:24:34', '系统管理目录');
INSERT INTO `sys_menu` VALUES ('2', '系统监控', '0', '98', '#', 'menuItem', 'M', '0', '1', '', 'fa fa-video-camera', 'admin', '2024-04-19 22:31:43', 'admin', '2024-04-27 09:24:28', '系统监控目录');
INSERT INTO `sys_menu` VALUES ('3', '系统工具', '0', '99', '#', 'menuItem', 'M', '0', '1', '', 'fa fa-bars', 'admin', '2024-04-19 22:31:43', 'admin', '2024-04-27 09:24:24', '系统工具目录');
INSERT INTO `sys_menu` VALUES ('4', '若依官网', '0', '100', 'http://ruoyi.vip', 'menuBlank', 'C', '0', '1', '', 'fa fa-location-arrow', 'admin', '2024-04-19 22:31:43', 'admin', '2024-04-27 09:24:19', '若依官网地址');
INSERT INTO `sys_menu` VALUES ('100', '用户管理', '1', '1', '/system/user', '', 'C', '0', '1', 'system:user:view', 'fa fa-user-o', 'admin', '2024-04-19 22:31:43', '', null, '用户管理菜单');
INSERT INTO `sys_menu` VALUES ('101', '角色管理', '1', '2', '/system/role', '', 'C', '0', '1', 'system:role:view', 'fa fa-user-secret', 'admin', '2024-04-19 22:31:43', '', null, '角色管理菜单');
INSERT INTO `sys_menu` VALUES ('102', '菜单管理', '1', '3', '/system/menu', '', 'C', '0', '1', 'system:menu:view', 'fa fa-th-list', 'admin', '2024-04-19 22:31:43', '', null, '菜单管理菜单');
INSERT INTO `sys_menu` VALUES ('103', '部门管理', '1', '4', '/system/dept', '', 'C', '0', '1', 'system:dept:view', 'fa fa-outdent', 'admin', '2024-04-19 22:31:43', '', null, '部门管理菜单');
INSERT INTO `sys_menu` VALUES ('104', '岗位管理', '1', '5', '/system/post', '', 'C', '0', '1', 'system:post:view', 'fa fa-address-card-o', 'admin', '2024-04-19 22:31:43', '', null, '岗位管理菜单');
INSERT INTO `sys_menu` VALUES ('105', '字典管理', '1', '6', '/system/dict', '', 'C', '0', '1', 'system:dict:view', 'fa fa-bookmark-o', 'admin', '2024-04-19 22:31:43', '', null, '字典管理菜单');
INSERT INTO `sys_menu` VALUES ('106', '参数设置', '1', '7', '/system/config', '', 'C', '0', '1', 'system:config:view', 'fa fa-sun-o', 'admin', '2024-04-19 22:31:43', '', null, '参数设置菜单');
INSERT INTO `sys_menu` VALUES ('107', '通知公告', '1', '8', '/system/notice', '', 'C', '0', '1', 'system:notice:view', 'fa fa-bullhorn', 'admin', '2024-04-19 22:31:43', '', null, '通知公告菜单');
INSERT INTO `sys_menu` VALUES ('108', '日志管理', '1', '9', '#', '', 'M', '0', '1', '', 'fa fa-pencil-square-o', 'admin', '2024-04-19 22:31:43', '', null, '日志管理菜单');
INSERT INTO `sys_menu` VALUES ('109', '在线用户', '2', '1', '/monitor/online', '', 'C', '0', '1', 'monitor:online:view', 'fa fa-user-circle', 'admin', '2024-04-19 22:31:43', '', null, '在线用户菜单');
INSERT INTO `sys_menu` VALUES ('110', '定时任务', '2', '2', '/monitor/job', '', 'C', '0', '1', 'monitor:job:view', 'fa fa-tasks', 'admin', '2024-04-19 22:31:43', '', null, '定时任务菜单');
INSERT INTO `sys_menu` VALUES ('111', '数据监控', '2', '3', '/monitor/data', '', 'C', '0', '1', 'monitor:data:view', 'fa fa-bug', 'admin', '2024-04-19 22:31:43', '', null, '数据监控菜单');
INSERT INTO `sys_menu` VALUES ('112', '服务监控', '2', '4', '/monitor/server', '', 'C', '0', '1', 'monitor:server:view', 'fa fa-server', 'admin', '2024-04-19 22:31:43', '', null, '服务监控菜单');
INSERT INTO `sys_menu` VALUES ('113', '缓存监控', '2', '5', '/monitor/cache', '', 'C', '0', '1', 'monitor:cache:view', 'fa fa-cube', 'admin', '2024-04-19 22:31:43', '', null, '缓存监控菜单');
INSERT INTO `sys_menu` VALUES ('114', '表单构建', '3', '1', '/tool/build', '', 'C', '0', '1', 'tool:build:view', 'fa fa-wpforms', 'admin', '2024-04-19 22:31:43', '', null, '表单构建菜单');
INSERT INTO `sys_menu` VALUES ('115', '代码生成', '3', '2', '/tool/gen', '', 'C', '0', '1', 'tool:gen:view', 'fa fa-code', 'admin', '2024-04-19 22:31:43', '', null, '代码生成菜单');
INSERT INTO `sys_menu` VALUES ('116', '系统接口', '3', '3', '/tool/swagger', '', 'C', '0', '1', 'tool:swagger:view', 'fa fa-gg', 'admin', '2024-04-19 22:31:43', '', null, '系统接口菜单');
INSERT INTO `sys_menu` VALUES ('500', '操作日志', '108', '1', '/monitor/operlog', '', 'C', '0', '1', 'monitor:operlog:view', 'fa fa-address-book', 'admin', '2024-04-19 22:31:43', '', null, '操作日志菜单');
INSERT INTO `sys_menu` VALUES ('501', '登录日志', '108', '2', '/monitor/logininfor', '', 'C', '0', '1', 'monitor:logininfor:view', 'fa fa-file-image-o', 'admin', '2024-04-19 22:31:43', '', null, '登录日志菜单');
INSERT INTO `sys_menu` VALUES ('1000', '用户查询', '100', '1', '#', '', 'F', '0', '1', 'system:user:list', '#', 'admin', '2024-04-19 22:31:43', '', null, '');
INSERT INTO `sys_menu` VALUES ('1001', '用户新增', '100', '2', '#', '', 'F', '0', '1', 'system:user:add', '#', 'admin', '2024-04-19 22:31:43', '', null, '');
INSERT INTO `sys_menu` VALUES ('1002', '用户修改', '100', '3', '#', '', 'F', '0', '1', 'system:user:edit', '#', 'admin', '2024-04-19 22:31:43', '', null, '');
INSERT INTO `sys_menu` VALUES ('1003', '用户删除', '100', '4', '#', '', 'F', '0', '1', 'system:user:remove', '#', 'admin', '2024-04-19 22:31:43', '', null, '');
INSERT INTO `sys_menu` VALUES ('1004', '用户导出', '100', '5', '#', '', 'F', '0', '1', 'system:user:export', '#', 'admin', '2024-04-19 22:31:43', '', null, '');
INSERT INTO `sys_menu` VALUES ('1005', '用户导入', '100', '6', '#', '', 'F', '0', '1', 'system:user:import', '#', 'admin', '2024-04-19 22:31:43', '', null, '');
INSERT INTO `sys_menu` VALUES ('1006', '重置密码', '100', '7', '#', '', 'F', '0', '1', 'system:user:resetPwd', '#', 'admin', '2024-04-19 22:31:43', '', null, '');
INSERT INTO `sys_menu` VALUES ('1007', '角色查询', '101', '1', '#', '', 'F', '0', '1', 'system:role:list', '#', 'admin', '2024-04-19 22:31:43', '', null, '');
INSERT INTO `sys_menu` VALUES ('1008', '角色新增', '101', '2', '#', '', 'F', '0', '1', 'system:role:add', '#', 'admin', '2024-04-19 22:31:43', '', null, '');
INSERT INTO `sys_menu` VALUES ('1009', '角色修改', '101', '3', '#', '', 'F', '0', '1', 'system:role:edit', '#', 'admin', '2024-04-19 22:31:43', '', null, '');
INSERT INTO `sys_menu` VALUES ('1010', '角色删除', '101', '4', '#', '', 'F', '0', '1', 'system:role:remove', '#', 'admin', '2024-04-19 22:31:43', '', null, '');
INSERT INTO `sys_menu` VALUES ('1011', '角色导出', '101', '5', '#', '', 'F', '0', '1', 'system:role:export', '#', 'admin', '2024-04-19 22:31:43', '', null, '');
INSERT INTO `sys_menu` VALUES ('1012', '菜单查询', '102', '1', '#', '', 'F', '0', '1', 'system:menu:list', '#', 'admin', '2024-04-19 22:31:43', '', null, '');
INSERT INTO `sys_menu` VALUES ('1013', '菜单新增', '102', '2', '#', '', 'F', '0', '1', 'system:menu:add', '#', 'admin', '2024-04-19 22:31:43', '', null, '');
INSERT INTO `sys_menu` VALUES ('1014', '菜单修改', '102', '3', '#', '', 'F', '0', '1', 'system:menu:edit', '#', 'admin', '2024-04-19 22:31:43', '', null, '');
INSERT INTO `sys_menu` VALUES ('1015', '菜单删除', '102', '4', '#', '', 'F', '0', '1', 'system:menu:remove', '#', 'admin', '2024-04-19 22:31:43', '', null, '');
INSERT INTO `sys_menu` VALUES ('1016', '部门查询', '103', '1', '#', '', 'F', '0', '1', 'system:dept:list', '#', 'admin', '2024-04-19 22:31:43', '', null, '');
INSERT INTO `sys_menu` VALUES ('1017', '部门新增', '103', '2', '#', '', 'F', '0', '1', 'system:dept:add', '#', 'admin', '2024-04-19 22:31:43', '', null, '');
INSERT INTO `sys_menu` VALUES ('1018', '部门修改', '103', '3', '#', '', 'F', '0', '1', 'system:dept:edit', '#', 'admin', '2024-04-19 22:31:43', '', null, '');
INSERT INTO `sys_menu` VALUES ('1019', '部门删除', '103', '4', '#', '', 'F', '0', '1', 'system:dept:remove', '#', 'admin', '2024-04-19 22:31:43', '', null, '');
INSERT INTO `sys_menu` VALUES ('1020', '岗位查询', '104', '1', '#', '', 'F', '0', '1', 'system:post:list', '#', 'admin', '2024-04-19 22:31:43', '', null, '');
INSERT INTO `sys_menu` VALUES ('1021', '岗位新增', '104', '2', '#', '', 'F', '0', '1', 'system:post:add', '#', 'admin', '2024-04-19 22:31:43', '', null, '');
INSERT INTO `sys_menu` VALUES ('1022', '岗位修改', '104', '3', '#', '', 'F', '0', '1', 'system:post:edit', '#', 'admin', '2024-04-19 22:31:43', '', null, '');
INSERT INTO `sys_menu` VALUES ('1023', '岗位删除', '104', '4', '#', '', 'F', '0', '1', 'system:post:remove', '#', 'admin', '2024-04-19 22:31:43', '', null, '');
INSERT INTO `sys_menu` VALUES ('1024', '岗位导出', '104', '5', '#', '', 'F', '0', '1', 'system:post:export', '#', 'admin', '2024-04-19 22:31:43', '', null, '');
INSERT INTO `sys_menu` VALUES ('1025', '字典查询', '105', '1', '#', '', 'F', '0', '1', 'system:dict:list', '#', 'admin', '2024-04-19 22:31:43', '', null, '');
INSERT INTO `sys_menu` VALUES ('1026', '字典新增', '105', '2', '#', '', 'F', '0', '1', 'system:dict:add', '#', 'admin', '2024-04-19 22:31:43', '', null, '');
INSERT INTO `sys_menu` VALUES ('1027', '字典修改', '105', '3', '#', '', 'F', '0', '1', 'system:dict:edit', '#', 'admin', '2024-04-19 22:31:43', '', null, '');
INSERT INTO `sys_menu` VALUES ('1028', '字典删除', '105', '4', '#', '', 'F', '0', '1', 'system:dict:remove', '#', 'admin', '2024-04-19 22:31:43', '', null, '');
INSERT INTO `sys_menu` VALUES ('1029', '字典导出', '105', '5', '#', '', 'F', '0', '1', 'system:dict:export', '#', 'admin', '2024-04-19 22:31:43', '', null, '');
INSERT INTO `sys_menu` VALUES ('1030', '参数查询', '106', '1', '#', '', 'F', '0', '1', 'system:config:list', '#', 'admin', '2024-04-19 22:31:43', '', null, '');
INSERT INTO `sys_menu` VALUES ('1031', '参数新增', '106', '2', '#', '', 'F', '0', '1', 'system:config:add', '#', 'admin', '2024-04-19 22:31:43', '', null, '');
INSERT INTO `sys_menu` VALUES ('1032', '参数修改', '106', '3', '#', '', 'F', '0', '1', 'system:config:edit', '#', 'admin', '2024-04-19 22:31:43', '', null, '');
INSERT INTO `sys_menu` VALUES ('1033', '参数删除', '106', '4', '#', '', 'F', '0', '1', 'system:config:remove', '#', 'admin', '2024-04-19 22:31:43', '', null, '');
INSERT INTO `sys_menu` VALUES ('1034', '参数导出', '106', '5', '#', '', 'F', '0', '1', 'system:config:export', '#', 'admin', '2024-04-19 22:31:43', '', null, '');
INSERT INTO `sys_menu` VALUES ('1035', '公告查询', '107', '1', '#', '', 'F', '0', '1', 'system:notice:list', '#', 'admin', '2024-04-19 22:31:43', '', null, '');
INSERT INTO `sys_menu` VALUES ('1036', '公告新增', '107', '2', '#', '', 'F', '0', '1', 'system:notice:add', '#', 'admin', '2024-04-19 22:31:43', '', null, '');
INSERT INTO `sys_menu` VALUES ('1037', '公告修改', '107', '3', '#', '', 'F', '0', '1', 'system:notice:edit', '#', 'admin', '2024-04-19 22:31:43', '', null, '');
INSERT INTO `sys_menu` VALUES ('1038', '公告删除', '107', '4', '#', '', 'F', '0', '1', 'system:notice:remove', '#', 'admin', '2024-04-19 22:31:43', '', null, '');
INSERT INTO `sys_menu` VALUES ('1039', '操作查询', '500', '1', '#', '', 'F', '0', '1', 'monitor:operlog:list', '#', 'admin', '2024-04-19 22:31:43', '', null, '');
INSERT INTO `sys_menu` VALUES ('1040', '操作删除', '500', '2', '#', '', 'F', '0', '1', 'monitor:operlog:remove', '#', 'admin', '2024-04-19 22:31:43', '', null, '');
INSERT INTO `sys_menu` VALUES ('1041', '详细信息', '500', '3', '#', '', 'F', '0', '1', 'monitor:operlog:detail', '#', 'admin', '2024-04-19 22:31:43', '', null, '');
INSERT INTO `sys_menu` VALUES ('1042', '日志导出', '500', '4', '#', '', 'F', '0', '1', 'monitor:operlog:export', '#', 'admin', '2024-04-19 22:31:43', '', null, '');
INSERT INTO `sys_menu` VALUES ('1043', '登录查询', '501', '1', '#', '', 'F', '0', '1', 'monitor:logininfor:list', '#', 'admin', '2024-04-19 22:31:43', '', null, '');
INSERT INTO `sys_menu` VALUES ('1044', '登录删除', '501', '2', '#', '', 'F', '0', '1', 'monitor:logininfor:remove', '#', 'admin', '2024-04-19 22:31:43', '', null, '');
INSERT INTO `sys_menu` VALUES ('1045', '日志导出', '501', '3', '#', '', 'F', '0', '1', 'monitor:logininfor:export', '#', 'admin', '2024-04-19 22:31:43', '', null, '');
INSERT INTO `sys_menu` VALUES ('1046', '账户解锁', '501', '4', '#', '', 'F', '0', '1', 'monitor:logininfor:unlock', '#', 'admin', '2024-04-19 22:31:43', '', null, '');
INSERT INTO `sys_menu` VALUES ('1047', '在线查询', '109', '1', '#', '', 'F', '0', '1', 'monitor:online:list', '#', 'admin', '2024-04-19 22:31:43', '', null, '');
INSERT INTO `sys_menu` VALUES ('1048', '批量强退', '109', '2', '#', '', 'F', '0', '1', 'monitor:online:batchForceLogout', '#', 'admin', '2024-04-19 22:31:43', '', null, '');
INSERT INTO `sys_menu` VALUES ('1049', '单条强退', '109', '3', '#', '', 'F', '0', '1', 'monitor:online:forceLogout', '#', 'admin', '2024-04-19 22:31:43', '', null, '');
INSERT INTO `sys_menu` VALUES ('1050', '任务查询', '110', '1', '#', '', 'F', '0', '1', 'monitor:job:list', '#', 'admin', '2024-04-19 22:31:43', '', null, '');
INSERT INTO `sys_menu` VALUES ('1051', '任务新增', '110', '2', '#', '', 'F', '0', '1', 'monitor:job:add', '#', 'admin', '2024-04-19 22:31:43', '', null, '');
INSERT INTO `sys_menu` VALUES ('1052', '任务修改', '110', '3', '#', '', 'F', '0', '1', 'monitor:job:edit', '#', 'admin', '2024-04-19 22:31:43', '', null, '');
INSERT INTO `sys_menu` VALUES ('1053', '任务删除', '110', '4', '#', '', 'F', '0', '1', 'monitor:job:remove', '#', 'admin', '2024-04-19 22:31:43', '', null, '');
INSERT INTO `sys_menu` VALUES ('1054', '状态修改', '110', '5', '#', '', 'F', '0', '1', 'monitor:job:changeStatus', '#', 'admin', '2024-04-19 22:31:43', '', null, '');
INSERT INTO `sys_menu` VALUES ('1055', '任务详细', '110', '6', '#', '', 'F', '0', '1', 'monitor:job:detail', '#', 'admin', '2024-04-19 22:31:43', '', null, '');
INSERT INTO `sys_menu` VALUES ('1056', '任务导出', '110', '7', '#', '', 'F', '0', '1', 'monitor:job:export', '#', 'admin', '2024-04-19 22:31:43', '', null, '');
INSERT INTO `sys_menu` VALUES ('1057', '生成查询', '115', '1', '#', '', 'F', '0', '1', 'tool:gen:list', '#', 'admin', '2024-04-19 22:31:43', '', null, '');
INSERT INTO `sys_menu` VALUES ('1058', '生成修改', '115', '2', '#', '', 'F', '0', '1', 'tool:gen:edit', '#', 'admin', '2024-04-19 22:31:43', '', null, '');
INSERT INTO `sys_menu` VALUES ('1059', '生成删除', '115', '3', '#', '', 'F', '0', '1', 'tool:gen:remove', '#', 'admin', '2024-04-19 22:31:43', '', null, '');
INSERT INTO `sys_menu` VALUES ('1060', '预览代码', '115', '4', '#', '', 'F', '0', '1', 'tool:gen:preview', '#', 'admin', '2024-04-19 22:31:43', '', null, '');
INSERT INTO `sys_menu` VALUES ('1061', '生成代码', '115', '5', '#', '', 'F', '0', '1', 'tool:gen:code', '#', 'admin', '2024-04-19 22:31:43', '', null, '');
INSERT INTO `sys_menu` VALUES ('2000', '测试', '0', '0', '#', 'menuItem', 'M', '1', '1', '', '#', 'admin', '2024-04-20 09:08:50', 'admin', '2024-04-27 09:24:10', '');
INSERT INTO `sys_menu` VALUES ('2001', '挂号', '2000', '1', '/test/registration', 'menuItem', 'C', '0', '1', null, '#', 'admin', '2024-04-20 10:45:10', '', null, '');
INSERT INTO `sys_menu` VALUES ('2002', '患者信息', '2000', '2', '/test/patients', 'menuItem', 'C', '0', '1', '', '#', 'admin', '2024-04-20 20:47:56', 'admin', '2024-04-20 20:48:44', '');
INSERT INTO `sys_menu` VALUES ('2003', '挂号收费处', '0', '1', '#', 'menuItem', 'M', '0', '1', '', 'fa fa-user-plus', 'admin', '2024-04-26 17:41:48', 'admin', '2024-04-27 09:24:40', '');
INSERT INTO `sys_menu` VALUES ('2004', '挂号面板', '2003', '1', '/his/registration', 'menuItem', 'C', '0', '1', '', '#', 'admin', '2024-04-26 17:44:58', 'admin', '2024-05-17 11:33:31', '');
INSERT INTO `sys_menu` VALUES ('2005', '患者信息管理', '2003', '1', '/his/patients', 'menuItem', 'C', '0', '1', '', '#', 'admin', '2024-04-27 08:52:26', 'admin', '2024-04-27 08:52:51', '');
INSERT INTO `sys_menu` VALUES ('2006', '药房', '0', '3', '#', 'menuItem', 'M', '0', '1', null, 'fa fa-cubes', 'admin', '2024-04-27 09:25:08', '', null, '');
INSERT INTO `sys_menu` VALUES ('2037', '供应商管理', '2006', '101', '/his/suppliers', 'menuItem', 'C', '0', '1', 'his:suppliers:view', '#', 'admin', '2024-05-01 23:08:44', 'admin', '2024-05-16 11:37:58', '供应商菜单');
INSERT INTO `sys_menu` VALUES ('2038', '供应商查询', '2037', '1', '#', '', 'F', '0', '1', 'his:suppliers:list', '#', 'admin', '2024-05-01 23:08:44', '', null, '');
INSERT INTO `sys_menu` VALUES ('2039', '供应商新增', '2037', '2', '#', '', 'F', '0', '1', 'his:suppliers:add', '#', 'admin', '2024-05-01 23:08:44', '', null, '');
INSERT INTO `sys_menu` VALUES ('2040', '供应商修改', '2037', '3', '#', '', 'F', '0', '1', 'his:suppliers:edit', '#', 'admin', '2024-05-01 23:08:44', '', null, '');
INSERT INTO `sys_menu` VALUES ('2041', '供应商删除', '2037', '4', '#', '', 'F', '0', '1', 'his:suppliers:remove', '#', 'admin', '2024-05-01 23:08:44', '', null, '');
INSERT INTO `sys_menu` VALUES ('2042', '供应商导出', '2037', '5', '#', '', 'F', '0', '1', 'his:suppliers:export', '#', 'admin', '2024-05-01 23:08:44', '', null, '');
INSERT INTO `sys_menu` VALUES ('2043', '药品目录管理', '2006', '100', '/his/catalogue', 'menuItem', 'C', '0', '1', 'his:catalogue:view', '#', 'admin', '2024-05-01 23:08:44', 'admin', '2024-05-16 11:37:46', '药品目录菜单');
INSERT INTO `sys_menu` VALUES ('2044', '药品目录查询', '2043', '1', '#', '', 'F', '0', '1', 'his:catalogue:list', '#', 'admin', '2024-05-01 23:08:44', '', null, '');
INSERT INTO `sys_menu` VALUES ('2045', '药品目录新增', '2043', '2', '#', '', 'F', '0', '1', 'his:catalogue:add', '#', 'admin', '2024-05-01 23:08:44', '', null, '');
INSERT INTO `sys_menu` VALUES ('2046', '药品目录修改', '2043', '3', '#', '', 'F', '0', '1', 'his:catalogue:edit', '#', 'admin', '2024-05-01 23:08:44', '', null, '');
INSERT INTO `sys_menu` VALUES ('2047', '药品目录删除', '2043', '4', '#', '', 'F', '0', '1', 'his:catalogue:remove', '#', 'admin', '2024-05-01 23:08:44', '', null, '');
INSERT INTO `sys_menu` VALUES ('2048', '药品目录导出', '2043', '5', '#', '', 'F', '0', '1', 'his:catalogue:export', '#', 'admin', '2024-05-01 23:08:44', '', null, '');
INSERT INTO `sys_menu` VALUES ('2049', '采购计划管理', '2006', '1', '/his/plans', 'menuItem', 'C', '0', '1', 'his:plans:view', '#', 'admin', '2024-05-01 23:08:44', 'admin', '2024-05-16 11:36:03', '采购计划单菜单');
INSERT INTO `sys_menu` VALUES ('2050', '采购计划单查询', '2049', '1', '#', '', 'F', '0', '1', 'his:plans:list', '#', 'admin', '2024-05-01 23:08:44', '', null, '');
INSERT INTO `sys_menu` VALUES ('2051', '采购计划单新增', '2049', '2', '#', '', 'F', '0', '1', 'his:plans:add', '#', 'admin', '2024-05-01 23:08:44', '', null, '');
INSERT INTO `sys_menu` VALUES ('2052', '采购计划单修改', '2049', '3', '#', '', 'F', '0', '1', 'his:plans:edit', '#', 'admin', '2024-05-01 23:08:44', '', null, '');
INSERT INTO `sys_menu` VALUES ('2053', '采购计划单删除', '2049', '4', '#', '', 'F', '0', '1', 'his:plans:remove', '#', 'admin', '2024-05-01 23:08:44', '', null, '');
INSERT INTO `sys_menu` VALUES ('2054', '采购计划单导出', '2049', '5', '#', '', 'F', '0', '1', 'his:plans:export', '#', 'admin', '2024-05-01 23:08:44', '', null, '');
INSERT INTO `sys_menu` VALUES ('2055', '采购订单管理', '2006', '2', '/his/purchase', 'menuItem', 'C', '0', '1', 'his:purchase:view', '#', 'admin', '2024-05-01 23:08:45', 'admin', '2024-05-16 11:36:30', '采购订单菜单');
INSERT INTO `sys_menu` VALUES ('2056', '采购订单查询', '2055', '1', '#', '', 'F', '0', '1', 'his:purchase:list', '#', 'admin', '2024-05-01 23:08:45', '', null, '');
INSERT INTO `sys_menu` VALUES ('2057', '采购订单新增', '2055', '2', '#', '', 'F', '0', '1', 'his:purchase:add', '#', 'admin', '2024-05-01 23:08:45', '', null, '');
INSERT INTO `sys_menu` VALUES ('2058', '采购订单修改', '2055', '3', '#', '', 'F', '0', '1', 'his:purchase:edit', '#', 'admin', '2024-05-01 23:08:45', '', null, '');
INSERT INTO `sys_menu` VALUES ('2059', '采购订单删除', '2055', '4', '#', '', 'F', '0', '1', 'his:purchase:remove', '#', 'admin', '2024-05-01 23:08:45', '', null, '');
INSERT INTO `sys_menu` VALUES ('2060', '采购订单导出', '2055', '5', '#', '', 'F', '0', '1', 'his:purchase:export', '#', 'admin', '2024-05-01 23:08:45', '', null, '');
INSERT INTO `sys_menu` VALUES ('2061', '门诊', '0', '2', '#', 'menuItem', 'M', '0', '1', null, 'fa fa-comments', 'admin', '2024-05-13 23:41:39', '', null, '');
INSERT INTO `sys_menu` VALUES ('2063', '库存管理', '2006', '4', '/his/inventory', 'menuItem', 'C', '0', '1', 'his:inventory:view', '#', 'admin', '2024-05-14 20:04:56', 'admin', '2024-05-16 11:36:52', '库存管理菜单');
INSERT INTO `sys_menu` VALUES ('2064', '库存管理查询', '2063', '1', '#', '', 'F', '0', '1', 'his:inventory:list', '#', 'admin', '2024-05-14 20:04:56', '', null, '');
INSERT INTO `sys_menu` VALUES ('2065', '库存管理新增', '2063', '2', '#', '', 'F', '0', '1', 'his:inventory:add', '#', 'admin', '2024-05-14 20:04:56', '', null, '');
INSERT INTO `sys_menu` VALUES ('2066', '库存管理修改', '2063', '3', '#', '', 'F', '0', '1', 'his:inventory:edit', '#', 'admin', '2024-05-14 20:04:56', '', null, '');
INSERT INTO `sys_menu` VALUES ('2067', '库存管理删除', '2063', '4', '#', '', 'F', '0', '1', 'his:inventory:remove', '#', 'admin', '2024-05-14 20:04:56', '', null, '');
INSERT INTO `sys_menu` VALUES ('2068', '库存管理导出', '2063', '5', '#', '', 'F', '0', '1', 'his:inventory:export', '#', 'admin', '2024-05-14 20:04:56', '', null, '');
INSERT INTO `sys_menu` VALUES ('2069', '入库管理', '2006', '3', '/his/entry', 'menuItem', 'C', '0', '1', 'his:entry:view', '#', 'admin', '2024-05-14 21:33:41', 'admin', '2024-05-16 11:36:39', '入库单菜单');
INSERT INTO `sys_menu` VALUES ('2070', '入库单查询', '2069', '1', '#', '', 'F', '0', '1', 'his:entry:list', '#', 'admin', '2024-05-14 21:33:41', '', null, '');
INSERT INTO `sys_menu` VALUES ('2071', '入库单新增', '2069', '2', '#', '', 'F', '0', '1', 'his:entry:add', '#', 'admin', '2024-05-14 21:33:41', '', null, '');
INSERT INTO `sys_menu` VALUES ('2072', '入库单修改', '2069', '3', '#', '', 'F', '0', '1', 'his:entry:edit', '#', 'admin', '2024-05-14 21:33:41', '', null, '');
INSERT INTO `sys_menu` VALUES ('2073', '入库单删除', '2069', '4', '#', '', 'F', '0', '1', 'his:entry:remove', '#', 'admin', '2024-05-14 21:33:41', '', null, '');
INSERT INTO `sys_menu` VALUES ('2074', '入库单导出', '2069', '5', '#', '', 'F', '0', '1', 'his:entry:export', '#', 'admin', '2024-05-14 21:33:41', '', null, '');
INSERT INTO `sys_menu` VALUES ('2075', '挂号记录管理', '2003', '1', '/his/registers', 'menuItem', 'C', '0', '1', '', '#', 'admin', '2024-05-17 00:23:03', 'admin', '2024-05-17 17:55:16', '挂号记录菜单');
INSERT INTO `sys_menu` VALUES ('2076', '挂号记录查询', '2075', '1', '#', '', 'F', '0', '1', 'his:registers:list', '#', 'admin', '2024-05-17 00:23:03', '', null, '');
INSERT INTO `sys_menu` VALUES ('2077', '挂号记录新增', '2075', '2', '#', '', 'F', '0', '1', 'his:registers:add', '#', 'admin', '2024-05-17 00:23:03', '', null, '');
INSERT INTO `sys_menu` VALUES ('2078', '挂号记录修改', '2075', '3', '#', '', 'F', '0', '1', 'his:registers:edit', '#', 'admin', '2024-05-17 00:23:03', '', null, '');
INSERT INTO `sys_menu` VALUES ('2079', '挂号记录删除', '2075', '4', '#', '', 'F', '0', '1', 'his:registers:remove', '#', 'admin', '2024-05-17 00:23:03', '', null, '');
INSERT INTO `sys_menu` VALUES ('2080', '挂号记录导出', '2075', '5', '#', '', 'F', '0', '1', 'his:registers:export', '#', 'admin', '2024-05-17 00:23:03', '', null, '');
INSERT INTO `sys_menu` VALUES ('2081', '患者病历管理', '2061', '1', '/his/diagnosis', 'menuItem', 'C', '0', '1', 'his:diagnosis:view', '#', 'admin', '2024-05-17 13:11:09', 'admin', '2024-05-17 13:15:07', '患者病历菜单');
INSERT INTO `sys_menu` VALUES ('2082', '患者病历查询', '2081', '1', '#', '', 'F', '0', '1', 'his:diagnosis:list', '#', 'admin', '2024-05-17 13:11:09', '', null, '');
INSERT INTO `sys_menu` VALUES ('2083', '患者病历新增', '2081', '2', '#', '', 'F', '0', '1', 'his:diagnosis:add', '#', 'admin', '2024-05-17 13:11:09', '', null, '');
INSERT INTO `sys_menu` VALUES ('2084', '患者病历修改', '2081', '3', '#', '', 'F', '0', '1', 'his:diagnosis:edit', '#', 'admin', '2024-05-17 13:11:10', '', null, '');
INSERT INTO `sys_menu` VALUES ('2085', '患者病历删除', '2081', '4', '#', '', 'F', '0', '1', 'his:diagnosis:remove', '#', 'admin', '2024-05-17 13:11:10', '', null, '');
INSERT INTO `sys_menu` VALUES ('2086', '患者病历导出', '2081', '5', '#', '', 'F', '0', '1', 'his:diagnosis:export', '#', 'admin', '2024-05-17 13:11:10', '', null, '');
INSERT INTO `sys_menu` VALUES ('2087', '处方管理', '2061', '1', '/his/prescriptions', 'menuItem', 'C', '0', '1', 'his:prescriptions:view', '#', 'admin', '2024-05-17 13:11:18', 'admin', '2024-05-17 13:15:15', '处方菜单');
INSERT INTO `sys_menu` VALUES ('2088', '处方查询', '2087', '1', '#', '', 'F', '0', '1', 'his:prescriptions:list', '#', 'admin', '2024-05-17 13:11:18', '', null, '');
INSERT INTO `sys_menu` VALUES ('2089', '处方新增', '2087', '2', '#', '', 'F', '0', '1', 'his:prescriptions:add', '#', 'admin', '2024-05-17 13:11:18', '', null, '');
INSERT INTO `sys_menu` VALUES ('2090', '处方修改', '2087', '3', '#', '', 'F', '0', '1', 'his:prescriptions:edit', '#', 'admin', '2024-05-17 13:11:18', '', null, '');
INSERT INTO `sys_menu` VALUES ('2091', '处方删除', '2087', '4', '#', '', 'F', '0', '1', 'his:prescriptions:remove', '#', 'admin', '2024-05-17 13:11:18', '', null, '');
INSERT INTO `sys_menu` VALUES ('2092', '处方导出', '2087', '5', '#', '', 'F', '0', '1', 'his:prescriptions:export', '#', 'admin', '2024-05-17 13:11:18', '', null, '');
INSERT INTO `sys_menu` VALUES ('2093', '处方录入', '2061', '0', '/his/prescriptions/entry', 'menuItem', 'C', '0', '1', '', '#', 'admin', '2024-05-17 17:08:40', 'admin', '2024-05-17 17:12:31', '');

-- ----------------------------
-- Table structure for `sys_notice`
-- ----------------------------
DROP TABLE IF EXISTS `sys_notice`;
CREATE TABLE `sys_notice` (
  `notice_id` int NOT NULL AUTO_INCREMENT COMMENT '公告ID',
  `notice_title` varchar(50) COLLATE utf8mb4_general_ci NOT NULL COMMENT '公告标题',
  `notice_type` char(1) COLLATE utf8mb4_general_ci NOT NULL COMMENT '公告类型（1通知 2公告）',
  `notice_content` longblob COMMENT '公告内容',
  `status` char(1) COLLATE utf8mb4_general_ci DEFAULT '0' COMMENT '公告状态（0正常 1关闭）',
  `create_by` varchar(64) COLLATE utf8mb4_general_ci DEFAULT '' COMMENT '创建者',
  `create_time` datetime DEFAULT NULL COMMENT '创建时间',
  `update_by` varchar(64) COLLATE utf8mb4_general_ci DEFAULT '' COMMENT '更新者',
  `update_time` datetime DEFAULT NULL COMMENT '更新时间',
  `remark` varchar(255) COLLATE utf8mb4_general_ci DEFAULT NULL COMMENT '备注',
  PRIMARY KEY (`notice_id`)
) ENGINE=InnoDB AUTO_INCREMENT=10 DEFAULT CHARSET=utf8mb4 COLLATE=utf8mb4_general_ci COMMENT='通知公告表';

-- ----------------------------
-- Records of sys_notice
-- ----------------------------
INSERT INTO `sys_notice` VALUES ('1', '温馨提醒：2018-07-01 若依新版本发布啦', '2', 0xE696B0E78988E69CACE58685E5AEB9, '0', 'admin', '2024-04-19 21:41:40', '', null, '管理员');
INSERT INTO `sys_notice` VALUES ('2', '维护通知：2018-07-01 若依系统凌晨维护', '1', 0xE7BBB4E68AA4E58685E5AEB9, '0', 'admin', '2024-04-19 21:41:40', '', null, '管理员');
INSERT INTO `sys_notice` VALUES ('3', '若依开源框架介绍', '1', 0x3C703E3C7370616E207374796C653D22636F6C6F723A20726762283233302C20302C2030293B223EE9A1B9E79BAEE4BB8BE7BB8D3C2F7370616E3E3C2F703E3C703E3C666F6E7420636F6C6F723D2223333333333333223E52756F5969E5BC80E6BA90E9A1B9E79BAEE698AFE4B8BAE4BC81E4B89AE794A8E688B7E5AE9AE588B6E79A84E5908EE58FB0E8849AE6898BE69EB6E6A186E69EB6EFBC8CE4B8BAE4BC81E4B89AE68993E980A0E79A84E4B880E7AB99E5BC8FE8A7A3E586B3E696B9E6A188EFBC8CE9998DE4BD8EE4BC81E4B89AE5BC80E58F91E68890E69CACEFBC8CE68F90E58D87E5BC80E58F91E69588E78E87E38082E4B8BBE8A681E58C85E68BACE794A8E688B7E7AEA1E79086E38081E8A792E889B2E7AEA1E79086E38081E983A8E997A8E7AEA1E79086E38081E88F9CE58D95E7AEA1E79086E38081E58F82E695B0E7AEA1E79086E38081E5AD97E585B8E7AEA1E79086E380813C2F666F6E743E3C7370616E207374796C653D22636F6C6F723A207267622835312C2035312C203531293B223EE5B297E4BD8DE7AEA1E790863C2F7370616E3E3C7370616E207374796C653D22636F6C6F723A207267622835312C2035312C203531293B223EE38081E5AE9AE697B6E4BBBBE58AA13C2F7370616E3E3C7370616E207374796C653D22636F6C6F723A207267622835312C2035312C203531293B223EE380813C2F7370616E3E3C7370616E207374796C653D22636F6C6F723A207267622835312C2035312C203531293B223EE69C8DE58AA1E79B91E68EA7E38081E799BBE5BD95E697A5E5BF97E38081E6938DE4BD9CE697A5E5BF97E38081E4BBA3E7A081E7949FE68890E7AD89E58A9FE883BDE38082E585B6E4B8ADEFBC8CE8BF98E694AFE68C81E5A49AE695B0E68DAEE6BA90E38081E695B0E68DAEE69D83E99990E38081E59BBDE99985E58C96E380815265646973E7BC93E5AD98E38081446F636B6572E983A8E7BDB2E38081E6BB91E58AA8E9AA8CE8AF81E7A081E38081E7ACACE4B889E696B9E8AEA4E8AF81E799BBE5BD95E38081E58886E5B883E5BC8FE4BA8BE58AA1E380813C2F7370616E3E3C666F6E7420636F6C6F723D2223333333333333223EE58886E5B883E5BC8FE69687E4BBB6E5AD98E582A83C2F666F6E743E3C7370616E207374796C653D22636F6C6F723A207267622835312C2035312C203531293B223EE38081E58886E5BA93E58886E8A1A8E5A484E79086E7AD89E68A80E69CAFE789B9E782B9E380823C2F7370616E3E3C2F703E3C703E3C696D67207372633D2268747470733A2F2F666F727564612E67697465652E636F6D2F696D616765732F313730353033303538333937373430313635312F35656435646236615F313135313030342E706E6722207374796C653D2277696474683A20363470783B223E3C62723E3C2F703E3C703E3C7370616E207374796C653D22636F6C6F723A20726762283233302C20302C2030293B223EE5AE98E7BD91E58F8AE6BC94E7A4BA3C2F7370616E3E3C2F703E3C703E3C7370616E207374796C653D22636F6C6F723A207267622835312C2035312C203531293B223EE88BA5E4BE9DE5AE98E7BD91E59CB0E59D80EFBC9A266E6273703B3C2F7370616E3E3C6120687265663D22687474703A2F2F72756F79692E76697022207461726765743D225F626C616E6B223E687474703A2F2F72756F79692E7669703C2F613E3C6120687265663D22687474703A2F2F72756F79692E76697022207461726765743D225F626C616E6B223E3C2F613E3C2F703E3C703E3C7370616E207374796C653D22636F6C6F723A207267622835312C2035312C203531293B223EE88BA5E4BE9DE69687E6A1A3E59CB0E59D80EFBC9A266E6273703B3C2F7370616E3E3C6120687265663D22687474703A2F2F646F632E72756F79692E76697022207461726765743D225F626C616E6B223E687474703A2F2F646F632E72756F79692E7669703C2F613E3C62723E3C2F703E3C703E3C7370616E207374796C653D22636F6C6F723A207267622835312C2035312C203531293B223EE6BC94E7A4BAE59CB0E59D80E38090E4B88DE58886E7A6BBE78988E38091EFBC9A266E6273703B3C2F7370616E3E3C6120687265663D22687474703A2F2F64656D6F2E72756F79692E76697022207461726765743D225F626C616E6B223E687474703A2F2F64656D6F2E72756F79692E7669703C2F613E3C2F703E3C703E3C7370616E207374796C653D22636F6C6F723A207267622835312C2035312C203531293B223EE6BC94E7A4BAE59CB0E59D80E38090E58886E7A6BBE78988E69CACE38091EFBC9A266E6273703B3C2F7370616E3E3C6120687265663D22687474703A2F2F7675652E72756F79692E76697022207461726765743D225F626C616E6B223E687474703A2F2F7675652E72756F79692E7669703C2F613E3C2F703E3C703E3C7370616E207374796C653D22636F6C6F723A207267622835312C2035312C203531293B223EE6BC94E7A4BAE59CB0E59D80E38090E5BEAEE69C8DE58AA1E78988E38091EFBC9A266E6273703B3C2F7370616E3E3C6120687265663D22687474703A2F2F636C6F75642E72756F79692E76697022207461726765743D225F626C616E6B223E687474703A2F2F636C6F75642E72756F79692E7669703C2F613E3C2F703E3C703E3C7370616E207374796C653D22636F6C6F723A207267622835312C2035312C203531293B223EE6BC94E7A4BAE59CB0E59D80E38090E7A7BBE58AA8E7ABAFE78988E38091EFBC9A266E6273703B3C2F7370616E3E3C6120687265663D22687474703A2F2F68352E72756F79692E76697022207461726765743D225F626C616E6B223E687474703A2F2F68352E72756F79692E7669703C2F613E3C2F703E3C703E3C6272207374796C653D22636F6C6F723A207267622834382C2034392C203531293B20666F6E742D66616D696C793A202671756F743B48656C766574696361204E6575652671756F743B2C2048656C7665746963612C20417269616C2C2073616E732D73657269663B20666F6E742D73697A653A20313270783B223E3C2F703E, '0', 'admin', '2024-04-19 21:41:40', '', null, '管理员');

-- ----------------------------
-- Table structure for `sys_oper_log`
-- ----------------------------
DROP TABLE IF EXISTS `sys_oper_log`;
CREATE TABLE `sys_oper_log` (
  `oper_id` bigint NOT NULL AUTO_INCREMENT COMMENT '日志主键',
  `title` varchar(50) COLLATE utf8mb4_general_ci DEFAULT '' COMMENT '模块标题',
  `business_type` int DEFAULT '0' COMMENT '业务类型（0其它 1新增 2修改 3删除）',
  `method` varchar(100) COLLATE utf8mb4_general_ci DEFAULT '' COMMENT '方法名称',
  `request_method` varchar(10) COLLATE utf8mb4_general_ci DEFAULT '' COMMENT '请求方式',
  `operator_type` int DEFAULT '0' COMMENT '操作类别（0其它 1后台用户 2手机端用户）',
  `oper_name` varchar(50) COLLATE utf8mb4_general_ci DEFAULT '' COMMENT '操作人员',
  `dept_name` varchar(50) COLLATE utf8mb4_general_ci DEFAULT '' COMMENT '部门名称',
  `oper_url` varchar(255) COLLATE utf8mb4_general_ci DEFAULT '' COMMENT '请求URL',
  `oper_ip` varchar(128) COLLATE utf8mb4_general_ci DEFAULT '' COMMENT '主机地址',
  `oper_location` varchar(255) COLLATE utf8mb4_general_ci DEFAULT '' COMMENT '操作地点',
  `oper_param` varchar(2000) COLLATE utf8mb4_general_ci DEFAULT '' COMMENT '请求参数',
  `json_result` varchar(2000) COLLATE utf8mb4_general_ci DEFAULT '' COMMENT '返回参数',
  `status` int DEFAULT '0' COMMENT '操作状态（0正常 1异常）',
  `error_msg` varchar(2000) COLLATE utf8mb4_general_ci DEFAULT '' COMMENT '错误消息',
  `oper_time` datetime DEFAULT NULL COMMENT '操作时间',
  `cost_time` bigint DEFAULT '0' COMMENT '消耗时间',
  PRIMARY KEY (`oper_id`),
  KEY `idx_sys_oper_log_bt` (`business_type`),
  KEY `idx_sys_oper_log_s` (`status`),
  KEY `idx_sys_oper_log_ot` (`oper_time`)
) ENGINE=InnoDB AUTO_INCREMENT=509 DEFAULT CHARSET=utf8mb4 COLLATE=utf8mb4_general_ci COMMENT='操作日志记录';

-- ----------------------------
-- Records of sys_oper_log
-- ----------------------------
INSERT INTO `sys_oper_log` VALUES ('100', '用户管理', '1', 'com.ruoyi.project.system.user.controller.UserController.addSave()', 'POST', '1', 'admin', '研发部门', '/system/user/add', '127.0.0.1', '内网IP', '{\"deptId\":[\"\"],\"userName\":[\"测试患者\"],\"deptName\":[\"\"],\"phonenumber\":[\"\"],\"email\":[\"\"],\"loginName\":[\"test_patient\"],\"sex\":[\"0\"],\"role\":[\"2\"],\"remark\":[\"\"],\"status\":[\"0\"],\"roleIds\":[\"2\"],\"postIds\":[\"\"]}', '{\"msg\":\"操作成功\",\"code\":0}', '0', null, '2024-04-19 22:36:33', '93');
INSERT INTO `sys_oper_log` VALUES ('101', '代码生成', '6', 'com.ruoyi.project.tool.gen.controller.GenController.importTableSave()', 'POST', '1', 'admin', '研发部门', '/tool/gen/importTable', '127.0.0.1', '内网IP', '{\"tables\":[\"his_patients\"]}', '{\"msg\":\"操作成功\",\"code\":0}', '0', null, '2024-04-20 09:08:02', '175');
INSERT INTO `sys_oper_log` VALUES ('102', '代码生成', '6', 'com.ruoyi.project.tool.gen.controller.GenController.importTableSave()', 'POST', '1', 'admin', '研发部门', '/tool/gen/importTable', '127.0.0.1', '内网IP', '{\"tables\":[\"his_registers\"]}', '{\"msg\":\"操作成功\",\"code\":0}', '0', null, '2024-04-20 09:08:06', '44');
INSERT INTO `sys_oper_log` VALUES ('103', '菜单管理', '1', 'com.ruoyi.project.system.menu.controller.MenuController.addSave()', 'POST', '1', 'admin', '研发部门', '/system/menu/add', '127.0.0.1', '内网IP', '{\"parentId\":[\"0\"],\"menuType\":[\"M\"],\"menuName\":[\"测试\"],\"url\":[\"\"],\"target\":[\"menuItem\"],\"perms\":[\"\"],\"orderNum\":[\"0\"],\"icon\":[\"\"],\"visible\":[\"0\"],\"isRefresh\":[\"1\"]}', '{\"msg\":\"操作成功\",\"code\":0}', '0', null, '2024-04-20 09:08:50', '20');
INSERT INTO `sys_oper_log` VALUES ('104', '代码生成', '2', 'com.ruoyi.project.tool.gen.controller.GenController.editSave()', 'POST', '1', 'admin', '研发部门', '/tool/gen/edit', '127.0.0.1', '内网IP', '{\"tableId\":[\"1\"],\"tableName\":[\"his_patients\"],\"tableComment\":[\"患者信息表\"],\"className\":[\"HisPatients\"],\"functionAuthor\":[\"SteveMMMy\"],\"remark\":[\"\"],\"columns[0].columnId\":[\"1\"],\"columns[0].sort\":[\"1\"],\"columns[0].columnComment\":[\"患者编号\"],\"columns[0].javaType\":[\"Long\"],\"columns[0].javaField\":[\"patientId\"],\"columns[0].isInsert\":[\"1\"],\"columns[0].queryType\":[\"EQ\"],\"columns[0].htmlType\":[\"input\"],\"columns[0].dictType\":[\"\"],\"columns[1].columnId\":[\"2\"],\"columns[1].sort\":[\"2\"],\"columns[1].columnComment\":[\"用户ID\"],\"columns[1].javaType\":[\"Long\"],\"columns[1].javaField\":[\"userId\"],\"columns[1].isInsert\":[\"1\"],\"columns[1].isEdit\":[\"1\"],\"columns[1].isList\":[\"1\"],\"columns[1].isQuery\":[\"1\"],\"columns[1].queryType\":[\"EQ\"],\"columns[1].htmlType\":[\"input\"],\"columns[1].dictType\":[\"\"],\"columns[2].columnId\":[\"3\"],\"columns[2].sort\":[\"3\"],\"columns[2].columnComment\":[\"姓名\"],\"columns[2].javaType\":[\"String\"],\"columns[2].javaField\":[\"patientName\"],\"columns[2].isInsert\":[\"1\"],\"columns[2].isEdit\":[\"1\"],\"columns[2].isList\":[\"1\"],\"columns[2].isQuery\":[\"1\"],\"columns[2].queryType\":[\"LIKE\"],\"columns[2].isRequired\":[\"1\"],\"columns[2].htmlType\":[\"input\"],\"columns[2].dictType\":[\"\"],\"columns[3].columnId\":[\"4\"],\"columns[3].sort\":[\"4\"],\"columns[3].columnComment\":[\"性别\"],\"columns[3].javaType\":[\"Long\"],\"columns[3].javaField\":[\"patientSex\"],\"columns[3].isInsert\":[\"1\"],\"columns[3].isEdit\":[\"1\"],\"columns[3].isList\":[\"1\"],\"columns[3].isQuery\":[\"1\"],\"columns[3].queryType\":[\"EQ\"],\"columns[3].isRequired\":[\"1\"],\"columns[3].htmlType\":[\"select\"],\"columns[3].dictType\":[\"sys_user_sex\"],\"columns[4].columnId\":[\"5\"],\"columns[4].sort\":[\"5\"],\"columns[4].columnComment\":[\"出生日期\"],\"columns[4].javaType\":[\"Date\"],\"columns[4].javaField\":[\"patientBirthDate\"],\"columns[4].isInsert\":[\"1\"],\"columns[4].isEdit\":[\"1\"],\"columns[4].isList\":[\"1\"],\"columns[4].isQuery\":[\"1\"],\"columns[4].queryType\":[\"EQ\"],\"columns[4].isRequired\":[\"1\"],\"columns[4].htmlType\":[\"datetime\"],\"columns[4].dictType\":[\"\"],\"columns[5].columnId\":[\"6\"],\"columns[5].sort\":[\"6\"],\"columns[5', '{\"msg\":\"操作成功\",\"code\":0}', '0', null, '2024-04-20 09:09:08', '43');
INSERT INTO `sys_oper_log` VALUES ('105', '代码生成', '8', 'com.ruoyi.project.tool.gen.controller.GenController.download()', 'GET', '1', 'admin', '研发部门', '/tool/gen/download/his_patients', '127.0.0.1', '内网IP', '\"his_patients\"', null, '0', null, '2024-04-20 09:17:12', '164');
INSERT INTO `sys_oper_log` VALUES ('106', '菜单管理', '1', 'com.ruoyi.project.system.menu.controller.MenuController.addSave()', 'POST', '1', 'admin', '研发部门', '/system/menu/add', '127.0.0.1', '内网IP', '{\"parentId\":[\"2000\"],\"menuType\":[\"C\"],\"menuName\":[\"挂号\"],\"url\":[\"/test/registration\"],\"target\":[\"menuItem\"],\"perms\":[\"\"],\"orderNum\":[\"1\"],\"icon\":[\"\"],\"visible\":[\"0\"],\"isRefresh\":[\"1\"]}', '{\"msg\":\"操作成功\",\"code\":0}', '0', null, '2024-04-20 10:45:10', '122');
INSERT INTO `sys_oper_log` VALUES ('107', '参数管理', '2', 'com.ruoyi.project.system.config.controller.ConfigController.editSave()', 'POST', '1', 'admin', '研发部门', '/system/config/edit', '127.0.0.1', '内网IP', '{\"configId\":[\"9\"],\"configName\":[\"主框架页-是否开启页脚\"],\"configKey\":[\"sys.index.footer\"],\"configValue\":[\"false\"],\"configType\":[\"Y\"],\"remark\":[\"是否开启底部页脚显示（true显示，false隐藏）\"]}', '{\"msg\":\"操作成功\",\"code\":0}', '0', null, '2024-04-20 10:45:47', '26');
INSERT INTO `sys_oper_log` VALUES ('108', '菜单管理', '1', 'com.ruoyi.project.system.menu.controller.MenuController.addSave()', 'POST', '1', 'admin', '研发部门', '/system/menu/add', '127.0.0.1', '内网IP', '{\"parentId\":[\"2000\"],\"menuType\":[\"C\"],\"menuName\":[\"患者信息\"],\"url\":[\"/test/patient\"],\"target\":[\"menuItem\"],\"perms\":[\"\"],\"orderNum\":[\"2\"],\"icon\":[\"\"],\"visible\":[\"0\"],\"isRefresh\":[\"1\"]}', '{\"msg\":\"操作成功\",\"code\":0}', '0', null, '2024-04-20 20:47:56', '134');
INSERT INTO `sys_oper_log` VALUES ('109', '菜单管理', '2', 'com.ruoyi.project.system.menu.controller.MenuController.editSave()', 'POST', '1', 'admin', '研发部门', '/system/menu/edit', '127.0.0.1', '内网IP', '{\"menuId\":[\"2002\"],\"parentId\":[\"2000\"],\"menuType\":[\"C\"],\"menuName\":[\"患者信息\"],\"url\":[\"/test/patients\"],\"target\":[\"menuItem\"],\"perms\":[\"\"],\"orderNum\":[\"2\"],\"icon\":[\"#\"],\"visible\":[\"0\"],\"isRefresh\":[\"1\"]}', '{\"msg\":\"操作成功\",\"code\":0}', '0', null, '2024-04-20 20:48:44', '18');
INSERT INTO `sys_oper_log` VALUES ('110', '患者信息', '1', 'com.ruoyi.project.test.registration.controller.HisPatientsController.addSave()', 'POST', '1', 'admin', '研发部门', '/test/patients/add', '127.0.0.1', '内网IP', '{\"userId\":[\"\"],\"patientName\":[\"钱八\"],\"patientSex\":[\"0\"],\"patientBirthDate\":[\"2024-04-08\"],\"patientAge\":[\"46\"],\"patientIdCardNum\":[\"121\"],\"patientMedCardNum\":[\"\"],\"patientPhoneNum\":[\"213\"],\"btSelectAll\":[\"\"]}', '{\"msg\":\"操作成功\",\"code\":0}', '0', null, '2024-04-20 21:01:14', '46');
INSERT INTO `sys_oper_log` VALUES ('111', '患者信息', '1', 'com.ruoyi.project.test.registration.controller.HisPatientsController.addSave()', 'POST', '1', 'admin', '研发部门', '/test/patients/add', '127.0.0.1', '内网IP', '{\"userId\":[\"\"],\"patientName\":[\"张三\"],\"patientSex\":[\"0\"],\"patientBirthDate\":[\"2024-04-01\"],\"patientAge\":[\"1\"],\"patientIdCardNum\":[\"12145\"],\"patientMedCardNum\":[\"\"],\"patientPhoneNum\":[\"135\"],\"btSelectAll\":[\"\"]}', '{\"msg\":\"操作成功\",\"code\":0}', '0', null, '2024-04-20 21:01:38', '17');
INSERT INTO `sys_oper_log` VALUES ('112', '部门管理', '3', 'com.ruoyi.project.system.dept.controller.DeptController.remove()', 'GET', '1', 'admin', '研发部门', '/system/dept/remove/102', '127.0.0.1', '内网IP', '102', '{\"msg\":\"存在下级部门,不允许删除\",\"code\":301}', '0', null, '2024-04-20 21:13:49', '6');
INSERT INTO `sys_oper_log` VALUES ('113', '部门管理', '3', 'com.ruoyi.project.system.dept.controller.DeptController.remove()', 'GET', '1', 'admin', '研发部门', '/system/dept/remove/108', '127.0.0.1', '内网IP', '108', '{\"msg\":\"操作成功\",\"code\":0}', '0', null, '2024-04-20 21:13:52', '21');
INSERT INTO `sys_oper_log` VALUES ('114', '部门管理', '3', 'com.ruoyi.project.system.dept.controller.DeptController.remove()', 'GET', '1', 'admin', '研发部门', '/system/dept/remove/109', '127.0.0.1', '内网IP', '109', '{\"msg\":\"操作成功\",\"code\":0}', '0', null, '2024-04-20 21:13:54', '25');
INSERT INTO `sys_oper_log` VALUES ('115', '部门管理', '3', 'com.ruoyi.project.system.dept.controller.DeptController.remove()', 'GET', '1', 'admin', '研发部门', '/system/dept/remove/102', '127.0.0.1', '内网IP', '102', '{\"msg\":\"操作成功\",\"code\":0}', '0', null, '2024-04-20 21:13:56', '19');
INSERT INTO `sys_oper_log` VALUES ('116', '部门管理', '3', 'com.ruoyi.project.system.dept.controller.DeptController.remove()', 'GET', '1', 'admin', '研发部门', '/system/dept/remove/104', '127.0.0.1', '内网IP', '104', '{\"msg\":\"操作成功\",\"code\":0}', '0', null, '2024-04-20 21:14:21', '20');
INSERT INTO `sys_oper_log` VALUES ('117', '部门管理', '3', 'com.ruoyi.project.system.dept.controller.DeptController.remove()', 'GET', '1', 'admin', '研发部门', '/system/dept/remove/105', '127.0.0.1', '内网IP', '105', '{\"msg\":\"部门存在用户,不允许删除\",\"code\":301}', '0', null, '2024-04-20 21:14:24', '5');
INSERT INTO `sys_oper_log` VALUES ('118', '部门管理', '3', 'com.ruoyi.project.system.dept.controller.DeptController.remove()', 'GET', '1', 'admin', '研发部门', '/system/dept/remove/107', '127.0.0.1', '内网IP', '107', '{\"msg\":\"操作成功\",\"code\":0}', '0', null, '2024-04-20 21:14:27', '18');
INSERT INTO `sys_oper_log` VALUES ('119', '部门管理', '1', 'com.ruoyi.project.system.dept.controller.DeptController.addSave()', 'POST', '1', 'admin', '研发部门', '/system/dept/add', '127.0.0.1', '内网IP', '{\"parentId\":[\"100\"],\"deptName\":[\"办公室\"],\"orderNum\":[\"0\"],\"leader\":[\"LongTau\"],\"phone\":[\"\"],\"email\":[\"\"],\"status\":[\"0\"]}', '{\"msg\":\"操作成功\",\"code\":0}', '0', null, '2024-04-20 21:18:21', '21');
INSERT INTO `sys_oper_log` VALUES ('120', '部门管理', '1', 'com.ruoyi.project.system.dept.controller.DeptController.addSave()', 'POST', '1', 'admin', '研发部门', '/system/dept/add', '127.0.0.1', '内网IP', '{\"parentId\":[\"100\"],\"deptName\":[\"科室\"],\"orderNum\":[\"1\"],\"leader\":[\"\"],\"phone\":[\"\"],\"email\":[\"\"],\"status\":[\"0\"]}', '{\"msg\":\"操作成功\",\"code\":0}', '0', null, '2024-04-20 21:21:02', '19');
INSERT INTO `sys_oper_log` VALUES ('121', '部门管理', '1', 'com.ruoyi.project.system.dept.controller.DeptController.addSave()', 'POST', '1', 'admin', '研发部门', '/system/dept/add', '127.0.0.1', '内网IP', '{\"parentId\":[\"201\"],\"deptName\":[\"综合科室\"],\"orderNum\":[\"0\"],\"leader\":[\"\"],\"phone\":[\"\"],\"email\":[\"\"],\"status\":[\"0\"]}', '{\"msg\":\"操作成功\",\"code\":0}', '0', null, '2024-04-20 21:21:13', '22');
INSERT INTO `sys_oper_log` VALUES ('122', '用户管理', '2', 'com.ruoyi.project.system.user.controller.UserController.editSave()', 'POST', '1', 'admin', '研发部门', '/system/user/edit', '127.0.0.1', '内网IP', '{\"userId\":[\"2\"],\"deptId\":[\"202\"],\"userName\":[\"张医生\"],\"dept.deptName\":[\"综合科室\"],\"phonenumber\":[\"15666666666\"],\"email\":[\"ry@qq.com\"],\"loginName\":[\"ry\"],\"sex\":[\"1\"],\"role\":[\"2\"],\"remark\":[\"测试员\"],\"status\":[\"0\"],\"roleIds\":[\"2\"],\"postIds\":[\"\"]}', '{\"msg\":\"操作成功\",\"code\":0}', '0', null, '2024-04-20 21:21:59', '41');
INSERT INTO `sys_oper_log` VALUES ('123', '部门管理', '3', 'com.ruoyi.project.system.dept.controller.DeptController.remove()', 'GET', '1', 'admin', '研发部门', '/system/dept/remove/103', '127.0.0.1', '内网IP', '103', '{\"msg\":\"操作成功\",\"code\":0}', '0', null, '2024-04-20 21:22:17', '21');
INSERT INTO `sys_oper_log` VALUES ('124', '部门管理', '3', 'com.ruoyi.project.system.dept.controller.DeptController.remove()', 'GET', '1', 'admin', '研发部门', '/system/dept/remove/105', '127.0.0.1', '内网IP', '105', '{\"msg\":\"操作成功\",\"code\":0}', '0', null, '2024-04-20 21:22:19', '20');
INSERT INTO `sys_oper_log` VALUES ('125', '部门管理', '3', 'com.ruoyi.project.system.dept.controller.DeptController.remove()', 'GET', '1', 'admin', '研发部门', '/system/dept/remove/106', '127.0.0.1', '内网IP', '106', '{\"msg\":\"操作成功\",\"code\":0}', '0', null, '2024-04-20 21:22:20', '12');
INSERT INTO `sys_oper_log` VALUES ('126', '部门管理', '3', 'com.ruoyi.project.system.dept.controller.DeptController.remove()', 'GET', '1', 'admin', '研发部门', '/system/dept/remove/101', '127.0.0.1', '内网IP', '101', '{\"msg\":\"操作成功\",\"code\":0}', '0', null, '2024-04-20 21:22:22', '12');
INSERT INTO `sys_oper_log` VALUES ('127', '角色管理', '2', 'com.ruoyi.project.system.role.controller.RoleController.authDataScopeSave()', 'POST', '1', 'admin', '办公室', '/system/role/authDataScope', '127.0.0.1', '内网IP', '{\"roleId\":[\"2\"],\"roleName\":[\"普通角色\"],\"roleKey\":[\"common\"],\"dataScope\":[\"3\"],\"deptIds\":[\"\"]}', '{\"msg\":\"操作成功\",\"code\":0}', '0', null, '2024-04-20 21:23:41', '22');
INSERT INTO `sys_oper_log` VALUES ('128', '用户管理', '4', 'com.ruoyi.project.system.user.controller.UserController.insertAuthRole()', 'POST', '1', 'admin', '办公室', '/system/user/authRole/insertAuthRole', '127.0.0.1', '内网IP', '{\"userId\":[\"2\"],\"roleIds\":[\"2\"]}', '{\"msg\":\"操作成功\",\"code\":0}', '0', null, '2024-04-20 21:23:57', '16');
INSERT INTO `sys_oper_log` VALUES ('129', '用户管理', '4', 'com.ruoyi.project.system.user.controller.UserController.insertAuthRole()', 'POST', '1', 'admin', '办公室', '/system/user/authRole/insertAuthRole', '127.0.0.1', '内网IP', '{\"userId\":[\"100\"],\"roleIds\":[\"2\"]}', '{\"msg\":\"操作成功\",\"code\":0}', '0', null, '2024-04-20 21:24:03', '17');
INSERT INTO `sys_oper_log` VALUES ('130', '部门管理', '1', 'com.ruoyi.project.system.dept.controller.DeptController.addSave()', 'POST', '1', 'admin', '办公室', '/system/dept/add', '127.0.0.1', '内网IP', '{\"parentId\":[\"201\"],\"deptName\":[\"内科\"],\"orderNum\":[\"1\"],\"leader\":[\"\"],\"phone\":[\"\"],\"email\":[\"\"],\"status\":[\"0\"]}', '{\"msg\":\"操作成功\",\"code\":0}', '0', null, '2024-04-20 21:26:11', '29');
INSERT INTO `sys_oper_log` VALUES ('131', '部门管理', '1', 'com.ruoyi.project.system.dept.controller.DeptController.addSave()', 'POST', '1', 'admin', '办公室', '/system/dept/add', '127.0.0.1', '内网IP', '{\"parentId\":[\"201\"],\"deptName\":[\"外科\"],\"orderNum\":[\"1\"],\"leader\":[\"\"],\"phone\":[\"\"],\"email\":[\"\"],\"status\":[\"0\"]}', '{\"msg\":\"操作成功\",\"code\":0}', '0', null, '2024-04-20 21:26:21', '14');
INSERT INTO `sys_oper_log` VALUES ('132', '部门管理', '2', 'com.ruoyi.project.system.dept.controller.DeptController.editSave()', 'POST', '1', 'admin', '办公室', '/system/dept/edit', '127.0.0.1', '内网IP', '{\"deptId\":[\"203\"],\"parentId\":[\"201\"],\"parentName\":[\"科室\"],\"deptName\":[\"内科\"],\"orderNum\":[\"2\"],\"leader\":[\"\"],\"phone\":[\"\"],\"email\":[\"\"],\"status\":[\"0\"]}', '{\"msg\":\"操作成功\",\"code\":0}', '0', null, '2024-04-20 21:26:26', '37');
INSERT INTO `sys_oper_log` VALUES ('133', '用户管理', '2', 'com.ruoyi.project.system.user.controller.UserController.editSave()', 'POST', '1', 'admin', '办公室', '/system/user/edit', '127.0.0.1', '内网IP', '{\"userId\":[\"2\"],\"deptId\":[\"202\"],\"userName\":[\"张\"],\"dept.deptName\":[\"综合科室\"],\"phonenumber\":[\"15666666666\"],\"email\":[\"\"],\"loginName\":[\"ry\"],\"sex\":[\"1\"],\"role\":[\"2\"],\"remark\":[\"测试员\"],\"status\":[\"0\"],\"roleIds\":[\"2\"],\"postIds\":[\"\"]}', '{\"msg\":\"操作成功\",\"code\":0}', '0', null, '2024-04-20 21:27:02', '31');
INSERT INTO `sys_oper_log` VALUES ('134', '岗位管理', '3', 'com.ruoyi.project.system.post.controller.PostController.remove()', 'POST', '1', 'admin', '办公室', '/system/post/remove', '127.0.0.1', '内网IP', '{\"ids\":[\"1,2,3,4\"]}', '{\"msg\":\"董事长已分配,不能删除\",\"code\":500}', '0', null, '2024-04-20 21:27:09', '7');
INSERT INTO `sys_oper_log` VALUES ('135', '岗位管理', '3', 'com.ruoyi.project.system.post.controller.PostController.remove()', 'POST', '1', 'admin', '办公室', '/system/post/remove', '127.0.0.1', '内网IP', '{\"ids\":[\"2,3,4\"]}', '{\"msg\":\"操作成功\",\"code\":0}', '0', null, '2024-04-20 21:27:11', '27');
INSERT INTO `sys_oper_log` VALUES ('136', '岗位管理', '2', 'com.ruoyi.project.system.post.controller.PostController.editSave()', 'POST', '1', 'admin', '办公室', '/system/post/edit', '127.0.0.1', '内网IP', '{\"postId\":[\"1\"],\"postName\":[\"主任\"],\"postCode\":[\"director\"],\"postSort\":[\"1\"],\"status\":[\"0\"],\"remark\":[\"\"]}', '{\"msg\":\"操作成功\",\"code\":0}', '0', null, '2024-04-20 21:28:39', '15');
INSERT INTO `sys_oper_log` VALUES ('137', '岗位管理', '1', 'com.ruoyi.project.system.post.controller.PostController.addSave()', 'POST', '1', 'admin', '办公室', '/system/post/add', '127.0.0.1', '内网IP', '{\"postName\":[\"医生\"],\"postCode\":[\"doctor\"],\"postSort\":[\"1\"],\"status\":[\"0\"],\"remark\":[\"\"]}', '{\"msg\":\"操作成功\",\"code\":0}', '0', null, '2024-04-20 21:33:37', '30');
INSERT INTO `sys_oper_log` VALUES ('138', '部门管理', '1', 'com.ruoyi.project.system.dept.controller.DeptController.addSave()', 'POST', '1', 'admin', '办公室', '/system/dept/add', '127.0.0.1', '内网IP', '{\"parentId\":[\"201\"],\"deptName\":[\"中医科\"],\"orderNum\":[\"3\"],\"leader\":[\"\"],\"phone\":[\"\"],\"email\":[\"\"],\"status\":[\"0\"]}', '{\"msg\":\"操作成功\",\"code\":0}', '0', null, '2024-04-21 16:48:46', '80');
INSERT INTO `sys_oper_log` VALUES ('139', '部门管理', '3', 'com.ruoyi.project.system.dept.controller.DeptController.remove()', 'GET', '1', 'admin', '办公室', '/system/dept/remove/205', '127.0.0.1', '内网IP', '205', '{\"msg\":\"操作成功\",\"code\":0}', '0', null, '2024-04-21 16:49:00', '18');
INSERT INTO `sys_oper_log` VALUES ('140', '用户管理', '2', 'com.ruoyi.project.system.user.controller.UserController.editSave()', 'POST', '1', 'admin', '办公室', '/system/user/edit', '127.0.0.1', '内网IP', '{\"userId\":[\"2\"],\"deptId\":[\"202\"],\"userName\":[\"张医生\"],\"dept.deptName\":[\"综合科室\"],\"phonenumber\":[\"15666666666\"],\"email\":[\"\"],\"loginName\":[\"ry\"],\"sex\":[\"1\"],\"role\":[\"2\"],\"remark\":[\"测试员\"],\"status\":[\"0\"],\"roleIds\":[\"2\"],\"postIds\":[\"\"]}', '{\"msg\":\"操作成功\",\"code\":0}', '0', null, '2024-04-21 16:51:51', '38');
INSERT INTO `sys_oper_log` VALUES ('141', '用户管理', '1', 'com.ruoyi.project.system.user.controller.UserController.addSave()', 'POST', '1', 'admin', '办公室', '/system/user/add', '127.0.0.1', '内网IP', '{\"deptId\":[\"204\"],\"userName\":[\"李医生\"],\"deptName\":[\"外科\"],\"phonenumber\":[\"\"],\"email\":[\"\"],\"loginName\":[\"docli\"],\"sex\":[\"0\"],\"role\":[\"2\"],\"remark\":[\"\"],\"status\":[\"0\"],\"roleIds\":[\"2\"],\"postIds\":[\"5\"]}', '{\"msg\":\"操作成功\",\"code\":0}', '0', null, '2024-04-21 16:52:22', '28');
INSERT INTO `sys_oper_log` VALUES ('142', '用户管理', '1', 'com.ruoyi.project.system.user.controller.UserController.addSave()', 'POST', '1', 'admin', '办公室', '/system/user/add', '127.0.0.1', '内网IP', '{\"deptId\":[\"203\"],\"userName\":[\"王医生\"],\"deptName\":[\"内科\"],\"phonenumber\":[\"\"],\"email\":[\"\"],\"loginName\":[\"docwang\"],\"sex\":[\"1\"],\"role\":[\"2\"],\"remark\":[\"\"],\"status\":[\"0\"],\"roleIds\":[\"2\"],\"postIds\":[\"5\"]}', '{\"msg\":\"操作成功\",\"code\":0}', '0', null, '2024-04-21 16:52:54', '22');
INSERT INTO `sys_oper_log` VALUES ('143', '用户管理', '4', 'com.ruoyi.project.system.user.controller.UserController.insertAuthRole()', 'POST', '1', 'admin', '办公室', '/system/user/authRole/insertAuthRole', '127.0.0.1', '内网IP', '{\"userId\":[\"2\"],\"roleIds\":[\"2\"]}', '{\"msg\":\"操作成功\",\"code\":0}', '0', null, '2024-04-21 16:53:58', '21');
INSERT INTO `sys_oper_log` VALUES ('144', '用户管理', '2', 'com.ruoyi.project.system.user.controller.UserController.editSave()', 'POST', '1', 'admin', '办公室', '/system/user/edit', '127.0.0.1', '内网IP', '{\"userId\":[\"2\"],\"deptId\":[\"202\"],\"userName\":[\"张医生\"],\"dept.deptName\":[\"综合科室\"],\"phonenumber\":[\"15666666666\"],\"email\":[\"\"],\"loginName\":[\"ry\"],\"sex\":[\"1\"],\"role\":[\"2\"],\"remark\":[\"测试员\"],\"status\":[\"0\"],\"roleIds\":[\"2\"],\"postIds\":[\"5\"]}', '{\"msg\":\"操作成功\",\"code\":0}', '0', null, '2024-04-21 16:54:05', '30');
INSERT INTO `sys_oper_log` VALUES ('145', '患者信息', '1', 'com.ruoyi.project.test.registration.controller.HisPatientsController.addSave()', 'POST', '1', 'admin', '办公室', '/test/patients/add', '127.0.0.1', '内网IP', '{\"userId\":[\"\"],\"patientName\":[\"张三\"],\"patientSex\":[\"0\"],\"patientBirthDate\":[\"1978-01-12\"],\"patientAge\":[\"46\"],\"patientIdCardNum\":[\"110105198001018888\"],\"patientMedCardNum\":[\"\"],\"patientPhoneNum\":[\"213\"],\"btSelectAll\":[\"\"]}', null, '1', '\r\n### Error updating database.  Cause: java.sql.SQLException: Field \'user_id\' doesn\'t have a default value\r\n### The error may exist in file [D:\\Files\\JavaWeb\\RuoYi-fast-master\\target\\classes\\mybatis\\test\\HisPatientsMapper.xml]\r\n### The error may involve com.ruoyi.project.test.registration.mapper.HisPatientsMapper.insertHisPatients-Inline\r\n### The error occurred while setting parameters\r\n### SQL: insert into his_patients          ( patient_name,             patient_sex,             patient_birth_date,             patient_age,             patient_id_card_num,             patient_med_card_num,             patient_phone_num )           values ( ?,             ?,             ?,             ?,             ?,             ?,             ? )\r\n### Cause: java.sql.SQLException: Field \'user_id\' doesn\'t have a default value\n; Field \'user_id\' doesn\'t have a default value; nested exception is java.sql.SQLException: Field \'user_id\' doesn\'t have a default value', '2024-04-21 18:48:01', '188');
INSERT INTO `sys_oper_log` VALUES ('146', '患者信息', '1', 'com.ruoyi.project.test.registration.controller.HisPatientsController.addSave()', 'POST', '1', 'admin', '办公室', '/test/patients/add', '127.0.0.1', '内网IP', '{\"userId\":[\"\"],\"patientName\":[\"张三\"],\"patientSex\":[\"0\"],\"patientBirthDate\":[\"1978-01-12\"],\"patientAge\":[\"46\"],\"patientIdCardNum\":[\"110105198001018888\"],\"patientMedCardNum\":[\"\"],\"patientPhoneNum\":[\"213\"],\"btSelectAll\":[\"\"]}', '{\"msg\":\"操作成功\",\"code\":0}', '0', null, '2024-04-21 18:51:42', '24');
INSERT INTO `sys_oper_log` VALUES ('147', '患者信息', '1', 'com.ruoyi.project.test.registration.controller.HisPatientsController.addSave()', 'POST', '1', 'admin', '办公室', '/test/patients/add', '127.0.0.1', '内网IP', '{\"userId\":[\"\"],\"patientName\":[\"张四\"],\"patientSex\":[\"0\"],\"patientBirthDate\":[\"1977-12-31\"],\"patientAge\":[\"1\"],\"patientIdCardNum\":[\"43532\"],\"patientMedCardNum\":[\"\"],\"patientPhoneNum\":[\"213\"],\"btSelectAll\":[\"\"]}', '{\"msg\":\"操作成功\",\"code\":0}', '0', null, '2024-04-21 18:56:22', '83');
INSERT INTO `sys_oper_log` VALUES ('148', '用户管理', '1', 'com.ruoyi.project.system.user.controller.UserController.addSave()', 'POST', '1', 'admin', '办公室', '/system/user/add', '127.0.0.1', '内网IP', '{\"deptId\":[\"202\"],\"userName\":[\"邹医生\"],\"deptName\":[\"综合科室\"],\"phonenumber\":[\"\"],\"email\":[\"\"],\"loginName\":[\"doczou\"],\"sex\":[\"0\"],\"role\":[\"2\"],\"remark\":[\"\"],\"status\":[\"0\"],\"roleIds\":[\"2\"],\"postIds\":[\"5\"]}', '{\"msg\":\"操作成功\",\"code\":0}', '0', null, '2024-04-22 16:52:48', '151');
INSERT INTO `sys_oper_log` VALUES ('149', '患者信息', '3', 'com.ruoyi.project.test.registration.controller.HisPatientsController.remove()', 'POST', '1', 'admin', '办公室', '/test/patients/remove', '127.0.0.1', '内网IP', '{\"ids\":[\"8\"]}', '{\"msg\":\"操作成功\",\"code\":0}', '0', null, '2024-04-26 10:53:09', '1156');
INSERT INTO `sys_oper_log` VALUES ('150', '患者信息', '3', 'com.ruoyi.project.test.registration.controller.HisPatientsController.remove()', 'POST', '1', 'admin', '办公室', '/test/patients/remove', '127.0.0.1', '内网IP', '{\"ids\":[\"9\"]}', '{\"msg\":\"操作成功\",\"code\":0}', '0', null, '2024-04-26 10:56:16', '90');
INSERT INTO `sys_oper_log` VALUES ('151', '患者信息', '3', 'com.ruoyi.project.test.registration.controller.HisPatientsController.remove()', 'POST', '1', 'admin', '办公室', '/test/patients/remove', '127.0.0.1', '内网IP', '{\"ids\":[\"10,11,12,13,14,15\"]}', '{\"msg\":\"操作成功\",\"code\":0}', '0', null, '2024-04-26 11:26:24', '23');
INSERT INTO `sys_oper_log` VALUES ('152', '患者信息', '3', 'com.ruoyi.project.test.registration.controller.HisPatientsController.remove()', 'POST', '1', 'admin', '办公室', '/test/patients/remove', '127.0.0.1', '内网IP', '{\"ids\":[\"16,17,18,19,20,21,22,23,24,25\"]}', '{\"msg\":\"操作成功\",\"code\":0}', '0', null, '2024-04-26 17:03:44', '86');
INSERT INTO `sys_oper_log` VALUES ('153', '患者信息', '3', 'com.ruoyi.project.test.registration.controller.HisPatientsController.remove()', 'POST', '1', 'admin', '办公室', '/test/patients/remove', '127.0.0.1', '内网IP', '{\"ids\":[\"26,27\"]}', '{\"msg\":\"操作成功\",\"code\":0}', '0', null, '2024-04-26 17:04:34', '18');
INSERT INTO `sys_oper_log` VALUES ('154', '患者信息', '3', 'com.ruoyi.project.test.registration.controller.HisPatientsController.remove()', 'POST', '1', 'admin', '办公室', '/test/patients/remove', '127.0.0.1', '内网IP', '{\"ids\":[\"28\"]}', '{\"msg\":\"操作成功\",\"code\":0}', '0', null, '2024-04-26 17:05:06', '16');
INSERT INTO `sys_oper_log` VALUES ('155', '菜单管理', '1', 'com.ruoyi.project.system.menu.controller.MenuController.addSave()', 'POST', '1', 'admin', '办公室', '/system/menu/add', '127.0.0.1', '内网IP', '{\"parentId\":[\"0\"],\"menuType\":[\"M\"],\"menuName\":[\"挂号收费处\"],\"url\":[\"\"],\"target\":[\"menuItem\"],\"perms\":[\"\"],\"orderNum\":[\"0\"],\"icon\":[\"fa fa-user-plus\"],\"visible\":[\"0\"],\"isRefresh\":[\"1\"]}', '{\"msg\":\"操作成功\",\"code\":0}', '0', null, '2024-04-26 17:41:48', '74');
INSERT INTO `sys_oper_log` VALUES ('156', '菜单管理', '2', 'com.ruoyi.project.system.menu.controller.MenuController.editSave()', 'POST', '1', 'admin', '办公室', '/system/menu/edit', '127.0.0.1', '内网IP', '{\"menuId\":[\"2000\"],\"parentId\":[\"0\"],\"menuType\":[\"M\"],\"menuName\":[\"测试\"],\"url\":[\"#\"],\"target\":[\"menuItem\"],\"perms\":[\"\"],\"orderNum\":[\"1\"],\"icon\":[\"#\"],\"visible\":[\"0\"],\"isRefresh\":[\"1\"]}', '{\"msg\":\"操作成功\",\"code\":0}', '0', null, '2024-04-26 17:41:59', '17');
INSERT INTO `sys_oper_log` VALUES ('157', '菜单管理', '2', 'com.ruoyi.project.system.menu.controller.MenuController.editSave()', 'POST', '1', 'admin', '办公室', '/system/menu/edit', '127.0.0.1', '内网IP', '{\"menuId\":[\"2003\"],\"parentId\":[\"0\"],\"menuType\":[\"M\"],\"menuName\":[\"挂号收费处\"],\"url\":[\"#\"],\"target\":[\"menuItem\"],\"perms\":[\"\"],\"orderNum\":[\"0\"],\"icon\":[\"fa fa-user-plus\"],\"visible\":[\"0\"],\"isRefresh\":[\"1\"]}', '{\"msg\":\"操作成功\",\"code\":0}', '0', null, '2024-04-26 17:42:31', '12');
INSERT INTO `sys_oper_log` VALUES ('158', '菜单管理', '2', 'com.ruoyi.project.system.menu.controller.MenuController.editSave()', 'POST', '1', 'admin', '办公室', '/system/menu/edit', '127.0.0.1', '内网IP', '{\"menuId\":[\"2000\"],\"parentId\":[\"0\"],\"menuType\":[\"M\"],\"menuName\":[\"测试\"],\"url\":[\"#\"],\"target\":[\"menuItem\"],\"perms\":[\"\"],\"orderNum\":[\"5\"],\"icon\":[\"#\"],\"visible\":[\"0\"],\"isRefresh\":[\"1\"]}', '{\"msg\":\"操作成功\",\"code\":0}', '0', null, '2024-04-26 17:44:38', '15');
INSERT INTO `sys_oper_log` VALUES ('159', '菜单管理', '1', 'com.ruoyi.project.system.menu.controller.MenuController.addSave()', 'POST', '1', 'admin', '办公室', '/system/menu/add', '127.0.0.1', '内网IP', '{\"parentId\":[\"2003\"],\"menuType\":[\"C\"],\"menuName\":[\"挂号\"],\"url\":[\"/his/registration\"],\"target\":[\"menuItem\"],\"perms\":[\"\"],\"orderNum\":[\"1\"],\"icon\":[\"\"],\"visible\":[\"0\"],\"isRefresh\":[\"1\"]}', '{\"msg\":\"操作成功\",\"code\":0}', '0', null, '2024-04-26 17:44:58', '9');
INSERT INTO `sys_oper_log` VALUES ('160', '菜单管理', '1', 'com.ruoyi.project.system.menu.controller.MenuController.addSave()', 'POST', '1', 'admin', '办公室', '/system/menu/add', '127.0.0.1', '内网IP', '{\"parentId\":[\"2003\"],\"menuType\":[\"C\"],\"menuName\":[\"患者信息管理\"],\"url\":[\"\"],\"target\":[\"menuItem\"],\"perms\":[\"\"],\"orderNum\":[\"1\"],\"icon\":[\"\"],\"visible\":[\"0\"],\"isRefresh\":[\"1\"]}', '{\"msg\":\"操作成功\",\"code\":0}', '0', null, '2024-04-27 08:52:26', '91');
INSERT INTO `sys_oper_log` VALUES ('161', '菜单管理', '2', 'com.ruoyi.project.system.menu.controller.MenuController.editSave()', 'POST', '1', 'admin', '办公室', '/system/menu/edit', '127.0.0.1', '内网IP', '{\"menuId\":[\"2005\"],\"parentId\":[\"2003\"],\"menuType\":[\"C\"],\"menuName\":[\"患者信息管理\"],\"url\":[\"his/patients\"],\"target\":[\"menuItem\"],\"perms\":[\"\"],\"orderNum\":[\"1\"],\"icon\":[\"#\"],\"visible\":[\"0\"],\"isRefresh\":[\"1\"]}', '{\"msg\":\"操作成功\",\"code\":0}', '0', null, '2024-04-27 08:52:43', '15');
INSERT INTO `sys_oper_log` VALUES ('162', '菜单管理', '2', 'com.ruoyi.project.system.menu.controller.MenuController.editSave()', 'POST', '1', 'admin', '办公室', '/system/menu/edit', '127.0.0.1', '内网IP', '{\"menuId\":[\"2005\"],\"parentId\":[\"2003\"],\"menuType\":[\"C\"],\"menuName\":[\"患者信息管理\"],\"url\":[\"/his/patients\"],\"target\":[\"menuItem\"],\"perms\":[\"\"],\"orderNum\":[\"1\"],\"icon\":[\"#\"],\"visible\":[\"0\"],\"isRefresh\":[\"1\"]}', '{\"msg\":\"操作成功\",\"code\":0}', '0', null, '2024-04-27 08:52:51', '13');
INSERT INTO `sys_oper_log` VALUES ('163', '患者信息', '1', 'com.ruoyi.project.his.registration.controller.HisPatientsController.addSave()', 'POST', '1', 'admin', '办公室', '/his/patients/add', '127.0.0.1', '内网IP', '{\"userId\":[\"\"],\"patientName\":[\"刘张\"],\"patientSex\":[\"0\"],\"patientBirthDate\":[\"2019-01-09\"],\"patientAge\":[\"12\"],\"patientIdCardNum\":[\"1234567890\"],\"patientMedCardNum\":[\"\"],\"patientPhoneNum\":[\"6643\"],\"btSelectAll\":[\"\"]}', '{\"msg\":\"操作成功\",\"code\":0}', '0', null, '2024-04-27 08:55:36', '31');
INSERT INTO `sys_oper_log` VALUES ('164', '菜单管理', '2', 'com.ruoyi.project.system.menu.controller.MenuController.editSave()', 'POST', '1', 'admin', '办公室', '/system/menu/edit', '127.0.0.1', '内网IP', '{\"menuId\":[\"2000\"],\"parentId\":[\"0\"],\"menuType\":[\"M\"],\"menuName\":[\"测试\"],\"url\":[\"#\"],\"target\":[\"menuItem\"],\"perms\":[\"\"],\"orderNum\":[\"5\"],\"icon\":[\"#\"],\"visible\":[\"1\"],\"isRefresh\":[\"1\"]}', '{\"msg\":\"操作成功\",\"code\":0}', '0', null, '2024-04-27 09:23:40', '134');
INSERT INTO `sys_oper_log` VALUES ('165', '菜单管理', '2', 'com.ruoyi.project.system.menu.controller.MenuController.editSave()', 'POST', '1', 'admin', '办公室', '/system/menu/edit', '127.0.0.1', '内网IP', '{\"menuId\":[\"2000\"],\"parentId\":[\"0\"],\"menuType\":[\"M\"],\"menuName\":[\"测试\"],\"url\":[\"#\"],\"target\":[\"menuItem\"],\"perms\":[\"\"],\"orderNum\":[\"0\"],\"icon\":[\"#\"],\"visible\":[\"1\"],\"isRefresh\":[\"1\"]}', '{\"msg\":\"操作成功\",\"code\":0}', '0', null, '2024-04-27 09:24:10', '22');
INSERT INTO `sys_oper_log` VALUES ('166', '菜单管理', '2', 'com.ruoyi.project.system.menu.controller.MenuController.editSave()', 'POST', '1', 'admin', '办公室', '/system/menu/edit', '127.0.0.1', '内网IP', '{\"menuId\":[\"4\"],\"parentId\":[\"0\"],\"menuType\":[\"C\"],\"menuName\":[\"若依官网\"],\"url\":[\"http://ruoyi.vip\"],\"target\":[\"menuBlank\"],\"perms\":[\"\"],\"orderNum\":[\"100\"],\"icon\":[\"fa fa-location-arrow\"],\"visible\":[\"0\"],\"isRefresh\":[\"1\"]}', '{\"msg\":\"操作成功\",\"code\":0}', '0', null, '2024-04-27 09:24:19', '16');
INSERT INTO `sys_oper_log` VALUES ('167', '菜单管理', '2', 'com.ruoyi.project.system.menu.controller.MenuController.editSave()', 'POST', '1', 'admin', '办公室', '/system/menu/edit', '127.0.0.1', '内网IP', '{\"menuId\":[\"3\"],\"parentId\":[\"0\"],\"menuType\":[\"M\"],\"menuName\":[\"系统工具\"],\"url\":[\"#\"],\"target\":[\"menuItem\"],\"perms\":[\"\"],\"orderNum\":[\"99\"],\"icon\":[\"fa fa-bars\"],\"visible\":[\"0\"],\"isRefresh\":[\"1\"]}', '{\"msg\":\"操作成功\",\"code\":0}', '0', null, '2024-04-27 09:24:24', '22');
INSERT INTO `sys_oper_log` VALUES ('168', '菜单管理', '2', 'com.ruoyi.project.system.menu.controller.MenuController.editSave()', 'POST', '1', 'admin', '办公室', '/system/menu/edit', '127.0.0.1', '内网IP', '{\"menuId\":[\"2\"],\"parentId\":[\"0\"],\"menuType\":[\"M\"],\"menuName\":[\"系统监控\"],\"url\":[\"#\"],\"target\":[\"menuItem\"],\"perms\":[\"\"],\"orderNum\":[\"98\"],\"icon\":[\"fa fa-video-camera\"],\"visible\":[\"0\"],\"isRefresh\":[\"1\"]}', '{\"msg\":\"操作成功\",\"code\":0}', '0', null, '2024-04-27 09:24:28', '26');
INSERT INTO `sys_oper_log` VALUES ('169', '菜单管理', '2', 'com.ruoyi.project.system.menu.controller.MenuController.editSave()', 'POST', '1', 'admin', '办公室', '/system/menu/edit', '127.0.0.1', '内网IP', '{\"menuId\":[\"1\"],\"parentId\":[\"0\"],\"menuType\":[\"M\"],\"menuName\":[\"系统管理\"],\"url\":[\"#\"],\"target\":[\"menuItem\"],\"perms\":[\"\"],\"orderNum\":[\"97\"],\"icon\":[\"fa fa-gear\"],\"visible\":[\"0\"],\"isRefresh\":[\"1\"]}', '{\"msg\":\"操作成功\",\"code\":0}', '0', null, '2024-04-27 09:24:34', '21');
INSERT INTO `sys_oper_log` VALUES ('170', '菜单管理', '2', 'com.ruoyi.project.system.menu.controller.MenuController.editSave()', 'POST', '1', 'admin', '办公室', '/system/menu/edit', '127.0.0.1', '内网IP', '{\"menuId\":[\"2003\"],\"parentId\":[\"0\"],\"menuType\":[\"M\"],\"menuName\":[\"挂号收费处\"],\"url\":[\"#\"],\"target\":[\"menuItem\"],\"perms\":[\"\"],\"orderNum\":[\"1\"],\"icon\":[\"fa fa-user-plus\"],\"visible\":[\"0\"],\"isRefresh\":[\"1\"]}', '{\"msg\":\"操作成功\",\"code\":0}', '0', null, '2024-04-27 09:24:40', '21');
INSERT INTO `sys_oper_log` VALUES ('171', '菜单管理', '1', 'com.ruoyi.project.system.menu.controller.MenuController.addSave()', 'POST', '1', 'admin', '办公室', '/system/menu/add', '127.0.0.1', '内网IP', '{\"parentId\":[\"0\"],\"menuType\":[\"M\"],\"menuName\":[\"药房\"],\"url\":[\"\"],\"target\":[\"menuItem\"],\"perms\":[\"\"],\"orderNum\":[\"3\"],\"icon\":[\"fa fa-cubes\"],\"visible\":[\"0\"],\"isRefresh\":[\"1\"]}', '{\"msg\":\"操作成功\",\"code\":0}', '0', null, '2024-04-27 09:25:08', '34');
INSERT INTO `sys_oper_log` VALUES ('172', '代码生成', '3', 'com.ruoyi.project.tool.gen.controller.GenController.remove()', 'POST', '1', 'admin', '办公室', '/tool/gen/remove', '127.0.0.1', '内网IP', '{\"ids\":[\"2,1\"]}', '{\"msg\":\"操作成功\",\"code\":0}', '0', null, '2024-04-27 09:26:39', '61');
INSERT INTO `sys_oper_log` VALUES ('173', '代码生成', '6', 'com.ruoyi.project.tool.gen.controller.GenController.importTableSave()', 'POST', '1', 'admin', '办公室', '/tool/gen/importTable', '127.0.0.1', '内网IP', '{\"tables\":[\"his_drug_catalogue,his_suppliers\"]}', '{\"msg\":\"操作成功\",\"code\":0}', '0', null, '2024-04-27 09:27:34', '133');
INSERT INTO `sys_oper_log` VALUES ('174', '代码生成', '2', 'com.ruoyi.project.tool.gen.controller.GenController.editSave()', 'POST', '1', 'admin', '办公室', '/tool/gen/edit', '127.0.0.1', '内网IP', '{\"tableId\":[\"4\"],\"tableName\":[\"his_suppliers\"],\"tableComment\":[\"供应商表\"],\"className\":[\"HisSuppliers\"],\"functionAuthor\":[\"SteveMMMy\"],\"remark\":[\"\"],\"columns[0].columnId\":[\"23\"],\"columns[0].sort\":[\"1\"],\"columns[0].columnComment\":[\"供应商编号\"],\"columns[0].javaType\":[\"Long\"],\"columns[0].javaField\":[\"splId\"],\"columns[0].isInsert\":[\"1\"],\"columns[0].queryType\":[\"EQ\"],\"columns[0].htmlType\":[\"input\"],\"columns[0].dictType\":[\"\"],\"columns[1].columnId\":[\"24\"],\"columns[1].sort\":[\"2\"],\"columns[1].columnComment\":[\"供应商名称\"],\"columns[1].javaType\":[\"String\"],\"columns[1].javaField\":[\"splName\"],\"columns[1].isInsert\":[\"1\"],\"columns[1].isEdit\":[\"1\"],\"columns[1].isList\":[\"1\"],\"columns[1].isQuery\":[\"1\"],\"columns[1].queryType\":[\"LIKE\"],\"columns[1].isRequired\":[\"1\"],\"columns[1].htmlType\":[\"input\"],\"columns[1].dictType\":[\"\"],\"columns[2].columnId\":[\"25\"],\"columns[2].sort\":[\"3\"],\"columns[2].columnComment\":[\"供应商地址\"],\"columns[2].javaType\":[\"String\"],\"columns[2].javaField\":[\"splAddr\"],\"columns[2].isInsert\":[\"1\"],\"columns[2].isEdit\":[\"1\"],\"columns[2].isList\":[\"1\"],\"columns[2].isQuery\":[\"1\"],\"columns[2].queryType\":[\"EQ\"],\"columns[2].htmlType\":[\"textarea\"],\"columns[2].dictType\":[\"\"],\"columns[3].columnId\":[\"26\"],\"columns[3].sort\":[\"4\"],\"columns[3].columnComment\":[\"联系方式\"],\"columns[3].javaType\":[\"String\"],\"columns[3].javaField\":[\"splContact\"],\"columns[3].isInsert\":[\"1\"],\"columns[3].isEdit\":[\"1\"],\"columns[3].isList\":[\"1\"],\"columns[3].isQuery\":[\"1\"],\"columns[3].queryType\":[\"EQ\"],\"columns[3].isRequired\":[\"1\"],\"columns[3].htmlType\":[\"input\"],\"columns[3].dictType\":[\"\"],\"columns[4].columnId\":[\"27\"],\"columns[4].sort\":[\"5\"],\"columns[4].columnComment\":[\"法人代表\"],\"columns[4].javaType\":[\"String\"],\"columns[4].javaField\":[\"splLegalPerson\"],\"columns[4].isInsert\":[\"1\"],\"columns[4].isEdit\":[\"1\"],\"columns[4].isList\":[\"1\"],\"columns[4].isQuery\":[\"1\"],\"columns[4].queryType\":[\"EQ\"],\"columns[4].htmlType\":[\"input\"],\"columns[4].dictType\":[\"\"],\"columns[5].columnId\":[\"28\"],\"columns[5].sort\":[\"6\"],\"columns[5].columnComment\":[\"许可证编号\"],\"colu', '{\"msg\":\"操作成功\",\"code\":0}', '0', null, '2024-04-27 09:28:34', '38');
INSERT INTO `sys_oper_log` VALUES ('175', '代码生成', '6', 'com.ruoyi.project.tool.gen.controller.GenController.importTableSave()', 'POST', '1', 'admin', '办公室', '/tool/gen/importTable', '127.0.0.1', '内网IP', '{\"tables\":[\"his_purchaseorders\"]}', '{\"msg\":\"操作成功\",\"code\":0}', '0', null, '2024-04-27 09:28:43', '45');
INSERT INTO `sys_oper_log` VALUES ('176', '代码生成', '2', 'com.ruoyi.project.tool.gen.controller.GenController.editSave()', 'POST', '1', 'admin', '办公室', '/tool/gen/edit', '127.0.0.1', '内网IP', '{\"tableId\":[\"5\"],\"tableName\":[\"his_purchaseorders\"],\"tableComment\":[\"采购订单表\"],\"className\":[\"HisPurchaseorders\"],\"functionAuthor\":[\"SteveMMMy\"],\"remark\":[\"\"],\"columns[0].columnId\":[\"31\"],\"columns[0].sort\":[\"1\"],\"columns[0].columnComment\":[\"采购单ID\"],\"columns[0].javaType\":[\"Long\"],\"columns[0].javaField\":[\"purId\"],\"columns[0].isInsert\":[\"1\"],\"columns[0].queryType\":[\"EQ\"],\"columns[0].htmlType\":[\"input\"],\"columns[0].dictType\":[\"\"],\"columns[1].columnId\":[\"32\"],\"columns[1].sort\":[\"2\"],\"columns[1].columnComment\":[\"供应商编号\"],\"columns[1].javaType\":[\"Long\"],\"columns[1].javaField\":[\"splId\"],\"columns[1].isInsert\":[\"1\"],\"columns[1].isEdit\":[\"1\"],\"columns[1].isList\":[\"1\"],\"columns[1].isQuery\":[\"1\"],\"columns[1].queryType\":[\"EQ\"],\"columns[1].isRequired\":[\"1\"],\"columns[1].htmlType\":[\"input\"],\"columns[1].dictType\":[\"\"],\"columns[2].columnId\":[\"33\"],\"columns[2].sort\":[\"3\"],\"columns[2].columnComment\":[\"用户ID\"],\"columns[2].javaType\":[\"Long\"],\"columns[2].javaField\":[\"userId\"],\"columns[2].isInsert\":[\"1\"],\"columns[2].isEdit\":[\"1\"],\"columns[2].isList\":[\"1\"],\"columns[2].isQuery\":[\"1\"],\"columns[2].queryType\":[\"EQ\"],\"columns[2].isRequired\":[\"1\"],\"columns[2].htmlType\":[\"input\"],\"columns[2].dictType\":[\"\"],\"columns[3].columnId\":[\"34\"],\"columns[3].sort\":[\"4\"],\"columns[3].columnComment\":[\"采购单据号\"],\"columns[3].javaType\":[\"String\"],\"columns[3].javaField\":[\"purDocNum\"],\"columns[3].isInsert\":[\"1\"],\"columns[3].isEdit\":[\"1\"],\"columns[3].isList\":[\"1\"],\"columns[3].isQuery\":[\"1\"],\"columns[3].queryType\":[\"EQ\"],\"columns[3].htmlType\":[\"input\"],\"columns[3].dictType\":[\"\"],\"columns[4].columnId\":[\"35\"],\"columns[4].sort\":[\"5\"],\"columns[4].columnComment\":[\"订单日期\"],\"columns[4].javaType\":[\"Date\"],\"columns[4].javaField\":[\"purDate\"],\"columns[4].isInsert\":[\"1\"],\"columns[4].isEdit\":[\"1\"],\"columns[4].isList\":[\"1\"],\"columns[4].isQuery\":[\"1\"],\"columns[4].queryType\":[\"EQ\"],\"columns[4].isRequired\":[\"1\"],\"columns[4].htmlType\":[\"datetime\"],\"columns[4].dictType\":[\"\"],\"columns[5].columnId\":[\"36\"],\"columns[5].sort\":[\"6\"],\"columns[5].columnCo', '{\"msg\":\"操作成功\",\"code\":0}', '0', null, '2024-04-27 09:30:09', '41');
INSERT INTO `sys_oper_log` VALUES ('177', '代码生成', '6', 'com.ruoyi.project.tool.gen.controller.GenController.importTableSave()', 'POST', '1', 'admin', '办公室', '/tool/gen/importTable', '127.0.0.1', '内网IP', '{\"tables\":[\"his_orders_schedules\"]}', '{\"msg\":\"操作成功\",\"code\":0}', '0', null, '2024-04-27 09:30:37', '35');
INSERT INTO `sys_oper_log` VALUES ('178', '代码生成', '3', 'com.ruoyi.project.tool.gen.controller.GenController.remove()', 'POST', '1', 'admin', '办公室', '/tool/gen/remove', '127.0.0.1', '内网IP', '{\"ids\":[\"6\"]}', '{\"msg\":\"操作成功\",\"code\":0}', '0', null, '2024-04-27 09:32:29', '44');
INSERT INTO `sys_oper_log` VALUES ('179', '代码生成', '6', 'com.ruoyi.project.tool.gen.controller.GenController.importTableSave()', 'POST', '1', 'admin', '办公室', '/tool/gen/importTable', '127.0.0.1', '内网IP', '{\"tables\":[\"his_orders_schedules\"]}', '{\"msg\":\"操作成功\",\"code\":0}', '0', null, '2024-04-27 09:32:33', '85');
INSERT INTO `sys_oper_log` VALUES ('180', '代码生成', '2', 'com.ruoyi.project.tool.gen.controller.GenController.editSave()', 'POST', '1', 'admin', '办公室', '/tool/gen/edit', '127.0.0.1', '内网IP', '{\"tableId\":[\"7\"],\"tableName\":[\"his_orders_schedules\"],\"tableComment\":[\"采购订单明细表\"],\"className\":[\"HisOrdersSchedules\"],\"functionAuthor\":[\"SteveMMMy\"],\"remark\":[\"\"],\"columns[0].columnId\":[\"42\"],\"columns[0].sort\":[\"1\"],\"columns[0].columnComment\":[\"明细号\"],\"columns[0].javaType\":[\"Long\"],\"columns[0].javaField\":[\"orderSchId\"],\"columns[0].isInsert\":[\"1\"],\"columns[0].queryType\":[\"EQ\"],\"columns[0].htmlType\":[\"input\"],\"columns[0].dictType\":[\"\"],\"columns[1].columnId\":[\"43\"],\"columns[1].sort\":[\"2\"],\"columns[1].columnComment\":[\"采购单ID\"],\"columns[1].javaType\":[\"Long\"],\"columns[1].javaField\":[\"purId\"],\"columns[1].isInsert\":[\"1\"],\"columns[1].isEdit\":[\"1\"],\"columns[1].isList\":[\"1\"],\"columns[1].isQuery\":[\"1\"],\"columns[1].queryType\":[\"EQ\"],\"columns[1].isRequired\":[\"1\"],\"columns[1].htmlType\":[\"input\"],\"columns[1].dictType\":[\"\"],\"columns[2].columnId\":[\"44\"],\"columns[2].sort\":[\"3\"],\"columns[2].columnComment\":[\"药品ID\"],\"columns[2].javaType\":[\"Long\"],\"columns[2].javaField\":[\"catId\"],\"columns[2].isInsert\":[\"1\"],\"columns[2].isEdit\":[\"1\"],\"columns[2].isList\":[\"1\"],\"columns[2].isQuery\":[\"1\"],\"columns[2].queryType\":[\"EQ\"],\"columns[2].isRequired\":[\"1\"],\"columns[2].htmlType\":[\"input\"],\"columns[2].dictType\":[\"\"],\"columns[3].columnId\":[\"45\"],\"columns[3].sort\":[\"4\"],\"columns[3].columnComment\":[\"采购数量\"],\"columns[3].javaType\":[\"Long\"],\"columns[3].javaField\":[\"orderSchNumber\"],\"columns[3].isInsert\":[\"1\"],\"columns[3].isEdit\":[\"1\"],\"columns[3].isList\":[\"1\"],\"columns[3].isQuery\":[\"1\"],\"columns[3].queryType\":[\"EQ\"],\"columns[3].isRequired\":[\"1\"],\"columns[3].htmlType\":[\"input\"],\"columns[3].dictType\":[\"\"],\"tplCategory\":[\"crud\"],\"packageName\":[\"com.ruoyi.project.his\"],\"moduleName\":[\"his\"],\"businessName\":[\"schedules\"],\"functionName\":[\"采购订单明细\"],\"params[parentMenuId]\":[\"2006\"],\"params[parentMenuName]\":[\"药房\"],\"genType\":[\"0\"],\"genPath\":[\"/\"],\"subTableName\":[\"\"],\"params[treeCode]\":[\"\"],\"params[treeParentCode]\":[\"\"],\"params[treeName]\":[\"\"]}', '{\"msg\":\"操作成功\",\"code\":0}', '0', null, '2024-04-27 09:32:58', '34');
INSERT INTO `sys_oper_log` VALUES ('181', '代码生成', '2', 'com.ruoyi.project.tool.gen.controller.GenController.editSave()', 'POST', '1', 'admin', '办公室', '/tool/gen/edit', '127.0.0.1', '内网IP', '{\"tableId\":[\"5\"],\"tableName\":[\"his_purchaseorders\"],\"tableComment\":[\"采购订单表\"],\"className\":[\"HisPurchaseorders\"],\"functionAuthor\":[\"SteveMMMy\"],\"remark\":[\"\"],\"columns[0].columnId\":[\"31\"],\"columns[0].sort\":[\"1\"],\"columns[0].columnComment\":[\"采购单ID\"],\"columns[0].javaType\":[\"Long\"],\"columns[0].javaField\":[\"purId\"],\"columns[0].isInsert\":[\"1\"],\"columns[0].queryType\":[\"EQ\"],\"columns[0].htmlType\":[\"input\"],\"columns[0].dictType\":[\"\"],\"columns[1].columnId\":[\"32\"],\"columns[1].sort\":[\"2\"],\"columns[1].columnComment\":[\"供应商编号\"],\"columns[1].javaType\":[\"Long\"],\"columns[1].javaField\":[\"splId\"],\"columns[1].isInsert\":[\"1\"],\"columns[1].isEdit\":[\"1\"],\"columns[1].isList\":[\"1\"],\"columns[1].isQuery\":[\"1\"],\"columns[1].queryType\":[\"EQ\"],\"columns[1].isRequired\":[\"1\"],\"columns[1].htmlType\":[\"input\"],\"columns[1].dictType\":[\"\"],\"columns[2].columnId\":[\"33\"],\"columns[2].sort\":[\"3\"],\"columns[2].columnComment\":[\"用户ID\"],\"columns[2].javaType\":[\"Long\"],\"columns[2].javaField\":[\"userId\"],\"columns[2].isInsert\":[\"1\"],\"columns[2].isEdit\":[\"1\"],\"columns[2].isList\":[\"1\"],\"columns[2].isQuery\":[\"1\"],\"columns[2].queryType\":[\"EQ\"],\"columns[2].isRequired\":[\"1\"],\"columns[2].htmlType\":[\"input\"],\"columns[2].dictType\":[\"\"],\"columns[3].columnId\":[\"34\"],\"columns[3].sort\":[\"4\"],\"columns[3].columnComment\":[\"采购单据号\"],\"columns[3].javaType\":[\"String\"],\"columns[3].javaField\":[\"purDocNum\"],\"columns[3].isInsert\":[\"1\"],\"columns[3].isEdit\":[\"1\"],\"columns[3].isList\":[\"1\"],\"columns[3].isQuery\":[\"1\"],\"columns[3].queryType\":[\"EQ\"],\"columns[3].htmlType\":[\"input\"],\"columns[3].dictType\":[\"\"],\"columns[4].columnId\":[\"35\"],\"columns[4].sort\":[\"5\"],\"columns[4].columnComment\":[\"订单日期\"],\"columns[4].javaType\":[\"Date\"],\"columns[4].javaField\":[\"purDate\"],\"columns[4].isInsert\":[\"1\"],\"columns[4].isEdit\":[\"1\"],\"columns[4].isList\":[\"1\"],\"columns[4].isQuery\":[\"1\"],\"columns[4].queryType\":[\"EQ\"],\"columns[4].isRequired\":[\"1\"],\"columns[4].htmlType\":[\"datetime\"],\"columns[4].dictType\":[\"\"],\"columns[5].columnId\":[\"36\"],\"columns[5].sort\":[\"6\"],\"columns[5].columnCo', '{\"msg\":\"操作成功\",\"code\":0}', '0', null, '2024-04-27 09:33:27', '50');
INSERT INTO `sys_oper_log` VALUES ('182', '代码生成', '2', 'com.ruoyi.project.tool.gen.controller.GenController.editSave()', 'POST', '1', 'admin', '办公室', '/tool/gen/edit', '127.0.0.1', '内网IP', '{\"tableId\":[\"7\"],\"tableName\":[\"his_orders_schedules\"],\"tableComment\":[\"采购订单明细表\"],\"className\":[\"HisOrdersSchedules\"],\"functionAuthor\":[\"SteveMMMy\"],\"remark\":[\"\"],\"columns[0].columnId\":[\"42\"],\"columns[0].sort\":[\"1\"],\"columns[0].columnComment\":[\"明细号\"],\"columns[0].javaType\":[\"Long\"],\"columns[0].javaField\":[\"orderSchId\"],\"columns[0].isInsert\":[\"1\"],\"columns[0].queryType\":[\"EQ\"],\"columns[0].htmlType\":[\"input\"],\"columns[0].dictType\":[\"\"],\"columns[1].columnId\":[\"43\"],\"columns[1].sort\":[\"2\"],\"columns[1].columnComment\":[\"采购单ID\"],\"columns[1].javaType\":[\"Long\"],\"columns[1].javaField\":[\"purId\"],\"columns[1].isInsert\":[\"1\"],\"columns[1].isEdit\":[\"1\"],\"columns[1].isList\":[\"1\"],\"columns[1].isQuery\":[\"1\"],\"columns[1].queryType\":[\"EQ\"],\"columns[1].isRequired\":[\"1\"],\"columns[1].htmlType\":[\"input\"],\"columns[1].dictType\":[\"\"],\"columns[2].columnId\":[\"44\"],\"columns[2].sort\":[\"3\"],\"columns[2].columnComment\":[\"药品ID\"],\"columns[2].javaType\":[\"Long\"],\"columns[2].javaField\":[\"catId\"],\"columns[2].isInsert\":[\"1\"],\"columns[2].isEdit\":[\"1\"],\"columns[2].isList\":[\"1\"],\"columns[2].isQuery\":[\"1\"],\"columns[2].queryType\":[\"EQ\"],\"columns[2].isRequired\":[\"1\"],\"columns[2].htmlType\":[\"input\"],\"columns[2].dictType\":[\"\"],\"columns[3].columnId\":[\"45\"],\"columns[3].sort\":[\"4\"],\"columns[3].columnComment\":[\"采购数量\"],\"columns[3].javaType\":[\"Long\"],\"columns[3].javaField\":[\"orderSchNumber\"],\"columns[3].isInsert\":[\"1\"],\"columns[3].isEdit\":[\"1\"],\"columns[3].isList\":[\"1\"],\"columns[3].isQuery\":[\"1\"],\"columns[3].queryType\":[\"EQ\"],\"columns[3].isRequired\":[\"1\"],\"columns[3].htmlType\":[\"input\"],\"columns[3].dictType\":[\"\"],\"tplCategory\":[\"crud\"],\"packageName\":[\"com.ruoyi.project.his\"],\"moduleName\":[\"his\"],\"businessName\":[\"schedules\"],\"functionName\":[\"采购订单明细\"],\"params[parentMenuId]\":[\"2006\"],\"params[parentMenuName]\":[\"药房\"],\"genType\":[\"0\"],\"genPath\":[\"/\"],\"subTableName\":[\"\"],\"params[treeCode]\":[\"\"],\"params[treeParentCode]\":[\"\"],\"params[treeName]\":[\"\"]}', '{\"msg\":\"操作成功\",\"code\":0}', '0', null, '2024-04-27 09:33:33', '34');
INSERT INTO `sys_oper_log` VALUES ('183', '代码生成', '2', 'com.ruoyi.project.tool.gen.controller.GenController.editSave()', 'POST', '1', 'admin', '办公室', '/tool/gen/edit', '127.0.0.1', '内网IP', '{\"tableId\":[\"3\"],\"tableName\":[\"his_drug_catalogue\"],\"tableComment\":[\"药品目录表\"],\"className\":[\"HisDrugCatalogue\"],\"functionAuthor\":[\"SteveMMMy\"],\"remark\":[\"\"],\"columns[0].columnId\":[\"16\"],\"columns[0].sort\":[\"1\"],\"columns[0].columnComment\":[\"药品ID\"],\"columns[0].javaType\":[\"Long\"],\"columns[0].javaField\":[\"catId\"],\"columns[0].isInsert\":[\"1\"],\"columns[0].queryType\":[\"EQ\"],\"columns[0].htmlType\":[\"input\"],\"columns[0].dictType\":[\"\"],\"columns[1].columnId\":[\"17\"],\"columns[1].sort\":[\"2\"],\"columns[1].columnComment\":[\"药品编号\"],\"columns[1].javaType\":[\"String\"],\"columns[1].javaField\":[\"catDrugNum\"],\"columns[1].isInsert\":[\"1\"],\"columns[1].isEdit\":[\"1\"],\"columns[1].isList\":[\"1\"],\"columns[1].isQuery\":[\"1\"],\"columns[1].queryType\":[\"EQ\"],\"columns[1].isRequired\":[\"1\"],\"columns[1].htmlType\":[\"input\"],\"columns[1].dictType\":[\"\"],\"columns[2].columnId\":[\"18\"],\"columns[2].sort\":[\"3\"],\"columns[2].columnComment\":[\"通用名或商品名\"],\"columns[2].javaType\":[\"String\"],\"columns[2].javaField\":[\"catName\"],\"columns[2].isInsert\":[\"1\"],\"columns[2].isEdit\":[\"1\"],\"columns[2].isList\":[\"1\"],\"columns[2].isQuery\":[\"1\"],\"columns[2].queryType\":[\"LIKE\"],\"columns[2].htmlType\":[\"input\"],\"columns[2].dictType\":[\"\"],\"columns[3].columnId\":[\"19\"],\"columns[3].sort\":[\"4\"],\"columns[3].columnComment\":[\"规格\"],\"columns[3].javaType\":[\"String\"],\"columns[3].javaField\":[\"catSpecs\"],\"columns[3].isInsert\":[\"1\"],\"columns[3].isEdit\":[\"1\"],\"columns[3].isList\":[\"1\"],\"columns[3].isQuery\":[\"1\"],\"columns[3].queryType\":[\"EQ\"],\"columns[3].htmlType\":[\"input\"],\"columns[3].dictType\":[\"\"],\"columns[4].columnId\":[\"20\"],\"columns[4].sort\":[\"5\"],\"columns[4].columnComment\":[\"剂型\"],\"columns[4].javaType\":[\"Long\"],\"columns[4].javaField\":[\"catDosageForm\"],\"columns[4].isInsert\":[\"1\"],\"columns[4].isEdit\":[\"1\"],\"columns[4].isList\":[\"1\"],\"columns[4].isQuery\":[\"1\"],\"columns[4].queryType\":[\"EQ\"],\"columns[4].htmlType\":[\"input\"],\"columns[4].dictType\":[\"\"],\"columns[5].columnId\":[\"21\"],\"columns[5].sort\":[\"6\"],\"columns[5].columnComment\":[\"单位\"],\"columns[5].javaType\":[\"Long\"],\"colum', '{\"msg\":\"操作成功\",\"code\":0}', '0', null, '2024-04-27 09:34:11', '41');
INSERT INTO `sys_oper_log` VALUES ('184', '代码生成', '2', 'com.ruoyi.project.tool.gen.controller.GenController.editSave()', 'POST', '1', 'admin', '办公室', '/tool/gen/edit', '127.0.0.1', '内网IP', '{\"tableId\":[\"4\"],\"tableName\":[\"his_suppliers\"],\"tableComment\":[\"供应商表\"],\"className\":[\"HisSuppliers\"],\"functionAuthor\":[\"SteveMMMy\"],\"remark\":[\"\"],\"columns[0].columnId\":[\"23\"],\"columns[0].sort\":[\"1\"],\"columns[0].columnComment\":[\"供应商编号\"],\"columns[0].javaType\":[\"Long\"],\"columns[0].javaField\":[\"splId\"],\"columns[0].isInsert\":[\"1\"],\"columns[0].queryType\":[\"EQ\"],\"columns[0].htmlType\":[\"input\"],\"columns[0].dictType\":[\"\"],\"columns[1].columnId\":[\"24\"],\"columns[1].sort\":[\"2\"],\"columns[1].columnComment\":[\"供应商名称\"],\"columns[1].javaType\":[\"String\"],\"columns[1].javaField\":[\"splName\"],\"columns[1].isInsert\":[\"1\"],\"columns[1].isEdit\":[\"1\"],\"columns[1].isList\":[\"1\"],\"columns[1].isQuery\":[\"1\"],\"columns[1].queryType\":[\"LIKE\"],\"columns[1].isRequired\":[\"1\"],\"columns[1].htmlType\":[\"input\"],\"columns[1].dictType\":[\"\"],\"columns[2].columnId\":[\"25\"],\"columns[2].sort\":[\"3\"],\"columns[2].columnComment\":[\"供应商地址\"],\"columns[2].javaType\":[\"String\"],\"columns[2].javaField\":[\"splAddr\"],\"columns[2].isInsert\":[\"1\"],\"columns[2].isEdit\":[\"1\"],\"columns[2].isList\":[\"1\"],\"columns[2].isQuery\":[\"1\"],\"columns[2].queryType\":[\"EQ\"],\"columns[2].htmlType\":[\"textarea\"],\"columns[2].dictType\":[\"\"],\"columns[3].columnId\":[\"26\"],\"columns[3].sort\":[\"4\"],\"columns[3].columnComment\":[\"联系方式\"],\"columns[3].javaType\":[\"String\"],\"columns[3].javaField\":[\"splContact\"],\"columns[3].isInsert\":[\"1\"],\"columns[3].isEdit\":[\"1\"],\"columns[3].isList\":[\"1\"],\"columns[3].isQuery\":[\"1\"],\"columns[3].queryType\":[\"EQ\"],\"columns[3].isRequired\":[\"1\"],\"columns[3].htmlType\":[\"input\"],\"columns[3].dictType\":[\"\"],\"columns[4].columnId\":[\"27\"],\"columns[4].sort\":[\"5\"],\"columns[4].columnComment\":[\"法人代表\"],\"columns[4].javaType\":[\"String\"],\"columns[4].javaField\":[\"splLegalPerson\"],\"columns[4].isInsert\":[\"1\"],\"columns[4].isEdit\":[\"1\"],\"columns[4].isList\":[\"1\"],\"columns[4].isQuery\":[\"1\"],\"columns[4].queryType\":[\"EQ\"],\"columns[4].htmlType\":[\"input\"],\"columns[4].dictType\":[\"\"],\"columns[5].columnId\":[\"28\"],\"columns[5].sort\":[\"6\"],\"columns[5].columnComment\":[\"许可证编号\"],\"colu', '{\"msg\":\"操作成功\",\"code\":0}', '0', null, '2024-04-27 09:34:25', '50');
INSERT INTO `sys_oper_log` VALUES ('185', '代码生成', '2', 'com.ruoyi.project.tool.gen.controller.GenController.editSave()', 'POST', '1', 'admin', '办公室', '/tool/gen/edit', '127.0.0.1', '内网IP', '{\"tableId\":[\"3\"],\"tableName\":[\"his_drug_catalogue\"],\"tableComment\":[\"药品目录表\"],\"className\":[\"HisDrugCatalogue\"],\"functionAuthor\":[\"SteveMMMy\"],\"remark\":[\"\"],\"columns[0].columnId\":[\"16\"],\"columns[0].sort\":[\"1\"],\"columns[0].columnComment\":[\"药品ID\"],\"columns[0].javaType\":[\"Long\"],\"columns[0].javaField\":[\"catId\"],\"columns[0].isInsert\":[\"1\"],\"columns[0].queryType\":[\"EQ\"],\"columns[0].htmlType\":[\"input\"],\"columns[0].dictType\":[\"\"],\"columns[1].columnId\":[\"17\"],\"columns[1].sort\":[\"2\"],\"columns[1].columnComment\":[\"药品编号\"],\"columns[1].javaType\":[\"String\"],\"columns[1].javaField\":[\"catDrugNum\"],\"columns[1].isInsert\":[\"1\"],\"columns[1].isEdit\":[\"1\"],\"columns[1].isList\":[\"1\"],\"columns[1].isQuery\":[\"1\"],\"columns[1].queryType\":[\"EQ\"],\"columns[1].isRequired\":[\"1\"],\"columns[1].htmlType\":[\"input\"],\"columns[1].dictType\":[\"\"],\"columns[2].columnId\":[\"18\"],\"columns[2].sort\":[\"3\"],\"columns[2].columnComment\":[\"通用名或商品名\"],\"columns[2].javaType\":[\"String\"],\"columns[2].javaField\":[\"catName\"],\"columns[2].isInsert\":[\"1\"],\"columns[2].isEdit\":[\"1\"],\"columns[2].isList\":[\"1\"],\"columns[2].isQuery\":[\"1\"],\"columns[2].queryType\":[\"LIKE\"],\"columns[2].htmlType\":[\"input\"],\"columns[2].dictType\":[\"\"],\"columns[3].columnId\":[\"19\"],\"columns[3].sort\":[\"4\"],\"columns[3].columnComment\":[\"规格\"],\"columns[3].javaType\":[\"String\"],\"columns[3].javaField\":[\"catSpecs\"],\"columns[3].isInsert\":[\"1\"],\"columns[3].isEdit\":[\"1\"],\"columns[3].isList\":[\"1\"],\"columns[3].isQuery\":[\"1\"],\"columns[3].queryType\":[\"EQ\"],\"columns[3].htmlType\":[\"input\"],\"columns[3].dictType\":[\"\"],\"columns[4].columnId\":[\"20\"],\"columns[4].sort\":[\"5\"],\"columns[4].columnComment\":[\"剂型\"],\"columns[4].javaType\":[\"Long\"],\"columns[4].javaField\":[\"catDosageForm\"],\"columns[4].isInsert\":[\"1\"],\"columns[4].isEdit\":[\"1\"],\"columns[4].isList\":[\"1\"],\"columns[4].isQuery\":[\"1\"],\"columns[4].queryType\":[\"EQ\"],\"columns[4].htmlType\":[\"input\"],\"columns[4].dictType\":[\"\"],\"columns[5].columnId\":[\"21\"],\"columns[5].sort\":[\"6\"],\"columns[5].columnComment\":[\"单位\"],\"columns[5].javaType\":[\"Long\"],\"colum', '{\"msg\":\"操作成功\",\"code\":0}', '0', null, '2024-04-27 09:34:33', '43');
INSERT INTO `sys_oper_log` VALUES ('186', '代码生成', '8', 'com.ruoyi.project.tool.gen.controller.GenController.batchGenCode()', 'GET', '1', 'admin', '办公室', '/tool/gen/batchGenCode', '127.0.0.1', '内网IP', '{\"tables\":[\"his_suppliers,his_drug_catalogue,his_purchaseorders\"]}', null, '0', null, '2024-04-27 09:35:03', '714');
INSERT INTO `sys_oper_log` VALUES ('187', '代码生成', '3', 'com.ruoyi.project.tool.gen.controller.GenController.remove()', 'POST', '1', 'admin', '办公室', '/tool/gen/remove', '127.0.0.1', '内网IP', '{\"ids\":[\"7,5,3,4\"]}', '{\"msg\":\"操作成功\",\"code\":0}', '0', null, '2024-05-01 11:08:34', '110');
INSERT INTO `sys_oper_log` VALUES ('188', '代码生成', '6', 'com.ruoyi.project.tool.gen.controller.GenController.importTableSave()', 'POST', '1', 'admin', '办公室', '/tool/gen/importTable', '127.0.0.1', '内网IP', '{\"tables\":[\"his_suppliers,his_drug_catalogue\"]}', '{\"msg\":\"操作成功\",\"code\":0}', '0', null, '2024-05-01 11:10:44', '166');
INSERT INTO `sys_oper_log` VALUES ('189', '字典类型', '1', 'com.ruoyi.project.system.dict.controller.DictTypeController.addSave()', 'POST', '1', 'admin', '办公室', '/system/dict/add', '127.0.0.1', '内网IP', '{\"dictName\":[\"剂型\"],\"dictType\":[\"his_dosage_form\"],\"status\":[\"0\"],\"remark\":[\"\"]}', '{\"msg\":\"操作成功\",\"code\":0}', '0', null, '2024-05-01 11:18:03', '19');
INSERT INTO `sys_oper_log` VALUES ('190', '字典类型', '2', 'com.ruoyi.project.system.dict.controller.DictTypeController.editSave()', 'POST', '1', 'admin', '办公室', '/system/dict/edit', '127.0.0.1', '内网IP', '{\"dictId\":[\"100\"],\"dictName\":[\"剂型\"],\"dictType\":[\"his_dosage_form\"],\"status\":[\"0\"],\"remark\":[\"药品剂型\"]}', '{\"msg\":\"操作成功\",\"code\":0}', '0', null, '2024-05-01 11:18:18', '36');
INSERT INTO `sys_oper_log` VALUES ('191', '字典类型', '3', 'com.ruoyi.project.system.dict.controller.DictTypeController.remove()', 'POST', '1', 'admin', '办公室', '/system/dict/remove', '127.0.0.1', '内网IP', '{\"ids\":[\"100\"]}', '{\"msg\":\"操作成功\",\"code\":0}', '0', null, '2024-05-01 11:22:40', '32');
INSERT INTO `sys_oper_log` VALUES ('192', '字典类型', '1', 'com.ruoyi.project.system.dict.controller.DictTypeController.addSave()', 'POST', '1', 'admin', '办公室', '/system/dict/add', '127.0.0.1', '内网IP', '{\"dictName\":[\"挂号时段\"],\"dictType\":[\"his_reg_period\"],\"status\":[\"0\"],\"remark\":[\"\"]}', '{\"msg\":\"操作成功\",\"code\":0}', '0', null, '2024-05-01 11:23:45', '23');
INSERT INTO `sys_oper_log` VALUES ('193', '字典类型', '1', 'com.ruoyi.project.system.dict.controller.DictTypeController.addSave()', 'POST', '1', 'admin', '办公室', '/system/dict/add', '127.0.0.1', '内网IP', '{\"dictName\":[\"挂号状态\"],\"dictType\":[\"his_reg_status\"],\"status\":[\"0\"],\"remark\":[\"\"]}', '{\"msg\":\"操作成功\",\"code\":0}', '0', null, '2024-05-01 11:24:05', '29');
INSERT INTO `sys_oper_log` VALUES ('194', '字典数据', '1', 'com.ruoyi.project.system.dict.controller.DictDataController.addSave()', 'POST', '1', 'admin', '办公室', '/system/dict/data/add', '127.0.0.1', '内网IP', '{\"dictLabel\":[\"上午\"],\"dictValue\":[\"0\"],\"dictType\":[\"his_reg_period\"],\"cssClass\":[\"\"],\"dictSort\":[\"1\"],\"listClass\":[\"\"],\"isDefault\":[\"Y\"],\"status\":[\"0\"],\"remark\":[\"\"]}', '{\"msg\":\"操作成功\",\"code\":0}', '0', null, '2024-05-01 11:24:42', '27');
INSERT INTO `sys_oper_log` VALUES ('195', '字典数据', '1', 'com.ruoyi.project.system.dict.controller.DictDataController.addSave()', 'POST', '1', 'admin', '办公室', '/system/dict/data/add', '127.0.0.1', '内网IP', '{\"dictLabel\":[\"下午\"],\"dictValue\":[\"1\"],\"dictType\":[\"his_reg_period\"],\"cssClass\":[\"\"],\"dictSort\":[\"2\"],\"listClass\":[\"\"],\"isDefault\":[\"Y\"],\"status\":[\"0\"],\"remark\":[\"\"]}', '{\"msg\":\"操作成功\",\"code\":0}', '0', null, '2024-05-01 11:25:52', '23');
INSERT INTO `sys_oper_log` VALUES ('196', '字典数据', '1', 'com.ruoyi.project.system.dict.controller.DictDataController.addSave()', 'POST', '1', 'admin', '办公室', '/system/dict/data/add', '127.0.0.1', '内网IP', '{\"dictLabel\":[\"晚上\"],\"dictValue\":[\"2\"],\"dictType\":[\"his_reg_period\"],\"cssClass\":[\"\"],\"dictSort\":[\"3\"],\"listClass\":[\"\"],\"isDefault\":[\"Y\"],\"status\":[\"0\"],\"remark\":[\"\"]}', '{\"msg\":\"操作成功\",\"code\":0}', '0', null, '2024-05-01 11:26:05', '21');
INSERT INTO `sys_oper_log` VALUES ('197', '字典数据', '1', 'com.ruoyi.project.system.dict.controller.DictDataController.addSave()', 'POST', '1', 'admin', '办公室', '/system/dict/data/add', '127.0.0.1', '内网IP', '{\"dictLabel\":[\"未缴费\"],\"dictValue\":[\"0\"],\"dictType\":[\"his_reg_status\"],\"cssClass\":[\"\"],\"dictSort\":[\"1\"],\"listClass\":[\"warning\"],\"isDefault\":[\"Y\"],\"status\":[\"0\"],\"remark\":[\"\"]}', '{\"msg\":\"操作成功\",\"code\":0}', '0', null, '2024-05-01 11:26:32', '29');
INSERT INTO `sys_oper_log` VALUES ('198', '字典数据', '2', 'com.ruoyi.project.system.dict.controller.DictDataController.editSave()', 'POST', '1', 'admin', '办公室', '/system/dict/data/edit', '127.0.0.1', '内网IP', '{\"dictCode\":[\"103\"],\"dictLabel\":[\"未缴费\"],\"dictValue\":[\"0\"],\"dictType\":[\"his_reg_status\"],\"cssClass\":[\"\"],\"dictSort\":[\"1\"],\"listClass\":[\"danger\"],\"isDefault\":[\"Y\"],\"status\":[\"0\"],\"remark\":[\"\"]}', '{\"msg\":\"操作成功\",\"code\":0}', '0', null, '2024-05-01 11:26:37', '14');
INSERT INTO `sys_oper_log` VALUES ('199', '字典数据', '1', 'com.ruoyi.project.system.dict.controller.DictDataController.addSave()', 'POST', '1', 'admin', '办公室', '/system/dict/data/add', '127.0.0.1', '内网IP', '{\"dictLabel\":[\"已缴费\"],\"dictValue\":[\"1\"],\"dictType\":[\"his_reg_status\"],\"cssClass\":[\"\"],\"dictSort\":[\"2\"],\"listClass\":[\"success\"],\"isDefault\":[\"Y\"],\"status\":[\"0\"],\"remark\":[\"\"]}', '{\"msg\":\"操作成功\",\"code\":0}', '0', null, '2024-05-01 11:26:50', '21');
INSERT INTO `sys_oper_log` VALUES ('200', '字典数据', '1', 'com.ruoyi.project.system.dict.controller.DictDataController.addSave()', 'POST', '1', 'admin', '办公室', '/system/dict/data/add', '127.0.0.1', '内网IP', '{\"dictLabel\":[\"已完成\"],\"dictValue\":[\"2\"],\"dictType\":[\"his_reg_status\"],\"cssClass\":[\"\"],\"dictSort\":[\"3\"],\"listClass\":[\"primary\"],\"isDefault\":[\"Y\"],\"status\":[\"0\"],\"remark\":[\"\"]}', '{\"msg\":\"操作成功\",\"code\":0}', '0', null, '2024-05-01 11:27:09', '18');
INSERT INTO `sys_oper_log` VALUES ('201', '字典类型', '1', 'com.ruoyi.project.system.dict.controller.DictTypeController.addSave()', 'POST', '1', 'admin', '办公室', '/system/dict/add', '127.0.0.1', '内网IP', '{\"dictName\":[\"剂型\"],\"dictType\":[\"drug_dosage_form\"],\"status\":[\"0\"],\"remark\":[\"\"]}', '{\"msg\":\"操作成功\",\"code\":0}', '0', null, '2024-05-01 11:28:50', '15');
INSERT INTO `sys_oper_log` VALUES ('202', '字典类型', '1', 'com.ruoyi.project.system.dict.controller.DictTypeController.addSave()', 'POST', '1', 'admin', '办公室', '/system/dict/add', '127.0.0.1', '内网IP', '{\"dictName\":[\"单位\"],\"dictType\":[\"drug_unit\"],\"status\":[\"0\"],\"remark\":[\"\"]}', '{\"msg\":\"操作成功\",\"code\":0}', '0', null, '2024-05-01 11:29:22', '14');
INSERT INTO `sys_oper_log` VALUES ('203', '字典数据', '1', 'com.ruoyi.project.system.dict.controller.DictDataController.addSave()', 'POST', '1', 'admin', '办公室', '/system/dict/data/add', '127.0.0.1', '内网IP', '{\"dictLabel\":[\"片剂\"],\"dictValue\":[\"0\"],\"dictType\":[\"drug_dosage_form\"],\"cssClass\":[\"\"],\"dictSort\":[\"1\"],\"listClass\":[\"\"],\"isDefault\":[\"Y\"],\"status\":[\"0\"],\"remark\":[\"\"]}', '{\"msg\":\"操作成功\",\"code\":0}', '0', null, '2024-05-01 11:29:50', '14');
INSERT INTO `sys_oper_log` VALUES ('204', '字典数据', '1', 'com.ruoyi.project.system.dict.controller.DictDataController.addSave()', 'POST', '1', 'admin', '办公室', '/system/dict/data/add', '127.0.0.1', '内网IP', '{\"dictLabel\":[\"胶囊剂\"],\"dictValue\":[\"1\"],\"dictType\":[\"drug_dosage_form\"],\"cssClass\":[\"\"],\"dictSort\":[\"2\"],\"listClass\":[\"\"],\"isDefault\":[\"Y\"],\"status\":[\"0\"],\"remark\":[\"\"]}', '{\"msg\":\"操作成功\",\"code\":0}', '0', null, '2024-05-01 11:30:03', '19');
INSERT INTO `sys_oper_log` VALUES ('205', '字典数据', '1', 'com.ruoyi.project.system.dict.controller.DictDataController.addSave()', 'POST', '1', 'admin', '办公室', '/system/dict/data/add', '127.0.0.1', '内网IP', '{\"dictLabel\":[\"口服液\"],\"dictValue\":[\"2\"],\"dictType\":[\"drug_dosage_form\"],\"cssClass\":[\"\"],\"dictSort\":[\"3\"],\"listClass\":[\"\"],\"isDefault\":[\"Y\"],\"status\":[\"0\"],\"remark\":[\"\"]}', '{\"msg\":\"操作成功\",\"code\":0}', '0', null, '2024-05-01 11:30:24', '15');
INSERT INTO `sys_oper_log` VALUES ('206', '字典数据', '1', 'com.ruoyi.project.system.dict.controller.DictDataController.addSave()', 'POST', '1', 'admin', '办公室', '/system/dict/data/add', '127.0.0.1', '内网IP', '{\"dictLabel\":[\"散剂\"],\"dictValue\":[\"3\"],\"dictType\":[\"drug_dosage_form\"],\"cssClass\":[\"\"],\"dictSort\":[\"4\"],\"listClass\":[\"\"],\"isDefault\":[\"Y\"],\"status\":[\"0\"],\"remark\":[\"\"]}', '{\"msg\":\"操作成功\",\"code\":0}', '0', null, '2024-05-01 11:32:08', '16');
INSERT INTO `sys_oper_log` VALUES ('207', '字典数据', '1', 'com.ruoyi.project.system.dict.controller.DictDataController.addSave()', 'POST', '1', 'admin', '办公室', '/system/dict/data/add', '127.0.0.1', '内网IP', '{\"dictLabel\":[\"栓剂\"],\"dictValue\":[\"4\"],\"dictType\":[\"drug_dosage_form\"],\"cssClass\":[\"\"],\"dictSort\":[\"5\"],\"listClass\":[\"\"],\"isDefault\":[\"Y\"],\"status\":[\"0\"],\"remark\":[\"\"]}', '{\"msg\":\"操作成功\",\"code\":0}', '0', null, '2024-05-01 11:32:35', '16');
INSERT INTO `sys_oper_log` VALUES ('208', '字典类型', '9', 'com.ruoyi.project.system.dict.controller.DictTypeController.refreshCache()', 'GET', '1', 'admin', '办公室', '/system/dict/refreshCache', '127.0.0.1', '内网IP', '', '{\"msg\":\"操作成功\",\"code\":0}', '0', null, '2024-05-01 11:32:47', '21');
INSERT INTO `sys_oper_log` VALUES ('209', '字典数据', '1', 'com.ruoyi.project.system.dict.controller.DictDataController.addSave()', 'POST', '1', 'admin', '办公室', '/system/dict/data/add', '127.0.0.1', '内网IP', '{\"dictLabel\":[\"g\"],\"dictValue\":[\"0\"],\"dictType\":[\"drug_unit\"],\"cssClass\":[\"\"],\"dictSort\":[\"1\"],\"listClass\":[\"\"],\"isDefault\":[\"Y\"],\"status\":[\"0\"],\"remark\":[\"克\"]}', '{\"msg\":\"操作成功\",\"code\":0}', '0', null, '2024-05-01 11:33:23', '17');
INSERT INTO `sys_oper_log` VALUES ('210', '字典数据', '1', 'com.ruoyi.project.system.dict.controller.DictDataController.addSave()', 'POST', '1', 'admin', '办公室', '/system/dict/data/add', '127.0.0.1', '内网IP', '{\"dictLabel\":[\"ml\"],\"dictValue\":[\"1\"],\"dictType\":[\"drug_unit\"],\"cssClass\":[\"\"],\"dictSort\":[\"2\"],\"listClass\":[\"\"],\"isDefault\":[\"Y\"],\"status\":[\"0\"],\"remark\":[\"毫升\"]}', '{\"msg\":\"操作成功\",\"code\":0}', '0', null, '2024-05-01 11:33:49', '17');
INSERT INTO `sys_oper_log` VALUES ('211', '字典数据', '1', 'com.ruoyi.project.system.dict.controller.DictDataController.addSave()', 'POST', '1', 'admin', '办公室', '/system/dict/data/add', '127.0.0.1', '内网IP', '{\"dictLabel\":[\"盒\"],\"dictValue\":[\"2\"],\"dictType\":[\"drug_unit\"],\"cssClass\":[\"\"],\"dictSort\":[\"3\"],\"listClass\":[\"\"],\"isDefault\":[\"Y\"],\"status\":[\"0\"],\"remark\":[\"\"]}', '{\"msg\":\"操作成功\",\"code\":0}', '0', null, '2024-05-01 11:34:05', '16');
INSERT INTO `sys_oper_log` VALUES ('212', '字典数据', '1', 'com.ruoyi.project.system.dict.controller.DictDataController.addSave()', 'POST', '1', 'admin', '办公室', '/system/dict/data/add', '127.0.0.1', '内网IP', '{\"dictLabel\":[\"瓶\"],\"dictValue\":[\"3\"],\"dictType\":[\"drug_unit\"],\"cssClass\":[\"\"],\"dictSort\":[\"4\"],\"listClass\":[\"\"],\"isDefault\":[\"Y\"],\"status\":[\"0\"],\"remark\":[\"\"]}', '{\"msg\":\"操作成功\",\"code\":0}', '0', null, '2024-05-01 11:34:18', '16');
INSERT INTO `sys_oper_log` VALUES ('213', '代码生成', '2', 'com.ruoyi.project.tool.gen.controller.GenController.editSave()', 'POST', '1', 'admin', '办公室', '/tool/gen/edit', '127.0.0.1', '内网IP', '{\"tableId\":[\"8\"],\"tableName\":[\"his_drug_catalogue\"],\"tableComment\":[\"药品目录表\"],\"className\":[\"HisDrugCatalogue\"],\"functionAuthor\":[\"SteveMMMy\"],\"remark\":[\"\"],\"columns[0].columnId\":[\"46\"],\"columns[0].sort\":[\"1\"],\"columns[0].columnComment\":[\"药品ID\"],\"columns[0].javaType\":[\"Long\"],\"columns[0].javaField\":[\"catId\"],\"columns[0].isInsert\":[\"1\"],\"columns[0].queryType\":[\"EQ\"],\"columns[0].htmlType\":[\"input\"],\"columns[0].dictType\":[\"\"],\"columns[1].columnId\":[\"47\"],\"columns[1].sort\":[\"2\"],\"columns[1].columnComment\":[\"批准文号\"],\"columns[1].javaType\":[\"String\"],\"columns[1].javaField\":[\"catApprovalNumber\"],\"columns[1].isInsert\":[\"1\"],\"columns[1].isEdit\":[\"1\"],\"columns[1].isList\":[\"1\"],\"columns[1].isQuery\":[\"1\"],\"columns[1].queryType\":[\"EQ\"],\"columns[1].htmlType\":[\"input\"],\"columns[1].dictType\":[\"\"],\"columns[2].columnId\":[\"48\"],\"columns[2].sort\":[\"3\"],\"columns[2].columnComment\":[\"药品编号\"],\"columns[2].javaType\":[\"String\"],\"columns[2].javaField\":[\"catDrugNum\"],\"columns[2].isInsert\":[\"1\"],\"columns[2].isEdit\":[\"1\"],\"columns[2].isList\":[\"1\"],\"columns[2].isQuery\":[\"1\"],\"columns[2].queryType\":[\"EQ\"],\"columns[2].htmlType\":[\"input\"],\"columns[2].dictType\":[\"\"],\"columns[3].columnId\":[\"49\"],\"columns[3].sort\":[\"4\"],\"columns[3].columnComment\":[\"通用名或商品名\"],\"columns[3].javaType\":[\"String\"],\"columns[3].javaField\":[\"catName\"],\"columns[3].isInsert\":[\"1\"],\"columns[3].isEdit\":[\"1\"],\"columns[3].isList\":[\"1\"],\"columns[3].isQuery\":[\"1\"],\"columns[3].queryType\":[\"LIKE\"],\"columns[3].isRequired\":[\"1\"],\"columns[3].htmlType\":[\"input\"],\"columns[3].dictType\":[\"\"],\"columns[4].columnId\":[\"50\"],\"columns[4].sort\":[\"5\"],\"columns[4].columnComment\":[\"英文名称\"],\"columns[4].javaType\":[\"String\"],\"columns[4].javaField\":[\"catEnglishName\"],\"columns[4].isInsert\":[\"1\"],\"columns[4].isEdit\":[\"1\"],\"columns[4].isList\":[\"1\"],\"columns[4].isQuery\":[\"1\"],\"columns[4].queryType\":[\"LIKE\"],\"columns[4].htmlType\":[\"input\"],\"columns[4].dictType\":[\"\"],\"columns[5].columnId\":[\"51\"],\"columns[5].sort\":[\"6\"],\"columns[5].columnComment\":[\"生产单位\"],\"columns[5].javaT', '{\"msg\":\"操作成功\",\"code\":0}', '0', null, '2024-05-01 11:36:03', '43');
INSERT INTO `sys_oper_log` VALUES ('214', '代码生成', '2', 'com.ruoyi.project.tool.gen.controller.GenController.editSave()', 'POST', '1', 'admin', '办公室', '/tool/gen/edit', '127.0.0.1', '内网IP', '{\"tableId\":[\"9\"],\"tableName\":[\"his_suppliers\"],\"tableComment\":[\"供应商表\"],\"className\":[\"HisSuppliers\"],\"functionAuthor\":[\"SteveMMMy\"],\"remark\":[\"\"],\"columns[0].columnId\":[\"57\"],\"columns[0].sort\":[\"1\"],\"columns[0].columnComment\":[\"供应商编号\"],\"columns[0].javaType\":[\"Long\"],\"columns[0].javaField\":[\"splId\"],\"columns[0].isInsert\":[\"1\"],\"columns[0].queryType\":[\"EQ\"],\"columns[0].htmlType\":[\"input\"],\"columns[0].dictType\":[\"\"],\"columns[1].columnId\":[\"58\"],\"columns[1].sort\":[\"2\"],\"columns[1].columnComment\":[\"供应商名称\"],\"columns[1].javaType\":[\"String\"],\"columns[1].javaField\":[\"splName\"],\"columns[1].isInsert\":[\"1\"],\"columns[1].isEdit\":[\"1\"],\"columns[1].isList\":[\"1\"],\"columns[1].isQuery\":[\"1\"],\"columns[1].queryType\":[\"LIKE\"],\"columns[1].isRequired\":[\"1\"],\"columns[1].htmlType\":[\"input\"],\"columns[1].dictType\":[\"\"],\"columns[2].columnId\":[\"59\"],\"columns[2].sort\":[\"3\"],\"columns[2].columnComment\":[\"供应商地址\"],\"columns[2].javaType\":[\"String\"],\"columns[2].javaField\":[\"splAddr\"],\"columns[2].isInsert\":[\"1\"],\"columns[2].isEdit\":[\"1\"],\"columns[2].isList\":[\"1\"],\"columns[2].isQuery\":[\"1\"],\"columns[2].queryType\":[\"EQ\"],\"columns[2].htmlType\":[\"textarea\"],\"columns[2].dictType\":[\"\"],\"columns[3].columnId\":[\"60\"],\"columns[3].sort\":[\"4\"],\"columns[3].columnComment\":[\"联系方式\"],\"columns[3].javaType\":[\"String\"],\"columns[3].javaField\":[\"splContact\"],\"columns[3].isInsert\":[\"1\"],\"columns[3].isEdit\":[\"1\"],\"columns[3].isList\":[\"1\"],\"columns[3].isQuery\":[\"1\"],\"columns[3].queryType\":[\"EQ\"],\"columns[3].htmlType\":[\"input\"],\"columns[3].dictType\":[\"\"],\"columns[4].columnId\":[\"61\"],\"columns[4].sort\":[\"5\"],\"columns[4].columnComment\":[\"法人代表\"],\"columns[4].javaType\":[\"String\"],\"columns[4].javaField\":[\"splLegalPerson\"],\"columns[4].isInsert\":[\"1\"],\"columns[4].isEdit\":[\"1\"],\"columns[4].isList\":[\"1\"],\"columns[4].isQuery\":[\"1\"],\"columns[4].queryType\":[\"EQ\"],\"columns[4].htmlType\":[\"input\"],\"columns[4].dictType\":[\"\"],\"columns[5].columnId\":[\"62\"],\"columns[5].sort\":[\"6\"],\"columns[5].columnComment\":[\"许可证编号\"],\"columns[5].javaType\":[\"String\"],\"c', '{\"msg\":\"操作成功\",\"code\":0}', '0', null, '2024-05-01 11:36:39', '40');
INSERT INTO `sys_oper_log` VALUES ('215', '菜单管理', '3', 'com.ruoyi.project.system.menu.controller.MenuController.remove()', 'GET', '1', 'admin', '办公室', '/system/menu/remove/2014', '127.0.0.1', '内网IP', '2014', '{\"msg\":\"操作成功\",\"code\":0}', '0', null, '2024-05-01 11:38:01', '28');
INSERT INTO `sys_oper_log` VALUES ('216', '菜单管理', '3', 'com.ruoyi.project.system.menu.controller.MenuController.remove()', 'GET', '1', 'admin', '办公室', '/system/menu/remove/2015', '127.0.0.1', '内网IP', '2015', '{\"msg\":\"操作成功\",\"code\":0}', '0', null, '2024-05-01 11:38:06', '13');
INSERT INTO `sys_oper_log` VALUES ('217', '菜单管理', '3', 'com.ruoyi.project.system.menu.controller.MenuController.remove()', 'GET', '1', 'admin', '办公室', '/system/menu/remove/2016', '127.0.0.1', '内网IP', '2016', '{\"msg\":\"操作成功\",\"code\":0}', '0', null, '2024-05-01 11:38:11', '20');
INSERT INTO `sys_oper_log` VALUES ('218', '菜单管理', '3', 'com.ruoyi.project.system.menu.controller.MenuController.remove()', 'GET', '1', 'admin', '办公室', '/system/menu/remove/2017', '127.0.0.1', '内网IP', '2017', '{\"msg\":\"操作成功\",\"code\":0}', '0', null, '2024-05-01 11:38:16', '19');
INSERT INTO `sys_oper_log` VALUES ('219', '菜单管理', '3', 'com.ruoyi.project.system.menu.controller.MenuController.remove()', 'GET', '1', 'admin', '办公室', '/system/menu/remove/2018', '127.0.0.1', '内网IP', '2018', '{\"msg\":\"操作成功\",\"code\":0}', '0', null, '2024-05-01 11:38:20', '15');
INSERT INTO `sys_oper_log` VALUES ('220', '菜单管理', '3', 'com.ruoyi.project.system.menu.controller.MenuController.remove()', 'GET', '1', 'admin', '办公室', '/system/menu/remove/2013', '127.0.0.1', '内网IP', '2013', '{\"msg\":\"操作成功\",\"code\":0}', '0', null, '2024-05-01 11:38:23', '15');
INSERT INTO `sys_oper_log` VALUES ('221', '代码生成', '8', 'com.ruoyi.project.tool.gen.controller.GenController.batchGenCode()', 'GET', '1', 'admin', '办公室', '/tool/gen/batchGenCode', '127.0.0.1', '内网IP', '{\"tables\":[\"his_drug_catalogue,his_suppliers\"]}', null, '0', null, '2024-05-01 11:38:45', '585');
INSERT INTO `sys_oper_log` VALUES ('222', '代码生成', '6', 'com.ruoyi.project.tool.gen.controller.GenController.importTableSave()', 'POST', '1', 'admin', '办公室', '/tool/gen/importTable', '127.0.0.1', '内网IP', '{\"tables\":[\"his_procurement_plans,his_procurement_schedules,his_purchaseorders,his_orders_schedules\"]}', '{\"msg\":\"操作成功\",\"code\":0}', '0', null, '2024-05-01 11:42:55', '205');
INSERT INTO `sys_oper_log` VALUES ('223', '代码生成', '2', 'com.ruoyi.project.tool.gen.controller.GenController.editSave()', 'POST', '1', 'admin', '办公室', '/tool/gen/edit', '127.0.0.1', '内网IP', '{\"tableId\":[\"13\"],\"tableName\":[\"his_purchaseorders\"],\"tableComment\":[\"采购订单表\"],\"className\":[\"HisPurchaseorders\"],\"functionAuthor\":[\"SteveMMMy\"],\"remark\":[\"\"],\"columns[0].columnId\":[\"81\"],\"columns[0].sort\":[\"1\"],\"columns[0].columnComment\":[\"采购单ID\"],\"columns[0].javaType\":[\"Long\"],\"columns[0].javaField\":[\"purId\"],\"columns[0].isInsert\":[\"1\"],\"columns[0].queryType\":[\"EQ\"],\"columns[0].htmlType\":[\"input\"],\"columns[0].dictType\":[\"\"],\"columns[1].columnId\":[\"82\"],\"columns[1].sort\":[\"2\"],\"columns[1].columnComment\":[\"供应商编号\"],\"columns[1].javaType\":[\"Long\"],\"columns[1].javaField\":[\"splId\"],\"columns[1].isInsert\":[\"1\"],\"columns[1].isEdit\":[\"1\"],\"columns[1].isList\":[\"1\"],\"columns[1].isQuery\":[\"1\"],\"columns[1].queryType\":[\"EQ\"],\"columns[1].isRequired\":[\"1\"],\"columns[1].htmlType\":[\"input\"],\"columns[1].dictType\":[\"\"],\"columns[2].columnId\":[\"83\"],\"columns[2].sort\":[\"3\"],\"columns[2].columnComment\":[\"用户ID\"],\"columns[2].javaType\":[\"Long\"],\"columns[2].javaField\":[\"userId\"],\"columns[2].isInsert\":[\"1\"],\"columns[2].isEdit\":[\"1\"],\"columns[2].isList\":[\"1\"],\"columns[2].isQuery\":[\"1\"],\"columns[2].queryType\":[\"EQ\"],\"columns[2].isRequired\":[\"1\"],\"columns[2].htmlType\":[\"input\"],\"columns[2].dictType\":[\"\"],\"columns[3].columnId\":[\"84\"],\"columns[3].sort\":[\"4\"],\"columns[3].columnComment\":[\"采购单据号\"],\"columns[3].javaType\":[\"String\"],\"columns[3].javaField\":[\"purDocNum\"],\"columns[3].isInsert\":[\"1\"],\"columns[3].isEdit\":[\"1\"],\"columns[3].isList\":[\"1\"],\"columns[3].isQuery\":[\"1\"],\"columns[3].queryType\":[\"EQ\"],\"columns[3].htmlType\":[\"input\"],\"columns[3].dictType\":[\"\"],\"columns[4].columnId\":[\"85\"],\"columns[4].sort\":[\"5\"],\"columns[4].columnComment\":[\"订单日期\"],\"columns[4].javaType\":[\"Date\"],\"columns[4].javaField\":[\"purDate\"],\"columns[4].isInsert\":[\"1\"],\"columns[4].isEdit\":[\"1\"],\"columns[4].isList\":[\"1\"],\"columns[4].isQuery\":[\"1\"],\"columns[4].queryType\":[\"EQ\"],\"columns[4].isRequired\":[\"1\"],\"columns[4].htmlType\":[\"datetime\"],\"columns[4].dictType\":[\"\"],\"columns[5].columnId\":[\"86\"],\"columns[5].sort\":[\"6\"],\"columns[5].columnC', '{\"msg\":\"操作成功\",\"code\":0}', '0', null, '2024-05-01 11:45:37', '50');
INSERT INTO `sys_oper_log` VALUES ('224', '代码生成', '2', 'com.ruoyi.project.tool.gen.controller.GenController.editSave()', 'POST', '1', 'admin', '办公室', '/tool/gen/edit', '127.0.0.1', '内网IP', '{\"tableId\":[\"11\"],\"tableName\":[\"his_procurement_plans\"],\"tableComment\":[\"采购计划单表\"],\"className\":[\"HisProcurementPlans\"],\"functionAuthor\":[\"SteveMMMy\"],\"remark\":[\"\"],\"columns[0].columnId\":[\"69\"],\"columns[0].sort\":[\"1\"],\"columns[0].columnComment\":[\"采购计划表ID\"],\"columns[0].javaType\":[\"Long\"],\"columns[0].javaField\":[\"prcpId\"],\"columns[0].isInsert\":[\"1\"],\"columns[0].queryType\":[\"EQ\"],\"columns[0].htmlType\":[\"input\"],\"columns[0].dictType\":[\"\"],\"columns[1].columnId\":[\"70\"],\"columns[1].sort\":[\"2\"],\"columns[1].columnComment\":[\"用户ID\"],\"columns[1].javaType\":[\"Long\"],\"columns[1].javaField\":[\"userId\"],\"columns[1].isInsert\":[\"1\"],\"columns[1].isEdit\":[\"1\"],\"columns[1].isList\":[\"1\"],\"columns[1].isQuery\":[\"1\"],\"columns[1].queryType\":[\"EQ\"],\"columns[1].isRequired\":[\"1\"],\"columns[1].htmlType\":[\"input\"],\"columns[1].dictType\":[\"\"],\"columns[2].columnId\":[\"71\"],\"columns[2].sort\":[\"3\"],\"columns[2].columnComment\":[\"采购单ID\"],\"columns[2].javaType\":[\"Long\"],\"columns[2].javaField\":[\"purId\"],\"columns[2].isInsert\":[\"1\"],\"columns[2].isEdit\":[\"1\"],\"columns[2].isList\":[\"1\"],\"columns[2].isQuery\":[\"1\"],\"columns[2].queryType\":[\"EQ\"],\"columns[2].htmlType\":[\"input\"],\"columns[2].dictType\":[\"\"],\"columns[3].columnId\":[\"72\"],\"columns[3].sort\":[\"4\"],\"columns[3].columnComment\":[\"采购计划单据号\"],\"columns[3].javaType\":[\"String\"],\"columns[3].javaField\":[\"prcpDocNum\"],\"columns[3].isInsert\":[\"1\"],\"columns[3].isEdit\":[\"1\"],\"columns[3].isList\":[\"1\"],\"columns[3].isQuery\":[\"1\"],\"columns[3].queryType\":[\"EQ\"],\"columns[3].htmlType\":[\"input\"],\"columns[3].dictType\":[\"\"],\"columns[4].columnId\":[\"73\"],\"columns[4].sort\":[\"5\"],\"columns[4].columnComment\":[\"制单日期\"],\"columns[4].javaType\":[\"Date\"],\"columns[4].javaField\":[\"prcpDate\"],\"columns[4].isInsert\":[\"1\"],\"columns[4].isEdit\":[\"1\"],\"columns[4].isList\":[\"1\"],\"columns[4].isQuery\":[\"1\"],\"columns[4].queryType\":[\"EQ\"],\"columns[4].isRequired\":[\"1\"],\"columns[4].htmlType\":[\"datetime\"],\"columns[4].dictType\":[\"\"],\"tplCategory\":[\"sub\"],\"packageName\":[\"com.ruoyi.project.his\"],\"moduleName\":[\"his\"],\"busin', '{\"msg\":\"操作成功\",\"code\":0}', '0', null, '2024-05-01 11:46:11', '40');
INSERT INTO `sys_oper_log` VALUES ('225', '代码生成', '2', 'com.ruoyi.project.tool.gen.controller.GenController.editSave()', 'POST', '1', 'admin', '办公室', '/tool/gen/edit', '127.0.0.1', '内网IP', '{\"tableId\":[\"13\"],\"tableName\":[\"his_purchaseorders\"],\"tableComment\":[\"采购订单表\"],\"className\":[\"HisPurchaseorders\"],\"functionAuthor\":[\"SteveMMMy\"],\"remark\":[\"\"],\"columns[0].columnId\":[\"81\"],\"columns[0].sort\":[\"1\"],\"columns[0].columnComment\":[\"采购单ID\"],\"columns[0].javaType\":[\"Long\"],\"columns[0].javaField\":[\"purId\"],\"columns[0].isInsert\":[\"1\"],\"columns[0].queryType\":[\"EQ\"],\"columns[0].htmlType\":[\"input\"],\"columns[0].dictType\":[\"\"],\"columns[1].columnId\":[\"82\"],\"columns[1].sort\":[\"2\"],\"columns[1].columnComment\":[\"供应商编号\"],\"columns[1].javaType\":[\"Long\"],\"columns[1].javaField\":[\"splId\"],\"columns[1].isInsert\":[\"1\"],\"columns[1].isEdit\":[\"1\"],\"columns[1].isList\":[\"1\"],\"columns[1].isQuery\":[\"1\"],\"columns[1].queryType\":[\"EQ\"],\"columns[1].isRequired\":[\"1\"],\"columns[1].htmlType\":[\"input\"],\"columns[1].dictType\":[\"\"],\"columns[2].columnId\":[\"83\"],\"columns[2].sort\":[\"3\"],\"columns[2].columnComment\":[\"用户ID\"],\"columns[2].javaType\":[\"Long\"],\"columns[2].javaField\":[\"userId\"],\"columns[2].isInsert\":[\"1\"],\"columns[2].isEdit\":[\"1\"],\"columns[2].isList\":[\"1\"],\"columns[2].isQuery\":[\"1\"],\"columns[2].queryType\":[\"EQ\"],\"columns[2].isRequired\":[\"1\"],\"columns[2].htmlType\":[\"input\"],\"columns[2].dictType\":[\"\"],\"columns[3].columnId\":[\"84\"],\"columns[3].sort\":[\"4\"],\"columns[3].columnComment\":[\"采购单据号\"],\"columns[3].javaType\":[\"String\"],\"columns[3].javaField\":[\"purDocNum\"],\"columns[3].isInsert\":[\"1\"],\"columns[3].isEdit\":[\"1\"],\"columns[3].isList\":[\"1\"],\"columns[3].isQuery\":[\"1\"],\"columns[3].queryType\":[\"EQ\"],\"columns[3].htmlType\":[\"input\"],\"columns[3].dictType\":[\"\"],\"columns[4].columnId\":[\"85\"],\"columns[4].sort\":[\"5\"],\"columns[4].columnComment\":[\"订单日期\"],\"columns[4].javaType\":[\"Date\"],\"columns[4].javaField\":[\"purDate\"],\"columns[4].isInsert\":[\"1\"],\"columns[4].isEdit\":[\"1\"],\"columns[4].isList\":[\"1\"],\"columns[4].isQuery\":[\"1\"],\"columns[4].queryType\":[\"EQ\"],\"columns[4].isRequired\":[\"1\"],\"columns[4].htmlType\":[\"datetime\"],\"columns[4].dictType\":[\"\"],\"columns[5].columnId\":[\"86\"],\"columns[5].sort\":[\"6\"],\"columns[5].columnC', '{\"msg\":\"操作成功\",\"code\":0}', '0', null, '2024-05-01 11:47:33', '55');
INSERT INTO `sys_oper_log` VALUES ('226', '代码生成', '2', 'com.ruoyi.project.tool.gen.controller.GenController.editSave()', 'POST', '1', 'admin', '办公室', '/tool/gen/edit', '127.0.0.1', '内网IP', '{\"tableId\":[\"11\"],\"tableName\":[\"his_procurement_plans\"],\"tableComment\":[\"采购计划单表\"],\"className\":[\"HisProcurementPlans\"],\"functionAuthor\":[\"SteveMMMy\"],\"remark\":[\"\"],\"columns[0].columnId\":[\"69\"],\"columns[0].sort\":[\"1\"],\"columns[0].columnComment\":[\"采购计划表ID\"],\"columns[0].javaType\":[\"Long\"],\"columns[0].javaField\":[\"prcpId\"],\"columns[0].isInsert\":[\"1\"],\"columns[0].queryType\":[\"EQ\"],\"columns[0].htmlType\":[\"input\"],\"columns[0].dictType\":[\"\"],\"columns[1].columnId\":[\"70\"],\"columns[1].sort\":[\"2\"],\"columns[1].columnComment\":[\"用户ID\"],\"columns[1].javaType\":[\"Long\"],\"columns[1].javaField\":[\"userId\"],\"columns[1].isInsert\":[\"1\"],\"columns[1].isEdit\":[\"1\"],\"columns[1].isList\":[\"1\"],\"columns[1].isQuery\":[\"1\"],\"columns[1].queryType\":[\"EQ\"],\"columns[1].isRequired\":[\"1\"],\"columns[1].htmlType\":[\"input\"],\"columns[1].dictType\":[\"\"],\"columns[2].columnId\":[\"71\"],\"columns[2].sort\":[\"3\"],\"columns[2].columnComment\":[\"采购单ID\"],\"columns[2].javaType\":[\"Long\"],\"columns[2].javaField\":[\"purId\"],\"columns[2].isInsert\":[\"1\"],\"columns[2].isEdit\":[\"1\"],\"columns[2].isList\":[\"1\"],\"columns[2].isQuery\":[\"1\"],\"columns[2].queryType\":[\"EQ\"],\"columns[2].htmlType\":[\"input\"],\"columns[2].dictType\":[\"\"],\"columns[3].columnId\":[\"72\"],\"columns[3].sort\":[\"4\"],\"columns[3].columnComment\":[\"采购计划单据号\"],\"columns[3].javaType\":[\"String\"],\"columns[3].javaField\":[\"prcpDocNum\"],\"columns[3].isInsert\":[\"1\"],\"columns[3].isEdit\":[\"1\"],\"columns[3].isList\":[\"1\"],\"columns[3].isQuery\":[\"1\"],\"columns[3].queryType\":[\"EQ\"],\"columns[3].htmlType\":[\"input\"],\"columns[3].dictType\":[\"\"],\"columns[4].columnId\":[\"73\"],\"columns[4].sort\":[\"5\"],\"columns[4].columnComment\":[\"制单日期\"],\"columns[4].javaType\":[\"Date\"],\"columns[4].javaField\":[\"prcpDate\"],\"columns[4].isInsert\":[\"1\"],\"columns[4].isEdit\":[\"1\"],\"columns[4].isList\":[\"1\"],\"columns[4].isQuery\":[\"1\"],\"columns[4].queryType\":[\"EQ\"],\"columns[4].isRequired\":[\"1\"],\"columns[4].htmlType\":[\"datetime\"],\"columns[4].dictType\":[\"\"],\"tplCategory\":[\"sub\"],\"packageName\":[\"com.ruoyi.project.his\"],\"moduleName\":[\"his\"],\"busin', '{\"msg\":\"操作成功\",\"code\":0}', '0', null, '2024-05-01 11:51:20', '31');
INSERT INTO `sys_oper_log` VALUES ('227', '代码生成', '8', 'com.ruoyi.project.tool.gen.controller.GenController.batchGenCode()', 'GET', '1', 'admin', '办公室', '/tool/gen/batchGenCode', '127.0.0.1', '内网IP', '{\"tables\":[\"his_procurement_plans,his_purchaseorders\"]}', null, '0', null, '2024-05-01 11:52:11', '305');
INSERT INTO `sys_oper_log` VALUES ('228', '个人信息', '2', 'com.ruoyi.project.system.user.controller.ProfileController.updateAvatar()', 'POST', '1', 'admin', '办公室', '/system/user/profile/updateAvatar', '127.0.0.1', '内网IP', '', '{\"msg\":\"操作成功\",\"code\":0}', '0', null, '2024-05-01 12:42:27', '111');
INSERT INTO `sys_oper_log` VALUES ('229', '个人信息', '2', 'com.ruoyi.project.system.user.controller.ProfileController.updateAvatar()', 'POST', '1', 'admin', '办公室', '/system/user/profile/updateAvatar', '127.0.0.1', '内网IP', '', '{\"msg\":\"操作成功\",\"code\":0}', '0', null, '2024-05-01 12:43:44', '28');
INSERT INTO `sys_oper_log` VALUES ('230', '药品目录', '1', 'com.ruoyi.project.his.catalogue.controller.HisDrugCatalogueController.addSave()', 'POST', '1', 'admin', '办公室', '/his/catalogue/add', '127.0.0.1', '内网IP', '{\"catApprovalNumber\":[\"\"],\"catDrugNum\":[\"\"],\"catName\":[\"123\"],\"catEnglishName\":[\"\"],\"catProducer\":[\"\"],\"catSpecs\":[\"\"],\"catDosageForm\":[\"0\"],\"catPackage\":[\"\"],\"catUnit\":[\"0\"],\"catUnitPrice\":[\"\"]}', '{\"msg\":\"操作成功\",\"code\":0}', '0', null, '2024-05-01 12:48:08', '27');
INSERT INTO `sys_oper_log` VALUES ('231', '药品目录', '3', 'com.ruoyi.project.his.catalogue.controller.HisDrugCatalogueController.remove()', 'POST', '1', 'admin', '办公室', '/his/catalogue/remove', '127.0.0.1', '内网IP', '{\"ids\":[\"1\"]}', '{\"msg\":\"操作成功\",\"code\":0}', '0', null, '2024-05-01 12:48:10', '21');
INSERT INTO `sys_oper_log` VALUES ('232', '菜单管理', '3', 'com.ruoyi.project.system.menu.controller.MenuController.remove()', 'GET', '1', 'admin', '办公室', '/system/menu/remove/2006', '127.0.0.1', '内网IP', '2006', '{\"msg\":\"存在子菜单,不允许删除\",\"code\":301}', '0', null, '2024-05-01 22:21:49', '100');
INSERT INTO `sys_oper_log` VALUES ('233', '菜单管理', '3', 'com.ruoyi.project.system.menu.controller.MenuController.remove()', 'GET', '1', 'admin', '办公室', '/system/menu/remove/2031', '127.0.0.1', '内网IP', '2031', '{\"msg\":\"存在子菜单,不允许删除\",\"code\":301}', '0', null, '2024-05-01 22:21:52', '5');
INSERT INTO `sys_oper_log` VALUES ('234', '菜单管理', '3', 'com.ruoyi.project.system.menu.controller.MenuController.remove()', 'GET', '1', 'admin', '办公室', '/system/menu/remove/2020', '127.0.0.1', '内网IP', '2020', '{\"msg\":\"操作成功\",\"code\":0}', '0', null, '2024-05-01 22:22:00', '37');
INSERT INTO `sys_oper_log` VALUES ('235', '供应商', '1', 'com.ruoyi.project.his.suppliers.controller.HisSuppliersController.addSave()', 'POST', '1', 'admin', '办公室', '/his/suppliers/add', '127.0.0.1', '内网IP', '{\"splName\":[\"公司\"],\"splAddr\":[\"\"],\"splContact\":[\"\"],\"splLegalPerson\":[\"\"],\"splPermitId\":[\"\"],\"splCertification\":[\"\"],\"splBusinessLicenseId\":[\"\"]}', '{\"msg\":\"操作成功\",\"code\":0}', '0', null, '2024-05-01 22:22:21', '31');
INSERT INTO `sys_oper_log` VALUES ('236', '供应商', '3', 'com.ruoyi.project.his.suppliers.controller.HisSuppliersController.remove()', 'POST', '1', 'admin', '办公室', '/his/suppliers/remove', '127.0.0.1', '内网IP', '{\"ids\":[\"1\"]}', '{\"msg\":\"操作成功\",\"code\":0}', '0', null, '2024-05-01 22:22:33', '16');
INSERT INTO `sys_oper_log` VALUES ('237', '代码生成', '3', 'com.ruoyi.project.tool.gen.controller.GenController.remove()', 'POST', '1', 'admin', '办公室', '/tool/gen/remove', '127.0.0.1', '内网IP', '{\"ids\":[\"11,12,13,10,8,9\"]}', '{\"msg\":\"操作成功\",\"code\":0}', '0', null, '2024-05-01 22:27:19', '33');
INSERT INTO `sys_oper_log` VALUES ('238', '代码生成', '6', 'com.ruoyi.project.tool.gen.controller.GenController.importTableSave()', 'POST', '1', 'admin', '办公室', '/tool/gen/importTable', '127.0.0.1', '内网IP', '{\"tables\":[\"his_drug_catalogue,his_inventory\"]}', '{\"msg\":\"操作成功\",\"code\":0}', '0', null, '2024-05-01 22:30:14', '106');
INSERT INTO `sys_oper_log` VALUES ('239', '代码生成', '6', 'com.ruoyi.project.tool.gen.controller.GenController.importTableSave()', 'POST', '1', 'admin', '办公室', '/tool/gen/importTable', '127.0.0.1', '内网IP', '{\"tables\":[\"his_procurement_plans,his_procurement_schedules,his_purchase_orders,his_orders_schedules\"]}', '{\"msg\":\"操作成功\",\"code\":0}', '0', null, '2024-05-01 22:30:35', '119');
INSERT INTO `sys_oper_log` VALUES ('240', '代码生成', '2', 'com.ruoyi.project.tool.gen.controller.GenController.editSave()', 'POST', '1', 'admin', '办公室', '/tool/gen/edit', '127.0.0.1', '内网IP', '{\"tableId\":[\"15\"],\"tableName\":[\"his_inventory\"],\"tableComment\":[\"库存信息表\"],\"className\":[\"HisInventory\"],\"functionAuthor\":[\"SteveMMMy\"],\"remark\":[\"\"],\"columns[0].columnId\":[\"99\"],\"columns[0].sort\":[\"1\"],\"columns[0].columnComment\":[\"库存编号\"],\"columns[0].javaType\":[\"Long\"],\"columns[0].javaField\":[\"invId\"],\"columns[0].isInsert\":[\"1\"],\"columns[0].queryType\":[\"EQ\"],\"columns[0].htmlType\":[\"input\"],\"columns[0].dictType\":[\"\"],\"columns[1].columnId\":[\"100\"],\"columns[1].sort\":[\"2\"],\"columns[1].columnComment\":[\"药品ID\"],\"columns[1].javaType\":[\"Long\"],\"columns[1].javaField\":[\"catId\"],\"columns[1].isInsert\":[\"1\"],\"columns[1].isEdit\":[\"1\"],\"columns[1].isList\":[\"1\"],\"columns[1].isQuery\":[\"1\"],\"columns[1].queryType\":[\"EQ\"],\"columns[1].isRequired\":[\"1\"],\"columns[1].htmlType\":[\"input\"],\"columns[1].dictType\":[\"\"],\"columns[2].columnId\":[\"101\"],\"columns[2].sort\":[\"3\"],\"columns[2].columnComment\":[\"生产批号\"],\"columns[2].javaType\":[\"String\"],\"columns[2].javaField\":[\"invBatchNumber\"],\"columns[2].isInsert\":[\"1\"],\"columns[2].isEdit\":[\"1\"],\"columns[2].isList\":[\"1\"],\"columns[2].isQuery\":[\"1\"],\"columns[2].queryType\":[\"EQ\"],\"columns[2].isRequired\":[\"1\"],\"columns[2].htmlType\":[\"input\"],\"columns[2].dictType\":[\"\"],\"columns[3].columnId\":[\"102\"],\"columns[3].sort\":[\"4\"],\"columns[3].columnComment\":[\"库存数量\"],\"columns[3].javaType\":[\"Long\"],\"columns[3].javaField\":[\"invNumber\"],\"columns[3].isInsert\":[\"1\"],\"columns[3].isEdit\":[\"1\"],\"columns[3].isList\":[\"1\"],\"columns[3].isQuery\":[\"1\"],\"columns[3].queryType\":[\"EQ\"],\"columns[3].htmlType\":[\"input\"],\"columns[3].dictType\":[\"\"],\"columns[4].columnId\":[\"103\"],\"columns[4].sort\":[\"5\"],\"columns[4].columnComment\":[\"销售单价\"],\"columns[4].javaType\":[\"Long\"],\"columns[4].javaField\":[\"invUnitPrice\"],\"columns[4].isInsert\":[\"1\"],\"columns[4].isEdit\":[\"1\"],\"columns[4].isList\":[\"1\"],\"columns[4].isQuery\":[\"1\"],\"columns[4].queryType\":[\"EQ\"],\"columns[4].htmlType\":[\"input\"],\"columns[4].dictType\":[\"\"],\"columns[5].columnId\":[\"104\"],\"columns[5].sort\":[\"6\"],\"columns[5].columnComment\":[\"生产日期\"],\"columns[5]', '{\"msg\":\"操作成功\",\"code\":0}', '0', null, '2024-05-01 22:31:29', '42');
INSERT INTO `sys_oper_log` VALUES ('241', '代码生成', '2', 'com.ruoyi.project.tool.gen.controller.GenController.editSave()', 'POST', '1', 'admin', '办公室', '/tool/gen/edit', '127.0.0.1', '内网IP', '{\"tableId\":[\"14\"],\"tableName\":[\"his_drug_catalogue\"],\"tableComment\":[\"药品目录表\"],\"className\":[\"HisDrugCatalogue\"],\"functionAuthor\":[\"SteveMMMy\"],\"remark\":[\"\"],\"columns[0].columnId\":[\"88\"],\"columns[0].sort\":[\"1\"],\"columns[0].columnComment\":[\"药品ID\"],\"columns[0].javaType\":[\"Long\"],\"columns[0].javaField\":[\"catId\"],\"columns[0].isInsert\":[\"1\"],\"columns[0].queryType\":[\"EQ\"],\"columns[0].htmlType\":[\"input\"],\"columns[0].dictType\":[\"\"],\"columns[1].columnId\":[\"89\"],\"columns[1].sort\":[\"2\"],\"columns[1].columnComment\":[\"批准文号\"],\"columns[1].javaType\":[\"String\"],\"columns[1].javaField\":[\"catApprovalNumber\"],\"columns[1].isInsert\":[\"1\"],\"columns[1].isEdit\":[\"1\"],\"columns[1].isList\":[\"1\"],\"columns[1].isQuery\":[\"1\"],\"columns[1].queryType\":[\"EQ\"],\"columns[1].htmlType\":[\"input\"],\"columns[1].dictType\":[\"\"],\"columns[2].columnId\":[\"90\"],\"columns[2].sort\":[\"3\"],\"columns[2].columnComment\":[\"药品编号\"],\"columns[2].javaType\":[\"String\"],\"columns[2].javaField\":[\"catDrugNum\"],\"columns[2].isInsert\":[\"1\"],\"columns[2].isEdit\":[\"1\"],\"columns[2].isList\":[\"1\"],\"columns[2].isQuery\":[\"1\"],\"columns[2].queryType\":[\"EQ\"],\"columns[2].htmlType\":[\"input\"],\"columns[2].dictType\":[\"\"],\"columns[3].columnId\":[\"91\"],\"columns[3].sort\":[\"4\"],\"columns[3].columnComment\":[\"通用名或商品名\"],\"columns[3].javaType\":[\"String\"],\"columns[3].javaField\":[\"catName\"],\"columns[3].isInsert\":[\"1\"],\"columns[3].isEdit\":[\"1\"],\"columns[3].isList\":[\"1\"],\"columns[3].isQuery\":[\"1\"],\"columns[3].queryType\":[\"LIKE\"],\"columns[3].isRequired\":[\"1\"],\"columns[3].htmlType\":[\"input\"],\"columns[3].dictType\":[\"\"],\"columns[4].columnId\":[\"92\"],\"columns[4].sort\":[\"5\"],\"columns[4].columnComment\":[\"英文名称\"],\"columns[4].javaType\":[\"String\"],\"columns[4].javaField\":[\"catEnglishName\"],\"columns[4].isInsert\":[\"1\"],\"columns[4].isEdit\":[\"1\"],\"columns[4].isList\":[\"1\"],\"columns[4].isQuery\":[\"1\"],\"columns[4].queryType\":[\"LIKE\"],\"columns[4].htmlType\":[\"input\"],\"columns[4].dictType\":[\"\"],\"columns[5].columnId\":[\"93\"],\"columns[5].sort\":[\"6\"],\"columns[5].columnComment\":[\"生产单位\"],\"columns[5].java', '{\"msg\":\"操作成功\",\"code\":0}', '0', null, '2024-05-01 22:33:23', '41');
INSERT INTO `sys_oper_log` VALUES ('242', '字典类型', '1', 'com.ruoyi.project.system.dict.controller.DictTypeController.addSave()', 'POST', '1', 'admin', '办公室', '/system/dict/add', '127.0.0.1', '内网IP', '{\"dictName\":[\"采购单状态\"],\"dictType\":[\"doc_purchase_status\"],\"status\":[\"0\"],\"remark\":[\"\"]}', '{\"msg\":\"操作成功\",\"code\":0}', '0', null, '2024-05-01 22:36:38', '15');
INSERT INTO `sys_oper_log` VALUES ('243', '字典类型', '1', 'com.ruoyi.project.system.dict.controller.DictTypeController.addSave()', 'POST', '1', 'admin', '办公室', '/system/dict/add', '127.0.0.1', '内网IP', '{\"dictName\":[\"采购计划单状态\"],\"dictType\":[\"doc_plans_status\"],\"status\":[\"0\"],\"remark\":[\"\"]}', '{\"msg\":\"操作成功\",\"code\":0}', '0', null, '2024-05-01 22:37:05', '13');
INSERT INTO `sys_oper_log` VALUES ('244', '字典数据', '1', 'com.ruoyi.project.system.dict.controller.DictDataController.addSave()', 'POST', '1', 'admin', '办公室', '/system/dict/data/add', '127.0.0.1', '内网IP', '{\"dictLabel\":[\"未付款\"],\"dictValue\":[\"0\"],\"dictType\":[\"doc_purchase_status\"],\"cssClass\":[\"\"],\"dictSort\":[\"1\"],\"listClass\":[\"danger\"],\"isDefault\":[\"Y\"],\"status\":[\"0\"],\"remark\":[\"\"]}', '{\"msg\":\"操作成功\",\"code\":0}', '0', null, '2024-05-01 22:39:50', '21');
INSERT INTO `sys_oper_log` VALUES ('245', '字典数据', '1', 'com.ruoyi.project.system.dict.controller.DictDataController.addSave()', 'POST', '1', 'admin', '办公室', '/system/dict/data/add', '127.0.0.1', '内网IP', '{\"dictLabel\":[\"已付款\"],\"dictValue\":[\"1\"],\"dictType\":[\"doc_purchase_status\"],\"cssClass\":[\"\"],\"dictSort\":[\"2\"],\"listClass\":[\"primary\"],\"isDefault\":[\"Y\"],\"status\":[\"0\"],\"remark\":[\"\"]}', '{\"msg\":\"操作成功\",\"code\":0}', '0', null, '2024-05-01 22:40:05', '17');
INSERT INTO `sys_oper_log` VALUES ('246', '字典数据', '2', 'com.ruoyi.project.system.dict.controller.DictDataController.editSave()', 'POST', '1', 'admin', '办公室', '/system/dict/data/edit', '127.0.0.1', '内网IP', '{\"dictCode\":[\"116\"],\"dictLabel\":[\"已付款\"],\"dictValue\":[\"1\"],\"dictType\":[\"doc_purchase_status\"],\"cssClass\":[\"\"],\"dictSort\":[\"2\"],\"listClass\":[\"success\"],\"isDefault\":[\"Y\"],\"status\":[\"0\"],\"remark\":[\"\"]}', '{\"msg\":\"操作成功\",\"code\":0}', '0', null, '2024-05-01 22:40:13', '25');
INSERT INTO `sys_oper_log` VALUES ('247', '字典数据', '1', 'com.ruoyi.project.system.dict.controller.DictDataController.addSave()', 'POST', '1', 'admin', '办公室', '/system/dict/data/add', '127.0.0.1', '内网IP', '{\"dictLabel\":[\"已到货\"],\"dictValue\":[\"2\"],\"dictType\":[\"doc_purchase_status\"],\"cssClass\":[\"\"],\"dictSort\":[\"3\"],\"listClass\":[\"default\"],\"isDefault\":[\"Y\"],\"status\":[\"0\"],\"remark\":[\"\"]}', '{\"msg\":\"操作成功\",\"code\":0}', '0', null, '2024-05-01 22:40:34', '19');
INSERT INTO `sys_oper_log` VALUES ('248', '字典数据', '2', 'com.ruoyi.project.system.dict.controller.DictDataController.editSave()', 'POST', '1', 'admin', '办公室', '/system/dict/data/edit', '127.0.0.1', '内网IP', '{\"dictCode\":[\"117\"],\"dictLabel\":[\"已到货\"],\"dictValue\":[\"2\"],\"dictType\":[\"doc_purchase_status\"],\"cssClass\":[\"\"],\"dictSort\":[\"3\"],\"listClass\":[\"primary\"],\"isDefault\":[\"Y\"],\"status\":[\"0\"],\"remark\":[\"\"]}', '{\"msg\":\"操作成功\",\"code\":0}', '0', null, '2024-05-01 22:40:38', '27');
INSERT INTO `sys_oper_log` VALUES ('249', '代码生成', '2', 'com.ruoyi.project.tool.gen.controller.GenController.editSave()', 'POST', '1', 'admin', '办公室', '/tool/gen/edit', '127.0.0.1', '内网IP', '{\"tableId\":[\"19\"],\"tableName\":[\"his_purchase_orders\"],\"tableComment\":[\"采购订单表\"],\"className\":[\"HisPurchaseOrders\"],\"functionAuthor\":[\"SteveMMMy\"],\"remark\":[\"\"],\"columns[0].columnId\":[\"123\"],\"columns[0].sort\":[\"1\"],\"columns[0].columnComment\":[\"采购单ID\"],\"columns[0].javaType\":[\"Long\"],\"columns[0].javaField\":[\"purId\"],\"columns[0].isInsert\":[\"1\"],\"columns[0].queryType\":[\"EQ\"],\"columns[0].htmlType\":[\"input\"],\"columns[0].dictType\":[\"\"],\"columns[1].columnId\":[\"124\"],\"columns[1].sort\":[\"2\"],\"columns[1].columnComment\":[\"供应商编号\"],\"columns[1].javaType\":[\"Long\"],\"columns[1].javaField\":[\"splId\"],\"columns[1].isInsert\":[\"1\"],\"columns[1].isEdit\":[\"1\"],\"columns[1].isList\":[\"1\"],\"columns[1].isQuery\":[\"1\"],\"columns[1].queryType\":[\"EQ\"],\"columns[1].isRequired\":[\"1\"],\"columns[1].htmlType\":[\"input\"],\"columns[1].dictType\":[\"\"],\"columns[2].columnId\":[\"125\"],\"columns[2].sort\":[\"3\"],\"columns[2].columnComment\":[\"用户ID\"],\"columns[2].javaType\":[\"Long\"],\"columns[2].javaField\":[\"userId\"],\"columns[2].isInsert\":[\"1\"],\"columns[2].isEdit\":[\"1\"],\"columns[2].isList\":[\"1\"],\"columns[2].isQuery\":[\"1\"],\"columns[2].queryType\":[\"EQ\"],\"columns[2].isRequired\":[\"1\"],\"columns[2].htmlType\":[\"input\"],\"columns[2].dictType\":[\"\"],\"columns[3].columnId\":[\"126\"],\"columns[3].sort\":[\"4\"],\"columns[3].columnComment\":[\"采购单据号\"],\"columns[3].javaType\":[\"String\"],\"columns[3].javaField\":[\"purDocNum\"],\"columns[3].isInsert\":[\"1\"],\"columns[3].isEdit\":[\"1\"],\"columns[3].isList\":[\"1\"],\"columns[3].isQuery\":[\"1\"],\"columns[3].queryType\":[\"EQ\"],\"columns[3].htmlType\":[\"input\"],\"columns[3].dictType\":[\"\"],\"columns[4].columnId\":[\"127\"],\"columns[4].sort\":[\"5\"],\"columns[4].columnComment\":[\"订单日期\"],\"columns[4].javaType\":[\"Date\"],\"columns[4].javaField\":[\"purDate\"],\"columns[4].isInsert\":[\"1\"],\"columns[4].isEdit\":[\"1\"],\"columns[4].isList\":[\"1\"],\"columns[4].isQuery\":[\"1\"],\"columns[4].queryType\":[\"EQ\"],\"columns[4].isRequired\":[\"1\"],\"columns[4].htmlType\":[\"datetime\"],\"columns[4].dictType\":[\"\"],\"columns[5].columnId\":[\"128\"],\"columns[5].sort\":[\"6\"],\"columns[5].', '{\"msg\":\"操作成功\",\"code\":0}', '0', null, '2024-05-01 22:42:20', '36');
INSERT INTO `sys_oper_log` VALUES ('250', '代码生成', '2', 'com.ruoyi.project.tool.gen.controller.GenController.editSave()', 'POST', '1', 'admin', '办公室', '/tool/gen/edit', '127.0.0.1', '内网IP', '{\"tableId\":[\"17\"],\"tableName\":[\"his_procurement_plans\"],\"tableComment\":[\"采购计划单表\"],\"className\":[\"HisProcurementPlans\"],\"functionAuthor\":[\"SteveMMMy\"],\"remark\":[\"\"],\"columns[0].columnId\":[\"110\"],\"columns[0].sort\":[\"1\"],\"columns[0].columnComment\":[\"采购计划表ID\"],\"columns[0].javaType\":[\"Long\"],\"columns[0].javaField\":[\"prcpId\"],\"columns[0].isInsert\":[\"1\"],\"columns[0].queryType\":[\"EQ\"],\"columns[0].htmlType\":[\"input\"],\"columns[0].dictType\":[\"\"],\"columns[1].columnId\":[\"111\"],\"columns[1].sort\":[\"2\"],\"columns[1].columnComment\":[\"用户ID\"],\"columns[1].javaType\":[\"Long\"],\"columns[1].javaField\":[\"userId\"],\"columns[1].isInsert\":[\"1\"],\"columns[1].isEdit\":[\"1\"],\"columns[1].isList\":[\"1\"],\"columns[1].isQuery\":[\"1\"],\"columns[1].queryType\":[\"EQ\"],\"columns[1].isRequired\":[\"1\"],\"columns[1].htmlType\":[\"input\"],\"columns[1].dictType\":[\"\"],\"columns[2].columnId\":[\"112\"],\"columns[2].sort\":[\"3\"],\"columns[2].columnComment\":[\"采购单ID\"],\"columns[2].javaType\":[\"Long\"],\"columns[2].javaField\":[\"purId\"],\"columns[2].isInsert\":[\"1\"],\"columns[2].isEdit\":[\"1\"],\"columns[2].isList\":[\"1\"],\"columns[2].isQuery\":[\"1\"],\"columns[2].queryType\":[\"EQ\"],\"columns[2].htmlType\":[\"input\"],\"columns[2].dictType\":[\"\"],\"columns[3].columnId\":[\"113\"],\"columns[3].sort\":[\"4\"],\"columns[3].columnComment\":[\"采购计划单据号\"],\"columns[3].javaType\":[\"String\"],\"columns[3].javaField\":[\"prcpDocNum\"],\"columns[3].isInsert\":[\"1\"],\"columns[3].isEdit\":[\"1\"],\"columns[3].isList\":[\"1\"],\"columns[3].isQuery\":[\"1\"],\"columns[3].queryType\":[\"EQ\"],\"columns[3].htmlType\":[\"input\"],\"columns[3].dictType\":[\"\"],\"columns[4].columnId\":[\"114\"],\"columns[4].sort\":[\"5\"],\"columns[4].columnComment\":[\"制单日期\"],\"columns[4].javaType\":[\"Date\"],\"columns[4].javaField\":[\"prcpDate\"],\"columns[4].isInsert\":[\"1\"],\"columns[4].isEdit\":[\"1\"],\"columns[4].isList\":[\"1\"],\"columns[4].isQuery\":[\"1\"],\"columns[4].queryType\":[\"EQ\"],\"columns[4].isRequired\":[\"1\"],\"columns[4].htmlType\":[\"datetime\"],\"columns[4].dictType\":[\"\"],\"columns[5].columnId\":[\"115\"],\"columns[5].sort\":[\"6\"],\"columns[5].columnComment\":[\"预', '{\"msg\":\"操作成功\",\"code\":0}', '0', null, '2024-05-01 22:43:19', '104');
INSERT INTO `sys_oper_log` VALUES ('251', '代码生成', '6', 'com.ruoyi.project.tool.gen.controller.GenController.importTableSave()', 'POST', '1', 'admin', '办公室', '/tool/gen/importTable', '127.0.0.1', '内网IP', '{\"tables\":[\"his_suppliers\"]}', '{\"msg\":\"操作成功\",\"code\":0}', '0', null, '2024-05-01 22:46:44', '49');
INSERT INTO `sys_oper_log` VALUES ('252', '代码生成', '2', 'com.ruoyi.project.tool.gen.controller.GenController.editSave()', 'POST', '1', 'admin', '办公室', '/tool/gen/edit', '127.0.0.1', '内网IP', '{\"tableId\":[\"20\"],\"tableName\":[\"his_suppliers\"],\"tableComment\":[\"供应商表\"],\"className\":[\"HisSuppliers\"],\"functionAuthor\":[\"SteveMMMy\"],\"remark\":[\"\"],\"columns[0].columnId\":[\"131\"],\"columns[0].sort\":[\"1\"],\"columns[0].columnComment\":[\"供应商编号\"],\"columns[0].javaType\":[\"Long\"],\"columns[0].javaField\":[\"splId\"],\"columns[0].isInsert\":[\"1\"],\"columns[0].queryType\":[\"EQ\"],\"columns[0].htmlType\":[\"input\"],\"columns[0].dictType\":[\"\"],\"columns[1].columnId\":[\"132\"],\"columns[1].sort\":[\"2\"],\"columns[1].columnComment\":[\"供应商名称\"],\"columns[1].javaType\":[\"String\"],\"columns[1].javaField\":[\"splName\"],\"columns[1].isInsert\":[\"1\"],\"columns[1].isEdit\":[\"1\"],\"columns[1].isList\":[\"1\"],\"columns[1].isQuery\":[\"1\"],\"columns[1].queryType\":[\"LIKE\"],\"columns[1].isRequired\":[\"1\"],\"columns[1].htmlType\":[\"input\"],\"columns[1].dictType\":[\"\"],\"columns[2].columnId\":[\"133\"],\"columns[2].sort\":[\"3\"],\"columns[2].columnComment\":[\"供应商地址\"],\"columns[2].javaType\":[\"String\"],\"columns[2].javaField\":[\"splAddr\"],\"columns[2].isInsert\":[\"1\"],\"columns[2].isEdit\":[\"1\"],\"columns[2].isList\":[\"1\"],\"columns[2].isQuery\":[\"1\"],\"columns[2].queryType\":[\"EQ\"],\"columns[2].htmlType\":[\"textarea\"],\"columns[2].dictType\":[\"\"],\"columns[3].columnId\":[\"134\"],\"columns[3].sort\":[\"4\"],\"columns[3].columnComment\":[\"联系方式\"],\"columns[3].javaType\":[\"String\"],\"columns[3].javaField\":[\"splContact\"],\"columns[3].isInsert\":[\"1\"],\"columns[3].isEdit\":[\"1\"],\"columns[3].isList\":[\"1\"],\"columns[3].isQuery\":[\"1\"],\"columns[3].queryType\":[\"EQ\"],\"columns[3].htmlType\":[\"input\"],\"columns[3].dictType\":[\"\"],\"columns[4].columnId\":[\"135\"],\"columns[4].sort\":[\"5\"],\"columns[4].columnComment\":[\"法人代表\"],\"columns[4].javaType\":[\"String\"],\"columns[4].javaField\":[\"splLegalPerson\"],\"columns[4].isInsert\":[\"1\"],\"columns[4].isEdit\":[\"1\"],\"columns[4].isList\":[\"1\"],\"columns[4].isQuery\":[\"1\"],\"columns[4].queryType\":[\"EQ\"],\"columns[4].htmlType\":[\"input\"],\"columns[4].dictType\":[\"\"],\"columns[5].columnId\":[\"136\"],\"columns[5].sort\":[\"6\"],\"columns[5].columnComment\":[\"许可证编号\"],\"columns[5].javaType\":[\"Stri', '{\"msg\":\"操作成功\",\"code\":0}', '0', null, '2024-05-01 22:47:13', '39');
INSERT INTO `sys_oper_log` VALUES ('253', '代码生成', '2', 'com.ruoyi.project.tool.gen.controller.GenController.editSave()', 'POST', '1', 'admin', '办公室', '/tool/gen/edit', '127.0.0.1', '内网IP', '{\"tableId\":[\"17\"],\"tableName\":[\"his_procurement_plans\"],\"tableComment\":[\"采购计划单表\"],\"className\":[\"HisProcurementPlans\"],\"functionAuthor\":[\"SteveMMMy\"],\"remark\":[\"\"],\"columns[0].columnId\":[\"110\"],\"columns[0].sort\":[\"1\"],\"columns[0].columnComment\":[\"采购计划表ID\"],\"columns[0].javaType\":[\"Long\"],\"columns[0].javaField\":[\"prcpId\"],\"columns[0].isInsert\":[\"1\"],\"columns[0].queryType\":[\"EQ\"],\"columns[0].htmlType\":[\"input\"],\"columns[0].dictType\":[\"\"],\"columns[1].columnId\":[\"111\"],\"columns[1].sort\":[\"2\"],\"columns[1].columnComment\":[\"用户ID\"],\"columns[1].javaType\":[\"Long\"],\"columns[1].javaField\":[\"userId\"],\"columns[1].isInsert\":[\"1\"],\"columns[1].isEdit\":[\"1\"],\"columns[1].isList\":[\"1\"],\"columns[1].isQuery\":[\"1\"],\"columns[1].queryType\":[\"EQ\"],\"columns[1].isRequired\":[\"1\"],\"columns[1].htmlType\":[\"input\"],\"columns[1].dictType\":[\"\"],\"columns[2].columnId\":[\"112\"],\"columns[2].sort\":[\"3\"],\"columns[2].columnComment\":[\"采购单ID\"],\"columns[2].javaType\":[\"Long\"],\"columns[2].javaField\":[\"purId\"],\"columns[2].isInsert\":[\"1\"],\"columns[2].isEdit\":[\"1\"],\"columns[2].isList\":[\"1\"],\"columns[2].isQuery\":[\"1\"],\"columns[2].queryType\":[\"EQ\"],\"columns[2].htmlType\":[\"input\"],\"columns[2].dictType\":[\"\"],\"columns[3].columnId\":[\"113\"],\"columns[3].sort\":[\"4\"],\"columns[3].columnComment\":[\"采购计划单据号\"],\"columns[3].javaType\":[\"String\"],\"columns[3].javaField\":[\"prcpDocNum\"],\"columns[3].isInsert\":[\"1\"],\"columns[3].isEdit\":[\"1\"],\"columns[3].isList\":[\"1\"],\"columns[3].isQuery\":[\"1\"],\"columns[3].queryType\":[\"EQ\"],\"columns[3].htmlType\":[\"input\"],\"columns[3].dictType\":[\"\"],\"columns[4].columnId\":[\"114\"],\"columns[4].sort\":[\"5\"],\"columns[4].columnComment\":[\"制单日期\"],\"columns[4].javaType\":[\"Date\"],\"columns[4].javaField\":[\"prcpDate\"],\"columns[4].isInsert\":[\"1\"],\"columns[4].isEdit\":[\"1\"],\"columns[4].isList\":[\"1\"],\"columns[4].isQuery\":[\"1\"],\"columns[4].queryType\":[\"EQ\"],\"columns[4].isRequired\":[\"1\"],\"columns[4].htmlType\":[\"datetime\"],\"columns[4].dictType\":[\"\"],\"columns[5].columnId\":[\"115\"],\"columns[5].sort\":[\"6\"],\"columns[5].columnComment\":[\"预', '{\"msg\":\"操作成功\",\"code\":0}', '0', null, '2024-05-01 22:56:15', '36');
INSERT INTO `sys_oper_log` VALUES ('254', '代码生成', '2', 'com.ruoyi.project.tool.gen.controller.GenController.editSave()', 'POST', '1', 'admin', '办公室', '/tool/gen/edit', '127.0.0.1', '内网IP', '{\"tableId\":[\"19\"],\"tableName\":[\"his_purchase_orders\"],\"tableComment\":[\"采购订单表\"],\"className\":[\"HisPurchaseOrders\"],\"functionAuthor\":[\"SteveMMMy\"],\"remark\":[\"\"],\"columns[0].columnId\":[\"123\"],\"columns[0].sort\":[\"1\"],\"columns[0].columnComment\":[\"采购单ID\"],\"columns[0].javaType\":[\"Long\"],\"columns[0].javaField\":[\"purId\"],\"columns[0].isInsert\":[\"1\"],\"columns[0].queryType\":[\"EQ\"],\"columns[0].htmlType\":[\"input\"],\"columns[0].dictType\":[\"\"],\"columns[1].columnId\":[\"124\"],\"columns[1].sort\":[\"2\"],\"columns[1].columnComment\":[\"供应商编号\"],\"columns[1].javaType\":[\"Long\"],\"columns[1].javaField\":[\"splId\"],\"columns[1].isInsert\":[\"1\"],\"columns[1].isEdit\":[\"1\"],\"columns[1].isList\":[\"1\"],\"columns[1].isQuery\":[\"1\"],\"columns[1].queryType\":[\"EQ\"],\"columns[1].isRequired\":[\"1\"],\"columns[1].htmlType\":[\"input\"],\"columns[1].dictType\":[\"\"],\"columns[2].columnId\":[\"125\"],\"columns[2].sort\":[\"3\"],\"columns[2].columnComment\":[\"用户ID\"],\"columns[2].javaType\":[\"Long\"],\"columns[2].javaField\":[\"userId\"],\"columns[2].isInsert\":[\"1\"],\"columns[2].isEdit\":[\"1\"],\"columns[2].isList\":[\"1\"],\"columns[2].isQuery\":[\"1\"],\"columns[2].queryType\":[\"EQ\"],\"columns[2].isRequired\":[\"1\"],\"columns[2].htmlType\":[\"input\"],\"columns[2].dictType\":[\"\"],\"columns[3].columnId\":[\"126\"],\"columns[3].sort\":[\"4\"],\"columns[3].columnComment\":[\"采购单据号\"],\"columns[3].javaType\":[\"String\"],\"columns[3].javaField\":[\"purDocNum\"],\"columns[3].isInsert\":[\"1\"],\"columns[3].isEdit\":[\"1\"],\"columns[3].isList\":[\"1\"],\"columns[3].isQuery\":[\"1\"],\"columns[3].queryType\":[\"EQ\"],\"columns[3].htmlType\":[\"input\"],\"columns[3].dictType\":[\"\"],\"columns[4].columnId\":[\"127\"],\"columns[4].sort\":[\"5\"],\"columns[4].columnComment\":[\"订单日期\"],\"columns[4].javaType\":[\"Date\"],\"columns[4].javaField\":[\"purDate\"],\"columns[4].isInsert\":[\"1\"],\"columns[4].isEdit\":[\"1\"],\"columns[4].isList\":[\"1\"],\"columns[4].isQuery\":[\"1\"],\"columns[4].queryType\":[\"EQ\"],\"columns[4].isRequired\":[\"1\"],\"columns[4].htmlType\":[\"datetime\"],\"columns[4].dictType\":[\"\"],\"columns[5].columnId\":[\"128\"],\"columns[5].sort\":[\"6\"],\"columns[5].', '{\"msg\":\"操作成功\",\"code\":0}', '0', null, '2024-05-01 22:56:34', '40');
INSERT INTO `sys_oper_log` VALUES ('255', '代码生成', '8', 'com.ruoyi.project.tool.gen.controller.GenController.batchGenCode()', 'GET', '1', 'admin', '办公室', '/tool/gen/batchGenCode', '127.0.0.1', '内网IP', '{\"tables\":[\"his_procurement_plans,his_purchase_orders,his_drug_catalogue,his_suppliers\"]}', null, '0', null, '2024-05-01 22:57:37', '865');
INSERT INTO `sys_oper_log` VALUES ('256', '字典类型', '5', 'com.ruoyi.project.system.dict.controller.DictTypeController.export()', 'POST', '1', 'admin', '办公室', '/system/dict/export', '127.0.0.1', '内网IP', '{\"dictName\":[\"\"],\"dictType\":[\"\"],\"status\":[\"\"],\"params[beginTime]\":[\"\"],\"params[endTime]\":[\"\"],\"orderByColumn\":[\"dictType\"],\"isAsc\":[\"asc\"]}', '{\"msg\":\"e4b328bf-946c-4479-a54f-efde740989b5_字典类型.xlsx\",\"code\":0}', '0', null, '2024-05-01 23:22:45', '1076');
INSERT INTO `sys_oper_log` VALUES ('257', '字典数据', '5', 'com.ruoyi.project.system.dict.controller.DictDataController.export()', 'POST', '1', 'admin', '办公室', '/system/dict/data/export', '127.0.0.1', '内网IP', '{\"dictType\":[\"drug_dosage_form\"],\"dictLabel\":[\"\"],\"status\":[\"\"],\"orderByColumn\":[\"dictSort\"],\"isAsc\":[\"asc\"]}', '{\"msg\":\"d79c7fa0-de81-4f78-9127-96e049ce024c_字典数据.xlsx\",\"code\":0}', '0', null, '2024-05-01 23:23:14', '57');
INSERT INTO `sys_oper_log` VALUES ('258', '字典数据', '1', 'com.ruoyi.project.system.dict.controller.DictDataController.addSave()', 'POST', '1', 'admin', '办公室', '/system/dict/data/add', '127.0.0.1', '内网IP', '{\"dictLabel\":[\"干混悬剂\"],\"dictValue\":[\"5\"],\"dictType\":[\"drug_dosage_form\"],\"cssClass\":[\"\"],\"dictSort\":[\"6\"],\"listClass\":[\"\"],\"isDefault\":[\"Y\"],\"status\":[\"0\"],\"remark\":[\"\"]}', '{\"msg\":\"操作成功\",\"code\":0}', '0', null, '2024-05-02 11:06:08', '122');
INSERT INTO `sys_oper_log` VALUES ('259', '字典数据', '1', 'com.ruoyi.project.system.dict.controller.DictDataController.addSave()', 'POST', '1', 'admin', '办公室', '/system/dict/data/add', '127.0.0.1', '内网IP', '{\"dictLabel\":[\"颗粒剂\"],\"dictValue\":[\"6\"],\"dictType\":[\"drug_dosage_form\"],\"cssClass\":[\"\"],\"dictSort\":[\"7\"],\"listClass\":[\"\"],\"isDefault\":[\"Y\"],\"status\":[\"0\"],\"remark\":[\"\"]}', '{\"msg\":\"操作成功\",\"code\":0}', '0', null, '2024-05-02 11:06:45', '60');
INSERT INTO `sys_oper_log` VALUES ('260', '字典数据', '1', 'com.ruoyi.project.system.dict.controller.DictDataController.addSave()', 'POST', '1', 'admin', '办公室', '/system/dict/data/add', '127.0.0.1', '内网IP', '{\"dictLabel\":[\"待采购\"],\"dictValue\":[\"0\"],\"dictType\":[\"doc_plans_status\"],\"cssClass\":[\"\"],\"dictSort\":[\"1\"],\"listClass\":[\"\"],\"isDefault\":[\"Y\"],\"status\":[\"0\"],\"remark\":[\"\"]}', '{\"msg\":\"操作成功\",\"code\":0}', '0', null, '2024-05-02 11:56:39', '33');
INSERT INTO `sys_oper_log` VALUES ('261', '字典数据', '2', 'com.ruoyi.project.system.dict.controller.DictDataController.editSave()', 'POST', '1', 'admin', '办公室', '/system/dict/data/edit', '127.0.0.1', '内网IP', '{\"dictCode\":[\"120\"],\"dictLabel\":[\"待采购\"],\"dictValue\":[\"0\"],\"dictType\":[\"doc_plans_status\"],\"cssClass\":[\"\"],\"dictSort\":[\"1\"],\"listClass\":[\"warning\"],\"isDefault\":[\"Y\"],\"status\":[\"0\"],\"remark\":[\"\"]}', '{\"msg\":\"操作成功\",\"code\":0}', '0', null, '2024-05-02 11:56:45', '22');
INSERT INTO `sys_oper_log` VALUES ('262', '字典数据', '1', 'com.ruoyi.project.system.dict.controller.DictDataController.addSave()', 'POST', '1', 'admin', '办公室', '/system/dict/data/add', '127.0.0.1', '内网IP', '{\"dictLabel\":[\"未付款\"],\"dictValue\":[\"1\"],\"dictType\":[\"doc_plans_status\"],\"cssClass\":[\"\"],\"dictSort\":[\"2\"],\"listClass\":[\"danger\"],\"isDefault\":[\"Y\"],\"status\":[\"0\"],\"remark\":[\"\"]}', '{\"msg\":\"操作成功\",\"code\":0}', '0', null, '2024-05-02 11:56:59', '18');
INSERT INTO `sys_oper_log` VALUES ('263', '字典数据', '2', 'com.ruoyi.project.system.dict.controller.DictDataController.editSave()', 'POST', '1', 'admin', '办公室', '/system/dict/data/edit', '127.0.0.1', '内网IP', '{\"dictCode\":[\"121\"],\"dictLabel\":[\"已采购\"],\"dictValue\":[\"1\"],\"dictType\":[\"doc_plans_status\"],\"cssClass\":[\"\"],\"dictSort\":[\"2\"],\"listClass\":[\"success\"],\"isDefault\":[\"Y\"],\"status\":[\"0\"],\"remark\":[\"\"]}', '{\"msg\":\"操作成功\",\"code\":0}', '0', null, '2024-05-02 11:57:39', '18');
INSERT INTO `sys_oper_log` VALUES ('264', '字典数据', '2', 'com.ruoyi.project.system.dict.controller.DictDataController.editSave()', 'POST', '1', 'admin', '办公室', '/system/dict/data/edit', '127.0.0.1', '内网IP', '{\"dictCode\":[\"121\"],\"dictLabel\":[\"已采购\"],\"dictValue\":[\"1\"],\"dictType\":[\"doc_plans_status\"],\"cssClass\":[\"\"],\"dictSort\":[\"2\"],\"listClass\":[\"primary\"],\"isDefault\":[\"Y\"],\"status\":[\"0\"],\"remark\":[\"\"]}', '{\"msg\":\"操作成功\",\"code\":0}', '0', null, '2024-05-02 11:57:47', '41');
INSERT INTO `sys_oper_log` VALUES ('265', '字典数据', '2', 'com.ruoyi.project.system.dict.controller.DictDataController.editSave()', 'POST', '1', 'admin', '办公室', '/system/dict/data/edit', '127.0.0.1', '内网IP', '{\"dictCode\":[\"121\"],\"dictLabel\":[\"已采购\"],\"dictValue\":[\"1\"],\"dictType\":[\"doc_plans_status\"],\"cssClass\":[\"\"],\"dictSort\":[\"2\"],\"listClass\":[\"success\"],\"isDefault\":[\"Y\"],\"status\":[\"0\"],\"remark\":[\"\"]}', '{\"msg\":\"操作成功\",\"code\":0}', '0', null, '2024-05-02 11:57:56', '20');
INSERT INTO `sys_oper_log` VALUES ('266', '字典数据', '1', 'com.ruoyi.project.system.dict.controller.DictDataController.addSave()', 'POST', '1', 'admin', '办公室', '/system/dict/data/add', '127.0.0.1', '内网IP', '{\"dictLabel\":[\"已取消\"],\"dictValue\":[\"2\"],\"dictType\":[\"doc_plans_status\"],\"cssClass\":[\"\"],\"dictSort\":[\"3\"],\"listClass\":[\"info\"],\"isDefault\":[\"Y\"],\"status\":[\"0\"],\"remark\":[\"\"]}', '{\"msg\":\"操作成功\",\"code\":0}', '0', null, '2024-05-02 11:58:23', '27');
INSERT INTO `sys_oper_log` VALUES ('267', '字典数据', '2', 'com.ruoyi.project.system.dict.controller.DictDataController.editSave()', 'POST', '1', 'admin', '办公室', '/system/dict/data/edit', '127.0.0.1', '内网IP', '{\"dictCode\":[\"121\"],\"dictLabel\":[\"已采购\"],\"dictValue\":[\"1\"],\"dictType\":[\"doc_plans_status\"],\"cssClass\":[\"\"],\"dictSort\":[\"2\"],\"listClass\":[\"success\"],\"isDefault\":[\"N\"],\"status\":[\"0\"],\"remark\":[\"\"]}', '{\"msg\":\"操作成功\",\"code\":0}', '0', null, '2024-05-02 18:00:05', '24');
INSERT INTO `sys_oper_log` VALUES ('268', '字典数据', '2', 'com.ruoyi.project.system.dict.controller.DictDataController.editSave()', 'POST', '1', 'admin', '办公室', '/system/dict/data/edit', '127.0.0.1', '内网IP', '{\"dictCode\":[\"122\"],\"dictLabel\":[\"已取消\"],\"dictValue\":[\"2\"],\"dictType\":[\"doc_plans_status\"],\"cssClass\":[\"\"],\"dictSort\":[\"3\"],\"listClass\":[\"info\"],\"isDefault\":[\"N\"],\"status\":[\"0\"],\"remark\":[\"\"]}', '{\"msg\":\"操作成功\",\"code\":0}', '0', null, '2024-05-02 18:00:09', '17');
INSERT INTO `sys_oper_log` VALUES ('269', '采购计划单', '1', 'com.ruoyi.project.his.plans.controller.HisProcurementPlansController.addSave()', 'POST', '1', 'admin', '办公室', '/his/plans/add', '127.0.0.1', '内网IP', '{\"prcpDocNum\":[\"CGJH-240502\"],\"prcpDate\":[\"2024-05-02\"],\"prcpPurDate\":[\"\"],\"prcpArvDate\":[\"\"],\"prcpStatus\":[\"0\"],\"btSelectAll\":[\"\"]}', null, '1', '\r\n### Error updating database.  Cause: java.sql.SQLException: Field \'user_id\' doesn\'t have a default value\r\n### The error may exist in file [D:\\Files\\JavaWeb\\RuoYi-fast-master\\target\\classes\\mybatis\\his\\HisProcurementPlansMapper.xml]\r\n### The error may involve com.ruoyi.project.his.plans.mapper.HisProcurementPlansMapper.insertHisProcurementPlans-Inline\r\n### The error occurred while setting parameters\r\n### SQL: insert into his_procurement_plans          ( prcp_doc_num,             prcp_date,                                       prcp_status )           values ( ?,             ?,                                       ? )\r\n### Cause: java.sql.SQLException: Field \'user_id\' doesn\'t have a default value\n; Field \'user_id\' doesn\'t have a default value; nested exception is java.sql.SQLException: Field \'user_id\' doesn\'t have a default value', '2024-05-02 18:18:34', '92');
INSERT INTO `sys_oper_log` VALUES ('270', '字典数据', '2', 'com.ruoyi.project.system.dict.controller.DictDataController.editSave()', 'POST', '1', 'admin', '办公室', '/system/dict/data/edit', '127.0.0.1', '内网IP', '{\"dictCode\":[\"122\"],\"dictLabel\":[\"已作废\"],\"dictValue\":[\"2\"],\"dictType\":[\"doc_plans_status\"],\"cssClass\":[\"\"],\"dictSort\":[\"3\"],\"listClass\":[\"info\"],\"isDefault\":[\"N\"],\"status\":[\"0\"],\"remark\":[\"\"]}', '{\"msg\":\"操作成功\",\"code\":0}', '0', null, '2024-05-02 21:01:39', '24');
INSERT INTO `sys_oper_log` VALUES ('271', '采购计划单', '1', 'com.ruoyi.project.his.plans.controller.HisProcurementPlansController.addSave()', 'POST', '1', 'admin', '办公室', '/his/plans/add', '127.0.0.1', '内网IP', '{\"prcpDocNum\":[\"CGJH-240503\"],\"prcpDate\":[\"2024-05-03\"],\"prcpPurDate\":[\"\"],\"prcpArvDate\":[\"\"],\"prcpStatus\":[\"0\"],\"btSelectAll\":[\"\"]}', null, '1', '\r\n### Error updating database.  Cause: java.sql.SQLException: Field \'user_id\' doesn\'t have a default value\r\n### The error may exist in file [D:\\Files\\JavaWeb\\RuoYi-fast-master\\target\\classes\\mybatis\\his\\HisProcurementPlansMapper.xml]\r\n### The error may involve com.ruoyi.project.his.plans.mapper.HisProcurementPlansMapper.insertHisProcurementPlans-Inline\r\n### The error occurred while setting parameters\r\n### SQL: insert into his_procurement_plans          ( prcp_doc_num,             prcp_date,                                       prcp_status )           values ( ?,             ?,                                       ? )\r\n### Cause: java.sql.SQLException: Field \'user_id\' doesn\'t have a default value\n; Field \'user_id\' doesn\'t have a default value; nested exception is java.sql.SQLException: Field \'user_id\' doesn\'t have a default value', '2024-05-03 15:12:01', '352');
INSERT INTO `sys_oper_log` VALUES ('272', '采购计划单', '1', 'com.ruoyi.project.his.plans.controller.HisProcurementPlansController.addSave()', 'POST', '1', 'admin', '办公室', '/his/plans/add', '127.0.0.1', '内网IP', '{\"ids\":[\"1\"]}', null, '1', '\r\n### Error updating database.  Cause: java.sql.SQLSyntaxErrorException: You have an error in your SQL syntax; check the manual that corresponds to your MySQL server version for the right syntax to use near \'\' at line 1\r\n### The error may exist in file [D:\\Files\\JavaWeb\\RuoYi-fast-master\\target\\classes\\mybatis\\his\\HisProcurementPlansMapper.xml]\r\n### The error may involve com.ruoyi.project.his.plans.mapper.HisProcurementPlansMapper.insertHisProcurementPlans-Inline\r\n### The error occurred while setting parameters\r\n### SQL: insert into his_procurement_plans\r\n### Cause: java.sql.SQLSyntaxErrorException: You have an error in your SQL syntax; check the manual that corresponds to your MySQL server version for the right syntax to use near \'\' at line 1\n; bad SQL grammar []; nested exception is java.sql.SQLSyntaxErrorException: You have an error in your SQL syntax; check the manual that corresponds to your MySQL server version for the right syntax to use near \'\' at line 1', '2024-05-04 17:14:53', '230');
INSERT INTO `sys_oper_log` VALUES ('273', '采购计划单', '1', 'com.ruoyi.project.his.plans.controller.HisProcurementPlansController.addSave()', 'POST', '1', 'admin', '办公室', '/his/plans/add', '127.0.0.1', '内网IP', '{\"prcpDocNum\":[\"CGJH-240507\"],\"prcpDate\":[\"2024-05-07\"],\"prcpPurDate\":[\"\"],\"prcpArvDate\":[\"\"],\"prcpStatus\":[\"0\"],\"btSelectAll\":[\"\"]}', null, '1', '\r\n### Error updating database.  Cause: java.sql.SQLException: Field \'user_id\' doesn\'t have a default value\r\n### The error may exist in file [D:\\Files\\JavaWeb\\RuoYi-fast-master\\target\\classes\\mybatis\\his\\HisProcurementPlansMapper.xml]\r\n### The error may involve com.ruoyi.project.his.plans.mapper.HisProcurementPlansMapper.insertHisProcurementPlans-Inline\r\n### The error occurred while setting parameters\r\n### SQL: insert into his_procurement_plans          ( prcp_doc_num,             prcp_date,                                       prcp_status )           values ( ?,             ?,                                       ? )\r\n### Cause: java.sql.SQLException: Field \'user_id\' doesn\'t have a default value\n; Field \'user_id\' doesn\'t have a default value; nested exception is java.sql.SQLException: Field \'user_id\' doesn\'t have a default value', '2024-05-07 19:51:02', '160');
INSERT INTO `sys_oper_log` VALUES ('274', '采购计划单', '1', 'com.ruoyi.project.his.plans.controller.HisProcurementPlansController.addSave()', 'POST', '1', 'admin', '办公室', '/his/plans/add', '127.0.0.1', '内网IP', '{\"prcpDocNum\":[\"CGJH-240509002\"],\"prcpDate\":[\"2024-05-09\"],\"prcpPurDate\":[\"2024-05-10\"],\"prcpArvDate\":[\"2024-05-15\"],\"prcpStatus\":[\"0\"],\"index\":[\"1\"],\"hisProcurementSchedulesList[0].catName\":[\"罗红霉素片\"],\"hisProcurementSchedulesList[0].catId\":[\"35\"],\"hisProcurementSchedulesList[0].catEnglishName\":[\"Roxithromycin Tablets\"],\"hisProcurementSchedulesList[0].catSpecs\":[\"150mg\"],\"hisProcurementSchedulesList[0].catDosageFormLabel\":[\"片剂\"],\"hisProcurementSchedulesList[0].catPackage\":[\"12片/盒\"],\"hisProcurementSchedulesList[0].catUnitLabel\":[\"盒\"],\"hisProcurementSchedulesList[0].pschPrice\":[\"12\"],\"hisProcurementSchedulesList[0].pschNumber\":[\"222\"],\"btSelectAll\":[\"\"],\"btSelectItem\":[\"\"]}', null, '1', '\r\n### Error updating database.  Cause: java.sql.SQLException: Field \'user_id\' doesn\'t have a default value\r\n### The error may exist in file [D:\\Files\\JavaWeb\\RuoYi-fast-master\\target\\classes\\mybatis\\his\\HisProcurementPlansMapper.xml]\r\n### The error may involve com.ruoyi.project.his.plans.mapper.HisProcurementPlansMapper.insertHisProcurementPlans-Inline\r\n### The error occurred while setting parameters\r\n### SQL: insert into his_procurement_plans          ( prcp_doc_num,             prcp_date,             prcp_pur_date,             prcp_arv_date,             prcp_status )           values ( ?,             ?,             ?,             ?,             ? )\r\n### Cause: java.sql.SQLException: Field \'user_id\' doesn\'t have a default value\n; Field \'user_id\' doesn\'t have a default value; nested exception is java.sql.SQLException: Field \'user_id\' doesn\'t have a default value', '2024-05-09 16:28:34', '150167');
INSERT INTO `sys_oper_log` VALUES ('275', '采购计划单', '1', 'com.ruoyi.project.his.plans.controller.HisProcurementPlansController.addSave()', 'POST', '1', 'admin', '办公室', '/his/plans/add', '127.0.0.1', '内网IP', '{\"prcpDocNum\":[\"CGJH-240509\"],\"prcpDate\":[\"2024-05-09\"],\"prcpPurDate\":[\"\"],\"prcpArvDate\":[\"\"],\"prcpStatus\":[\"0\"],\"index\":[\"1\"],\"hisProcurementSchedulesList[0].catName\":[\"阿司匹林肠溶片\"],\"hisProcurementSchedulesList[0].catId\":[\"33\"],\"hisProcurementSchedulesList[0].catEnglishName\":[\"Aspirin Enteric-coated Tablets\"],\"hisProcurementSchedulesList[0].catSpecs\":[\"50mg\"],\"hisProcurementSchedulesList[0].catDosageFormLabel\":[\"片剂\"],\"hisProcurementSchedulesList[0].catPackage\":[\"24片/盒\"],\"hisProcurementSchedulesList[0].catUnitLabel\":[\"盒\"],\"hisProcurementSchedulesList[0].pschPrice\":[\"\"],\"hisProcurementSchedulesList[0].pschNumber\":[\"\"],\"btSelectAll\":[\"\"],\"btSelectItem\":[\"\"]}', null, '1', '\r\n### Error updating database.  Cause: java.sql.SQLException: Field \'user_id\' doesn\'t have a default value\r\n### The error may exist in file [D:\\Files\\JavaWeb\\RuoYi-fast-master\\target\\classes\\mybatis\\his\\HisProcurementPlansMapper.xml]\r\n### The error may involve com.ruoyi.project.his.plans.mapper.HisProcurementPlansMapper.insertHisProcurementPlans-Inline\r\n### The error occurred while setting parameters\r\n### SQL: insert into his_procurement_plans          ( prcp_doc_num,             prcp_date,                                       prcp_status )           values ( ?,             ?,                                       ? )\r\n### Cause: java.sql.SQLException: Field \'user_id\' doesn\'t have a default value\n; Field \'user_id\' doesn\'t have a default value; nested exception is java.sql.SQLException: Field \'user_id\' doesn\'t have a default value', '2024-05-09 16:50:24', '6598');
INSERT INTO `sys_oper_log` VALUES ('276', '字典类型', '9', 'com.ruoyi.project.system.dict.controller.DictTypeController.refreshCache()', 'GET', '1', 'admin', '办公室', '/system/dict/refreshCache', '127.0.0.1', '内网IP', '', '{\"msg\":\"操作成功\",\"code\":0}', '0', null, '2024-05-09 17:25:30', '34');
INSERT INTO `sys_oper_log` VALUES ('277', '采购计划单', '1', 'com.ruoyi.project.his.plans.controller.HisProcurementPlansController.addSave()', 'POST', '1', 'admin', '办公室', '/his/plans/add', '127.0.0.1', '内网IP', '{\"prcpDocNum\":[\"CGJH-240509\"],\"prcpDate\":[\"2024-05-09\"],\"prcpPurDate\":[\"2024-05-10\"],\"prcpArvDate\":[\"2024-05-16\"],\"prcpStatus\":[\"0\"],\"index\":[\"1\",\"2\"],\"hisProcurementSchedulesList[0].catName\":[\"盐酸西替利嗪片\"],\"hisProcurementSchedulesList[0].catId\":[\"36\"],\"hisProcurementSchedulesList[0].catEnglishName\":[\"Cetirizine Dihydrochloride Tablets\"],\"hisProcurementSchedulesList[0].catSpecs\":[\"10mg\"],\"hisProcurementSchedulesList[0].catDosageFormLabel\":[\"片剂\"],\"hisProcurementSchedulesList[0].catPackage\":[\"10片/盒\"],\"hisProcurementSchedulesList[0].catUnitLabel\":[\"盒\"],\"hisProcurementSchedulesList[0].pschPrice\":[\"10\"],\"hisProcurementSchedulesList[0].pschNumber\":[\"120\"],\"hisProcurementSchedulesList[1].catName\":[\"甲硝唑片\"],\"hisProcurementSchedulesList[1].catId\":[\"46\"],\"hisProcurementSchedulesList[1].catEnglishName\":[\"Metronidazole Tablets\"],\"hisProcurementSchedulesList[1].catSpecs\":[\"0.2g\"],\"hisProcurementSchedulesList[1].catDosageFormLabel\":[\"片剂\"],\"hisProcurementSchedulesList[1].catPackage\":[\"20片/盒\"],\"hisProcurementSchedulesList[1].catUnitLabel\":[\"盒\"],\"hisProcurementSchedulesList[1].pschPrice\":[\"10\"],\"hisProcurementSchedulesList[1].pschNumber\":[\"120\"],\"btSelectAll\":[\"\"],\"btSelectItem\":[\"\"]}', null, '1', '\r\n### Error updating database.  Cause: java.sql.SQLException: Field \'user_id\' doesn\'t have a default value\r\n### The error may exist in file [D:\\Files\\JavaWeb\\RuoYi-fast-master\\target\\classes\\mybatis\\his\\HisProcurementPlansMapper.xml]\r\n### The error may involve com.ruoyi.project.his.plans.mapper.HisProcurementPlansMapper.insertHisProcurementPlans-Inline\r\n### The error occurred while setting parameters\r\n### SQL: insert into his_procurement_plans          ( prcp_doc_num,             prcp_date,             prcp_pur_date,             prcp_arv_date,             prcp_status )           values ( ?,             ?,             ?,             ?,             ? )\r\n### Cause: java.sql.SQLException: Field \'user_id\' doesn\'t have a default value\n; Field \'user_id\' doesn\'t have a default value; nested exception is java.sql.SQLException: Field \'user_id\' doesn\'t have a default value', '2024-05-09 17:46:34', '44323');
INSERT INTO `sys_oper_log` VALUES ('278', '采购计划单', '1', 'com.ruoyi.project.his.plans.controller.HisProcurementPlansController.addSave()', 'POST', '1', 'admin', '办公室', '/his/plans/add', '127.0.0.1', '内网IP', '{\"prcpDocNum\":[\"CGJH-240509\"],\"prcpDate\":[\"2024-05-09\"],\"prcpPurDate\":[\"2024-05-10\"],\"prcpArvDate\":[\"2024-05-16\"],\"prcpStatus\":[\"0\"],\"index\":[\"1\",\"2\"],\"hisProcurementSchedulesList[0].catName\":[\"盐酸西替利嗪片\"],\"hisProcurementSchedulesList[0].catId\":[\"36\"],\"hisProcurementSchedulesList[0].catEnglishName\":[\"Cetirizine Dihydrochloride Tablets\"],\"hisProcurementSchedulesList[0].catSpecs\":[\"10mg\"],\"hisProcurementSchedulesList[0].catDosageFormLabel\":[\"片剂\"],\"hisProcurementSchedulesList[0].catPackage\":[\"10片/盒\"],\"hisProcurementSchedulesList[0].catUnitLabel\":[\"盒\"],\"hisProcurementSchedulesList[0].pschPrice\":[\"10\"],\"hisProcurementSchedulesList[0].pschNumber\":[\"120\"],\"hisProcurementSchedulesList[1].catName\":[\"甲硝唑片\"],\"hisProcurementSchedulesList[1].catId\":[\"46\"],\"hisProcurementSchedulesList[1].catEnglishName\":[\"Metronidazole Tablets\"],\"hisProcurementSchedulesList[1].catSpecs\":[\"0.2g\"],\"hisProcurementSchedulesList[1].catDosageFormLabel\":[\"片剂\"],\"hisProcurementSchedulesList[1].catPackage\":[\"20片/盒\"],\"hisProcurementSchedulesList[1].catUnitLabel\":[\"盒\"],\"hisProcurementSchedulesList[1].pschPrice\":[\"10\"],\"hisProcurementSchedulesList[1].pschNumber\":[\"120\"],\"btSelectAll\":[\"\"],\"btSelectItem\":[\"\"]}', null, '1', '\r\n### Error updating database.  Cause: java.sql.SQLException: Field \'user_id\' doesn\'t have a default value\r\n### The error may exist in file [D:\\Files\\JavaWeb\\RuoYi-fast-master\\target\\classes\\mybatis\\his\\HisProcurementPlansMapper.xml]\r\n### The error may involve com.ruoyi.project.his.plans.mapper.HisProcurementPlansMapper.insertHisProcurementPlans-Inline\r\n### The error occurred while setting parameters\r\n### SQL: insert into his_procurement_plans          ( prcp_doc_num,             prcp_date,             prcp_pur_date,             prcp_arv_date,             prcp_status )           values ( ?,             ?,             ?,             ?,             ? )\r\n### Cause: java.sql.SQLException: Field \'user_id\' doesn\'t have a default value\n; Field \'user_id\' doesn\'t have a default value; nested exception is java.sql.SQLException: Field \'user_id\' doesn\'t have a default value', '2024-05-09 17:48:36', '17');
INSERT INTO `sys_oper_log` VALUES ('279', '采购计划单', '1', 'com.ruoyi.project.his.plans.controller.HisProcurementPlansController.addSave()', 'POST', '1', 'admin', '办公室', '/his/plans/add', '127.0.0.1', '内网IP', '{\"prcpDocNum\":[\"CGJH-240509\"],\"prcpDate\":[\"2024-05-09\"],\"prcpPurDate\":[\"2024-05-11\"],\"prcpArvDate\":[\"2024-05-17\"],\"prcpStatus\":[\"0\"],\"index\":[\"1\"],\"hisProcurementSchedulesList[0].catName\":[\"阿司匹林肠溶片\"],\"hisProcurementSchedulesList[0].catId\":[\"33\"],\"hisProcurementSchedulesList[0].catEnglishName\":[\"Aspirin Enteric-coated Tablets\"],\"hisProcurementSchedulesList[0].catSpecs\":[\"50mg\"],\"hisProcurementSchedulesList[0].catDosageFormLabel\":[\"片剂\"],\"hisProcurementSchedulesList[0].catPackage\":[\"24片/盒\"],\"hisProcurementSchedulesList[0].catUnitLabel\":[\"盒\"],\"hisProcurementSchedulesList[0].pschPrice\":[\"10\"],\"hisProcurementSchedulesList[0].pschNumber\":[\"100\"],\"btSelectAll\":[\"\"],\"btSelectItem\":[\"\"]}', '{\"msg\":\"操作成功\",\"code\":0}', '0', null, '2024-05-09 17:49:24', '18599');
INSERT INTO `sys_oper_log` VALUES ('280', '采购计划单', '2', 'com.ruoyi.project.his.plans.controller.HisProcurementPlansController.editSave()', 'POST', '1', 'admin', '办公室', '/his/plans/edit', '127.0.0.1', '内网IP', '{\"prcpId\":[\"1\"],\"userId\":[\"1\"],\"purId\":[\"\"],\"prcpDocNum\":[\"CGJH-240509001\"],\"prcpDate\":[\"2024-05-09\"],\"prcpPurDate\":[\"2024-05-11\"],\"prcpArvDate\":[\"2024-05-17\"],\"prcpStatus\":[\"0\"],\"index\":[\"1\"],\"hisProcurementSchedulesList[0].catId\":[\"33\"],\"hisProcurementSchedulesList[0].pschPrice\":[\"10\"],\"hisProcurementSchedulesList[0].pschNumber\":[\"100\"],\"btSelectAll\":[\"\"],\"btSelectItem\":[\"\"]}', '{\"msg\":\"操作成功\",\"code\":0}', '0', null, '2024-05-09 17:49:57', '13');
INSERT INTO `sys_oper_log` VALUES ('281', '采购计划单', '1', 'com.ruoyi.project.his.plans.controller.HisProcurementPlansController.addSave()', 'POST', '1', 'admin', '办公室', '/his/plans/add', '127.0.0.1', '内网IP', '{\"prcpDocNum\":[\"CGJH-240509002\"],\"prcpDate\":[\"2024-05-09\"],\"prcpPurDate\":[\"2024-05-10\"],\"prcpArvDate\":[\"2024-05-23\"],\"prcpStatus\":[\"0\"],\"index\":[\"1\",\"2\",\"3\"],\"hisProcurementSchedulesList[0].catName\":[\"布洛芬片\"],\"hisProcurementSchedulesList[0].catId\":[\"32\"],\"hisProcurementSchedulesList[0].catEnglishName\":[\"Ibuprofen Tablets\"],\"hisProcurementSchedulesList[0].catSpecs\":[\"0.1g\"],\"hisProcurementSchedulesList[0].catDosageFormLabel\":[\"片剂\"],\"hisProcurementSchedulesList[0].catPackage\":[\"10片/盒\"],\"hisProcurementSchedulesList[0].catUnitLabel\":[\"盒\"],\"hisProcurementSchedulesList[0].pschPrice\":[\"10\"],\"hisProcurementSchedulesList[0].pschNumber\":[\"100\"],\"hisProcurementSchedulesList[1].catName\":[\"甲硝唑片\"],\"hisProcurementSchedulesList[1].catId\":[\"46\"],\"hisProcurementSchedulesList[1].catEnglishName\":[\"Metronidazole Tablets\"],\"hisProcurementSchedulesList[1].catSpecs\":[\"0.2g\"],\"hisProcurementSchedulesList[1].catDosageFormLabel\":[\"片剂\"],\"hisProcurementSchedulesList[1].catPackage\":[\"20片/盒\"],\"hisProcurementSchedulesList[1].catUnitLabel\":[\"盒\"],\"hisProcurementSchedulesList[1].pschPrice\":[\"10\"],\"hisProcurementSchedulesList[1].pschNumber\":[\"100\"],\"hisProcurementSchedulesList[2].catName\":[\"罗红霉素片\"],\"hisProcurementSchedulesList[2].catId\":[\"53\"],\"hisProcurementSchedulesList[2].catEnglishName\":[\"Roxithromycin Tablets\"],\"hisProcurementSchedulesList[2].catSpecs\":[\"150mg\"],\"hisProcurementSchedulesList[2].catDosageFormLabel\":[\"片剂\"],\"hisProcurementSchedulesList[2].catPackage\":[\"12片/板×1板/盒\"],\"hisProcurementSchedulesList[2].catUnitLabel\":[\"盒\"],\"hisProcurementSchedulesList[2].pschPrice\":[\"20\"],\"hisProcurementSchedulesList[2].pschNumber\":[\"200\"],\"btSelectAll\":[\"\"],\"btSelectItem\":[\"\"]}', '{\"msg\":\"操作成功\",\"code\":0}', '0', null, '2024-05-09 17:53:31', '17');
INSERT INTO `sys_oper_log` VALUES ('282', '采购计划单', '1', 'com.ruoyi.project.his.plans.controller.HisProcurementPlansController.addSave()', 'POST', '1', 'admin', '办公室', '/his/plans/add', '127.0.0.1', '内网IP', '{\"prcpDocNum\":[\"CGJH-240509003\"],\"prcpDate\":[\"2024-05-09\"],\"prcpPurDate\":[\"2024-05-10\"],\"prcpArvDate\":[\"2024-05-17\"],\"prcpStatus\":[\"0\"],\"index\":[\"1\"],\"hisProcurementSchedulesList[0].catName\":[\"布洛芬片\"],\"hisProcurementSchedulesList[0].catId\":[\"32\"],\"hisProcurementSchedulesList[0].catEnglishName\":[\"Ibuprofen Tablets\"],\"hisProcurementSchedulesList[0].catSpecs\":[\"0.1g\"],\"hisProcurementSchedulesList[0].catDosageFormLabel\":[\"片剂\"],\"hisProcurementSchedulesList[0].catPackage\":[\"10片/盒\"],\"hisProcurementSchedulesList[0].catUnitLabel\":[\"盒\"],\"hisProcurementSchedulesList[0].pschPrice\":[\"10\"],\"hisProcurementSchedulesList[0].pschNumber\":[\"111\"],\"btSelectAll\":[\"\"],\"btSelectItem\":[\"\"]}', '{\"msg\":\"操作成功\",\"code\":0}', '0', null, '2024-05-09 18:00:24', '22');
INSERT INTO `sys_oper_log` VALUES ('283', '采购计划单', '2', 'com.ruoyi.project.his.plans.controller.HisProcurementPlansController.editSave()', 'POST', '1', 'admin', '办公室', '/his/plans/edit', '127.0.0.1', '内网IP', '{\"prcpId\":[\"\"],\"userId\":[\"1\"],\"prcpDocNum\":[\"CGJH-240509002\"],\"userName\":[\"龙头\"],\"prcpDate\":[\"2024-05-09\"],\"prcpPurDate\":[\"2024-05-10\"],\"prcpArvDate\":[\"2024-05-23\"],\"prcpStatus\":[\"0\"],\"index\":[\"1\",\"2\",\"3\"],\"hisProcurementSchedulesList[0].catName\":[\"布洛芬片\"],\"hisProcurementSchedulesList[0].catId\":[\"32\"],\"hisProcurementSchedulesList[0].catEnglishName\":[\"Ibuprofen Tablets\"],\"hisProcurementSchedulesList[0].catSpecs\":[\"0.1g\"],\"hisProcurementSchedulesList[0].catDosageFormLabel\":[\"片剂\"],\"hisProcurementSchedulesList[0].catPackage\":[\"10片/盒\"],\"hisProcurementSchedulesList[0].catUnitLabel\":[\"盒\"],\"hisProcurementSchedulesList[0].pschPrice\":[\"10\"],\"hisProcurementSchedulesList[0].pschNumber\":[\"100\"],\"hisProcurementSchedulesList[1].catName\":[\"甲硝唑片\"],\"hisProcurementSchedulesList[1].catId\":[\"46\"],\"hisProcurementSchedulesList[1].catEnglishName\":[\"Metronidazole Tablets\"],\"hisProcurementSchedulesList[1].catSpecs\":[\"0.2g\"],\"hisProcurementSchedulesList[1].catDosageFormLabel\":[\"片剂\"],\"hisProcurementSchedulesList[1].catPackage\":[\"20片/盒\"],\"hisProcurementSchedulesList[1].catUnitLabel\":[\"盒\"],\"hisProcurementSchedulesList[1].pschPrice\":[\"10\"],\"hisProcurementSchedulesList[1].pschNumber\":[\"100\"],\"hisProcurementSchedulesList[2].catName\":[\"罗红霉素片\"],\"hisProcurementSchedulesList[2].catId\":[\"53\"],\"hisProcurementSchedulesList[2].catEnglishName\":[\"Roxithromycin Tablets\"],\"hisProcurementSchedulesList[2].catSpecs\":[\"150mg\"],\"hisProcurementSchedulesList[2].catDosageFormLabel\":[\"片剂\"],\"hisProcurementSchedulesList[2].catPackage\":[\"12片/板×1板/盒\"],\"hisProcurementSchedulesList[2].catUnitLabel\":[\"盒\"],\"hisProcurementSchedulesList[2].pschPrice\":[\"20\"],\"hisProcurementSchedulesList[2].pschNumber\":[\"200\"],\"btSelectAll\":[\"\"],\"btSelectItem\":[\"\"]}', null, '1', '\r\n### Error updating database.  Cause: java.sql.SQLIntegrityConstraintViolationException: Column \'prcp_id\' cannot be null\r\n### The error may exist in file [D:\\Files\\JavaWeb\\RuoYi-fast-master\\target\\classes\\mybatis\\his\\HisProcurementPlansMapper.xml]\r\n### The error may involve defaultParameterMap\r\n### The error occurred while setting parameters\r\n### SQL: insert into his_procurement_schedules( psch_id, prcp_id, cat_id, psch_price, psch_number) values                        ( ?, ?, ?, ?, ?)          ,              ( ?, ?, ?, ?, ?)          ,              ( ?, ?, ?, ?, ?)\r\n### Cause: java.sql.SQLIntegrityConstraintViolationException: Column \'prcp_id\' cannot be null\n; Column \'prcp_id\' cannot be null; nested exception is java.sql.SQLIntegrityConstraintViolationException: Column \'prcp_id\' cannot be null', '2024-05-10 12:17:32', '110');
INSERT INTO `sys_oper_log` VALUES ('284', '采购计划单', '2', 'com.ruoyi.project.his.plans.controller.HisProcurementPlansController.editSave()', 'POST', '1', 'admin', '办公室', '/his/plans/edit', '127.0.0.1', '内网IP', '{\"prcpId\":[\"\"],\"userId\":[\"1\"],\"prcpDocNum\":[\"CGJH-240509001\"],\"userName\":[\"龙头\"],\"prcpPurDate\":[\"2024-05-11\"],\"prcpArvDate\":[\"2024-05-17\"],\"prcpStatus\":[\"0\"],\"index\":[\"1\"],\"hisProcurementSchedulesList[0].catName\":[\"阿司匹林肠溶片\"],\"hisProcurementSchedulesList[0].catId\":[\"33\"],\"hisProcurementSchedulesList[0].catEnglishName\":[\"Aspirin Enteric-coated Tablets\"],\"hisProcurementSchedulesList[0].catSpecs\":[\"50mg\"],\"hisProcurementSchedulesList[0].catDosageFormLabel\":[\"片剂\"],\"hisProcurementSchedulesList[0].catPackage\":[\"24片/盒\"],\"hisProcurementSchedulesList[0].catUnitLabel\":[\"盒\"],\"hisProcurementSchedulesList[0].pschPrice\":[\"10\"],\"hisProcurementSchedulesList[0].pschNumber\":[\"100\"],\"btSelectAll\":[\"\"],\"btSelectItem\":[\"\"]}', null, '1', '\r\n### Error updating database.  Cause: java.sql.SQLIntegrityConstraintViolationException: Column \'prcp_id\' cannot be null\r\n### The error may exist in file [D:\\Files\\JavaWeb\\RuoYi-fast-master\\target\\classes\\mybatis\\his\\HisProcurementPlansMapper.xml]\r\n### The error may involve defaultParameterMap\r\n### The error occurred while setting parameters\r\n### SQL: insert into his_procurement_schedules( psch_id, prcp_id, cat_id, psch_price, psch_number) values                        ( ?, ?, ?, ?, ?)\r\n### Cause: java.sql.SQLIntegrityConstraintViolationException: Column \'prcp_id\' cannot be null\n; Column \'prcp_id\' cannot be null; nested exception is java.sql.SQLIntegrityConstraintViolationException: Column \'prcp_id\' cannot be null', '2024-05-10 13:23:48', '37071');
INSERT INTO `sys_oper_log` VALUES ('285', '采购计划单', '2', 'com.ruoyi.project.his.plans.controller.HisProcurementPlansController.editSave()', 'POST', '1', 'admin', '办公室', '/his/plans/edit', '127.0.0.1', '内网IP', '{\"prcpId\":[\"\"],\"userId\":[\"1\"],\"prcpDocNum\":[\"CGJH-240509001\"],\"userName\":[\"龙头\"],\"prcpPurDate\":[\"2024-05-10\"],\"prcpArvDate\":[\"2024-05-14\"],\"prcpStatus\":[\"0\"],\"index\":[\"1\"],\"hisProcurementSchedulesList[0].catName\":[\"阿司匹林肠溶片\"],\"hisProcurementSchedulesList[0].catId\":[\"33\"],\"hisProcurementSchedulesList[0].catEnglishName\":[\"Aspirin Enteric-coated Tablets\"],\"hisProcurementSchedulesList[0].catSpecs\":[\"50mg\"],\"hisProcurementSchedulesList[0].catDosageFormLabel\":[\"片剂\"],\"hisProcurementSchedulesList[0].catPackage\":[\"24片/盒\"],\"hisProcurementSchedulesList[0].catUnitLabel\":[\"盒\"],\"hisProcurementSchedulesList[0].pschPrice\":[\"10\"],\"hisProcurementSchedulesList[0].pschNumber\":[\"100\"],\"btSelectAll\":[\"\"],\"btSelectItem\":[\"\"]}', null, '1', '\r\n### Error updating database.  Cause: java.sql.SQLIntegrityConstraintViolationException: Column \'prcp_id\' cannot be null\r\n### The error may exist in file [D:\\Files\\JavaWeb\\RuoYi-fast-master\\target\\classes\\mybatis\\his\\HisProcurementPlansMapper.xml]\r\n### The error may involve defaultParameterMap\r\n### The error occurred while setting parameters\r\n### SQL: insert into his_procurement_schedules( psch_id, prcp_id, cat_id, psch_price, psch_number) values                        ( ?, ?, ?, ?, ?)\r\n### Cause: java.sql.SQLIntegrityConstraintViolationException: Column \'prcp_id\' cannot be null\n; Column \'prcp_id\' cannot be null; nested exception is java.sql.SQLIntegrityConstraintViolationException: Column \'prcp_id\' cannot be null', '2024-05-10 13:26:11', '100961');
INSERT INTO `sys_oper_log` VALUES ('286', '采购计划单', '2', 'com.ruoyi.project.his.plans.controller.HisProcurementPlansController.editSave()', 'POST', '1', 'admin', '办公室', '/his/plans/edit', '127.0.0.1', '内网IP', '{\"prcpId\":[\"1\"],\"userId\":[\"1\"],\"prcpDocNum\":[\"CGJH-240509001\"],\"userName\":[\"龙头\"],\"prcpPurDate\":[\"2024-05-11\"],\"prcpArvDate\":[\"2024-05-17\"],\"prcpStatus\":[\"0\"],\"index\":[\"1\"],\"hisProcurementSchedulesList[0].catName\":[\"阿司匹林肠溶片\"],\"hisProcurementSchedulesList[0].catId\":[\"33\"],\"hisProcurementSchedulesList[0].catEnglishName\":[\"Aspirin Enteric-coated Tablets\"],\"hisProcurementSchedulesList[0].catSpecs\":[\"50mg\"],\"hisProcurementSchedulesList[0].catDosageFormLabel\":[\"片剂\"],\"hisProcurementSchedulesList[0].catPackage\":[\"24片/盒\"],\"hisProcurementSchedulesList[0].catUnitLabel\":[\"盒\"],\"hisProcurementSchedulesList[0].pschPrice\":[\"10\"],\"hisProcurementSchedulesList[0].pschNumber\":[\"100\"],\"btSelectAll\":[\"\"],\"btSelectItem\":[\"\"]}', '{\"msg\":\"操作成功\",\"code\":0}', '0', null, '2024-05-10 13:41:33', '245729');
INSERT INTO `sys_oper_log` VALUES ('287', '采购计划单', '2', 'com.ruoyi.project.his.plans.controller.HisProcurementPlansController.editSave()', 'POST', '1', 'admin', '办公室', '/his/plans/edit', '127.0.0.1', '内网IP', '{\"prcpId\":[\"1\"],\"userId\":[\"1\"],\"prcpDocNum\":[\"CGJH-240509001\"],\"userName\":[\"龙头\"],\"prcpPurDate\":[\"2024-05-11\"],\"prcpArvDate\":[\"2024-05-17\"],\"prcpStatus\":[\"0\"],\"index\":[\"1\",\"2\"],\"hisProcurementSchedulesList[0].catName\":[\"阿司匹林肠溶片\"],\"hisProcurementSchedulesList[0].catId\":[\"33\"],\"hisProcurementSchedulesList[0].catEnglishName\":[\"Aspirin Enteric-coated Tablets\"],\"hisProcurementSchedulesList[0].catSpecs\":[\"50mg\"],\"hisProcurementSchedulesList[0].catDosageFormLabel\":[\"片剂\"],\"hisProcurementSchedulesList[0].catPackage\":[\"24片/盒\"],\"hisProcurementSchedulesList[0].catUnitLabel\":[\"盒\"],\"hisProcurementSchedulesList[0].pschPrice\":[\"10\"],\"hisProcurementSchedulesList[0].pschNumber\":[\"100\"],\"hisProcurementSchedulesList[1].catName\":[\"布洛芬片\"],\"hisProcurementSchedulesList[1].catId\":[\"32\"],\"hisProcurementSchedulesList[1].catEnglishName\":[\"Ibuprofen Tablets\"],\"hisProcurementSchedulesList[1].catSpecs\":[\"0.1g\"],\"hisProcurementSchedulesList[1].catDosageFormLabel\":[\"片剂\"],\"hisProcurementSchedulesList[1].catPackage\":[\"10片/盒\"],\"hisProcurementSchedulesList[1].catUnitLabel\":[\"盒\"],\"hisProcurementSchedulesList[1].pschPrice\":[\"11\"],\"hisProcurementSchedulesList[1].pschNumber\":[\"100\"],\"btSelectAll\":[\"\"],\"btSelectItem\":[\"\"]}', '{\"msg\":\"操作成功\",\"code\":0}', '0', null, '2024-05-10 13:44:39', '6287');
INSERT INTO `sys_oper_log` VALUES ('288', '采购计划单', '2', 'com.ruoyi.project.his.plans.controller.HisProcurementPlansController.editSave()', 'POST', '1', 'admin', '办公室', '/his/plans/edit', '127.0.0.1', '内网IP', '{\"prcpId\":[\"1\"],\"userId\":[\"1\"],\"prcpDocNum\":[\"CGJH-240509001\"],\"userName\":[\"龙头\"],\"prcpPurDate\":[\"2024-05-11\"],\"prcpArvDate\":[\"2024-06-14\"],\"prcpStatus\":[\"0\"],\"index\":[\"1\",\"2\"],\"hisProcurementSchedulesList[0].catName\":[\"阿司匹林肠溶片\"],\"hisProcurementSchedulesList[0].catId\":[\"33\"],\"hisProcurementSchedulesList[0].catEnglishName\":[\"Aspirin Enteric-coated Tablets\"],\"hisProcurementSchedulesList[0].catSpecs\":[\"50mg\"],\"hisProcurementSchedulesList[0].catDosageFormLabel\":[\"片剂\"],\"hisProcurementSchedulesList[0].catPackage\":[\"24片/盒\"],\"hisProcurementSchedulesList[0].catUnitLabel\":[\"盒\"],\"hisProcurementSchedulesList[0].pschPrice\":[\"10\"],\"hisProcurementSchedulesList[0].pschNumber\":[\"100\"],\"hisProcurementSchedulesList[1].catName\":[\"布洛芬片\"],\"hisProcurementSchedulesList[1].catId\":[\"32\"],\"hisProcurementSchedulesList[1].catEnglishName\":[\"Ibuprofen Tablets\"],\"hisProcurementSchedulesList[1].catSpecs\":[\"0.1g\"],\"hisProcurementSchedulesList[1].catDosageFormLabel\":[\"片剂\"],\"hisProcurementSchedulesList[1].catPackage\":[\"10片/盒\"],\"hisProcurementSchedulesList[1].catUnitLabel\":[\"盒\"],\"hisProcurementSchedulesList[1].pschPrice\":[\"11\"],\"hisProcurementSchedulesList[1].pschNumber\":[\"100\"],\"btSelectAll\":[\"\"],\"btSelectItem\":[\"\"]}', '{\"msg\":\"操作成功\",\"code\":0}', '0', null, '2024-05-10 13:44:53', '31');
INSERT INTO `sys_oper_log` VALUES ('289', '采购计划单', '2', 'com.ruoyi.project.his.plans.controller.HisProcurementPlansController.editSave()', 'POST', '1', 'admin', '办公室', '/his/plans/edit', '127.0.0.1', '内网IP', '{\"prcpId\":[\"1\"],\"userId\":[\"1\"],\"prcpDocNum\":[\"CGJH-240509001\"],\"userName\":[\"龙头\"],\"prcpPurDate\":[\"2024-05-11\"],\"prcpArvDate\":[\"2024-05-16\"],\"prcpStatus\":[\"0\"],\"index\":[\"1\",\"2\"],\"hisProcurementSchedulesList[0].catName\":[\"阿司匹林肠溶片\"],\"hisProcurementSchedulesList[0].catId\":[\"33\"],\"hisProcurementSchedulesList[0].catEnglishName\":[\"Aspirin Enteric-coated Tablets\"],\"hisProcurementSchedulesList[0].catSpecs\":[\"50mg\"],\"hisProcurementSchedulesList[0].catDosageFormLabel\":[\"片剂\"],\"hisProcurementSchedulesList[0].catPackage\":[\"24片/盒\"],\"hisProcurementSchedulesList[0].catUnitLabel\":[\"盒\"],\"hisProcurementSchedulesList[0].pschPrice\":[\"10\"],\"hisProcurementSchedulesList[0].pschNumber\":[\"100\"],\"hisProcurementSchedulesList[1].catName\":[\"布洛芬片\"],\"hisProcurementSchedulesList[1].catId\":[\"32\"],\"hisProcurementSchedulesList[1].catEnglishName\":[\"Ibuprofen Tablets\"],\"hisProcurementSchedulesList[1].catSpecs\":[\"0.1g\"],\"hisProcurementSchedulesList[1].catDosageFormLabel\":[\"片剂\"],\"hisProcurementSchedulesList[1].catPackage\":[\"10片/盒\"],\"hisProcurementSchedulesList[1].catUnitLabel\":[\"盒\"],\"hisProcurementSchedulesList[1].pschPrice\":[\"11\"],\"hisProcurementSchedulesList[1].pschNumber\":[\"100\"],\"btSelectAll\":[\"\"],\"btSelectItem\":[\"\"]}', '{\"msg\":\"操作成功\",\"code\":0}', '0', null, '2024-05-10 13:45:00', '20');
INSERT INTO `sys_oper_log` VALUES ('290', '采购计划单', '2', 'com.ruoyi.project.his.plans.controller.HisProcurementPlansController.editSave()', 'POST', '1', 'admin', '办公室', '/his/plans/edit', '127.0.0.1', '内网IP', '{\"prcpId\":[\"1\"],\"userId\":[\"1\"],\"prcpDocNum\":[\"CGJH-240509001\"],\"userName\":[\"龙头\"],\"prcpPurDate\":[\"2024-05-11\"],\"prcpArvDate\":[\"2024-05-16\"],\"prcpStatus\":[\"1\"],\"index\":[\"1\",\"2\"],\"hisProcurementSchedulesList[0].catName\":[\"阿司匹林肠溶片\"],\"hisProcurementSchedulesList[0].catId\":[\"33\"],\"hisProcurementSchedulesList[0].catEnglishName\":[\"Aspirin Enteric-coated Tablets\"],\"hisProcurementSchedulesList[0].catSpecs\":[\"50mg\"],\"hisProcurementSchedulesList[0].catDosageFormLabel\":[\"片剂\"],\"hisProcurementSchedulesList[0].catPackage\":[\"24片/盒\"],\"hisProcurementSchedulesList[0].catUnitLabel\":[\"盒\"],\"hisProcurementSchedulesList[0].pschPrice\":[\"10\"],\"hisProcurementSchedulesList[0].pschNumber\":[\"100\"],\"hisProcurementSchedulesList[1].catName\":[\"布洛芬片\"],\"hisProcurementSchedulesList[1].catId\":[\"32\"],\"hisProcurementSchedulesList[1].catEnglishName\":[\"Ibuprofen Tablets\"],\"hisProcurementSchedulesList[1].catSpecs\":[\"0.1g\"],\"hisProcurementSchedulesList[1].catDosageFormLabel\":[\"片剂\"],\"hisProcurementSchedulesList[1].catPackage\":[\"10片/盒\"],\"hisProcurementSchedulesList[1].catUnitLabel\":[\"盒\"],\"hisProcurementSchedulesList[1].pschPrice\":[\"11\"],\"hisProcurementSchedulesList[1].pschNumber\":[\"100\"],\"btSelectAll\":[\"\"],\"btSelectItem\":[\"\"]}', '{\"msg\":\"操作成功\",\"code\":0}', '0', null, '2024-05-10 13:47:38', '23');
INSERT INTO `sys_oper_log` VALUES ('291', '采购计划单', '2', 'com.ruoyi.project.his.plans.controller.HisProcurementPlansController.editSave()', 'POST', '1', 'admin', '办公室', '/his/plans/edit', '127.0.0.1', '内网IP', '{\"prcpId\":[\"1\"],\"userId\":[\"1\"],\"prcpDocNum\":[\"CGJH-240509001\"],\"userName\":[\"龙头\"],\"prcpPurDate\":[\"2024-05-11\"],\"prcpArvDate\":[\"2024-05-16\"],\"prcpStatus\":[\"0\"],\"index\":[\"1\",\"2\"],\"hisProcurementSchedulesList[0].catName\":[\"阿司匹林肠溶片\"],\"hisProcurementSchedulesList[0].catId\":[\"33\"],\"hisProcurementSchedulesList[0].catEnglishName\":[\"Aspirin Enteric-coated Tablets\"],\"hisProcurementSchedulesList[0].catSpecs\":[\"50mg\"],\"hisProcurementSchedulesList[0].catDosageFormLabel\":[\"片剂\"],\"hisProcurementSchedulesList[0].catPackage\":[\"24片/盒\"],\"hisProcurementSchedulesList[0].catUnitLabel\":[\"盒\"],\"hisProcurementSchedulesList[0].pschPrice\":[\"10\"],\"hisProcurementSchedulesList[0].pschNumber\":[\"100\"],\"hisProcurementSchedulesList[1].catName\":[\"布洛芬片\"],\"hisProcurementSchedulesList[1].catId\":[\"32\"],\"hisProcurementSchedulesList[1].catEnglishName\":[\"Ibuprofen Tablets\"],\"hisProcurementSchedulesList[1].catSpecs\":[\"0.1g\"],\"hisProcurementSchedulesList[1].catDosageFormLabel\":[\"片剂\"],\"hisProcurementSchedulesList[1].catPackage\":[\"10片/盒\"],\"hisProcurementSchedulesList[1].catUnitLabel\":[\"盒\"],\"hisProcurementSchedulesList[1].pschPrice\":[\"11\"],\"hisProcurementSchedulesList[1].pschNumber\":[\"100\"],\"btSelectAll\":[\"\"],\"btSelectItem\":[\"\"]}', '{\"msg\":\"操作成功\",\"code\":0}', '0', null, '2024-05-10 13:48:16', '21');
INSERT INTO `sys_oper_log` VALUES ('292', '采购计划单', '2', 'com.ruoyi.project.his.plans.controller.HisProcurementPlansController.editSave()', 'POST', '1', 'admin', '办公室', '/his/plans/edit', '127.0.0.1', '内网IP', '{\"prcpId\":[\"1\"],\"userId\":[\"1\"],\"prcpDocNum\":[\"CGJH-240509001\"],\"userName\":[\"龙头\"],\"prcpPurDate\":[\"2024-05-11\"],\"prcpArvDate\":[\"2024-05-16\"],\"prcpStatus\":[\"0\"],\"index\":[\"1\",\"2\"],\"hisProcurementSchedulesList[0].catName\":[\"阿司匹林肠溶片\"],\"hisProcurementSchedulesList[0].catId\":[\"33\"],\"hisProcurementSchedulesList[0].catEnglishName\":[\"Aspirin Enteric-coated Tablets\"],\"hisProcurementSchedulesList[0].catSpecs\":[\"50mg\"],\"hisProcurementSchedulesList[0].catDosageFormLabel\":[\"片剂\"],\"hisProcurementSchedulesList[0].catPackage\":[\"24片/盒\"],\"hisProcurementSchedulesList[0].catUnitLabel\":[\"盒\"],\"hisProcurementSchedulesList[0].pschPrice\":[\"10\"],\"hisProcurementSchedulesList[0].pschNumber\":[\"100\"],\"hisProcurementSchedulesList[1].catName\":[\"布洛芬片\"],\"hisProcurementSchedulesList[1].catId\":[\"32\"],\"hisProcurementSchedulesList[1].catEnglishName\":[\"Ibuprofen Tablets\"],\"hisProcurementSchedulesList[1].catSpecs\":[\"0.1g\"],\"hisProcurementSchedulesList[1].catDosageFormLabel\":[\"片剂\"],\"hisProcurementSchedulesList[1].catPackage\":[\"10片/盒\"],\"hisProcurementSchedulesList[1].catUnitLabel\":[\"盒\"],\"hisProcurementSchedulesList[1].pschPrice\":[\"11\"],\"hisProcurementSchedulesList[1].pschNumber\":[\"100\"],\"btSelectAll\":[\"\"],\"btSelectItem\":[\"\"]}', '{\"msg\":\"操作成功\",\"code\":0}', '0', null, '2024-05-10 13:48:39', '23');
INSERT INTO `sys_oper_log` VALUES ('293', '采购计划单', '2', 'com.ruoyi.project.his.plans.controller.HisProcurementPlansController.editSave()', 'POST', '1', 'admin', '办公室', '/his/plans/edit', '127.0.0.1', '内网IP', '{\"prcpId\":[\"1\"],\"userId\":[\"1\"],\"prcpDocNum\":[\"CGJH-240509001\"],\"userName\":[\"龙头\"],\"prcpPurDate\":[\"2024-05-11\"],\"prcpArvDate\":[\"2024-05-16\"],\"prcpStatus\":[\"1\"],\"index\":[\"1\",\"2\"],\"hisProcurementSchedulesList[0].catName\":[\"阿司匹林肠溶片\"],\"hisProcurementSchedulesList[0].catId\":[\"33\"],\"hisProcurementSchedulesList[0].catEnglishName\":[\"Aspirin Enteric-coated Tablets\"],\"hisProcurementSchedulesList[0].catSpecs\":[\"50mg\"],\"hisProcurementSchedulesList[0].catDosageFormLabel\":[\"片剂\"],\"hisProcurementSchedulesList[0].catPackage\":[\"24片/盒\"],\"hisProcurementSchedulesList[0].catUnitLabel\":[\"盒\"],\"hisProcurementSchedulesList[0].pschPrice\":[\"10\"],\"hisProcurementSchedulesList[0].pschNumber\":[\"100\"],\"hisProcurementSchedulesList[1].catName\":[\"布洛芬片\"],\"hisProcurementSchedulesList[1].catId\":[\"32\"],\"hisProcurementSchedulesList[1].catEnglishName\":[\"Ibuprofen Tablets\"],\"hisProcurementSchedulesList[1].catSpecs\":[\"0.1g\"],\"hisProcurementSchedulesList[1].catDosageFormLabel\":[\"片剂\"],\"hisProcurementSchedulesList[1].catPackage\":[\"10片/盒\"],\"hisProcurementSchedulesList[1].catUnitLabel\":[\"盒\"],\"hisProcurementSchedulesList[1].pschPrice\":[\"11\"],\"hisProcurementSchedulesList[1].pschNumber\":[\"100\"],\"btSelectAll\":[\"\"],\"btSelectItem\":[\"\"]}', '{\"msg\":\"操作成功\",\"code\":0}', '0', null, '2024-05-10 13:48:43', '24');
INSERT INTO `sys_oper_log` VALUES ('294', '采购计划单', '2', 'com.ruoyi.project.his.plans.controller.HisProcurementPlansController.editSave()', 'POST', '1', 'admin', '办公室', '/his/plans/edit', '127.0.0.1', '内网IP', '{\"prcpId\":[\"1\"],\"userId\":[\"1\"],\"prcpDocNum\":[\"CGJH-240509001\"],\"userName\":[\"龙头\"],\"prcpPurDate\":[\"2024-05-11\"],\"prcpArvDate\":[\"2024-05-16\"],\"prcpStatus\":[\"0\"],\"index\":[\"1\",\"2\"],\"hisProcurementSchedulesList[0].catName\":[\"阿司匹林肠溶片\"],\"hisProcurementSchedulesList[0].catId\":[\"33\"],\"hisProcurementSchedulesList[0].catEnglishName\":[\"Aspirin Enteric-coated Tablets\"],\"hisProcurementSchedulesList[0].catSpecs\":[\"50mg\"],\"hisProcurementSchedulesList[0].catDosageFormLabel\":[\"片剂\"],\"hisProcurementSchedulesList[0].catPackage\":[\"24片/盒\"],\"hisProcurementSchedulesList[0].catUnitLabel\":[\"盒\"],\"hisProcurementSchedulesList[0].pschPrice\":[\"10\"],\"hisProcurementSchedulesList[0].pschNumber\":[\"100\"],\"hisProcurementSchedulesList[1].catName\":[\"布洛芬片\"],\"hisProcurementSchedulesList[1].catId\":[\"32\"],\"hisProcurementSchedulesList[1].catEnglishName\":[\"Ibuprofen Tablets\"],\"hisProcurementSchedulesList[1].catSpecs\":[\"0.1g\"],\"hisProcurementSchedulesList[1].catDosageFormLabel\":[\"片剂\"],\"hisProcurementSchedulesList[1].catPackage\":[\"10片/盒\"],\"hisProcurementSchedulesList[1].catUnitLabel\":[\"盒\"],\"hisProcurementSchedulesList[1].pschPrice\":[\"11\"],\"hisProcurementSchedulesList[1].pschNumber\":[\"100\"],\"btSelectAll\":[\"\"],\"btSelectItem\":[\"\"]}', '{\"msg\":\"操作成功\",\"code\":0}', '0', null, '2024-05-10 13:48:52', '19');
INSERT INTO `sys_oper_log` VALUES ('295', '采购计划单', '2', 'com.ruoyi.project.his.plans.controller.HisProcurementPlansController.editSave()', 'POST', '1', 'admin', '办公室', '/his/plans/edit', '127.0.0.1', '内网IP', '{\"prcpId\":[\"1\"],\"userId\":[\"1\"],\"prcpDocNum\":[\"CGJH-240509001\"],\"userName\":[\"龙头\"],\"prcpPurDate\":[\"2024-05-11\"],\"prcpArvDate\":[\"2024-05-16\"],\"prcpStatus\":[\"1\"],\"index\":[\"1\",\"2\"],\"hisProcurementSchedulesList[0].catName\":[\"阿司匹林肠溶片\"],\"hisProcurementSchedulesList[0].catId\":[\"33\"],\"hisProcurementSchedulesList[0].catEnglishName\":[\"Aspirin Enteric-coated Tablets\"],\"hisProcurementSchedulesList[0].catSpecs\":[\"50mg\"],\"hisProcurementSchedulesList[0].catDosageFormLabel\":[\"片剂\"],\"hisProcurementSchedulesList[0].catPackage\":[\"24片/盒\"],\"hisProcurementSchedulesList[0].catUnitLabel\":[\"盒\"],\"hisProcurementSchedulesList[0].pschPrice\":[\"10\"],\"hisProcurementSchedulesList[0].pschNumber\":[\"100\"],\"hisProcurementSchedulesList[1].catName\":[\"布洛芬片\"],\"hisProcurementSchedulesList[1].catId\":[\"32\"],\"hisProcurementSchedulesList[1].catEnglishName\":[\"Ibuprofen Tablets\"],\"hisProcurementSchedulesList[1].catSpecs\":[\"0.1g\"],\"hisProcurementSchedulesList[1].catDosageFormLabel\":[\"片剂\"],\"hisProcurementSchedulesList[1].catPackage\":[\"10片/盒\"],\"hisProcurementSchedulesList[1].catUnitLabel\":[\"盒\"],\"hisProcurementSchedulesList[1].pschPrice\":[\"11\"],\"hisProcurementSchedulesList[1].pschNumber\":[\"100\"],\"btSelectAll\":[\"\"],\"btSelectItem\":[\"\"]}', '{\"msg\":\"操作成功\",\"code\":0}', '0', null, '2024-05-10 13:50:26', '24');
INSERT INTO `sys_oper_log` VALUES ('296', '采购计划单', '2', 'com.ruoyi.project.his.plans.controller.HisProcurementPlansController.editSave()', 'POST', '1', 'admin', '办公室', '/his/plans/edit', '127.0.0.1', '内网IP', '{\"prcpId\":[\"1\"],\"userId\":[\"1\"],\"prcpDocNum\":[\"CGJH-240509001\"],\"userName\":[\"龙头\"],\"prcpPurDate\":[\"2024-05-11\"],\"prcpArvDate\":[\"2024-05-16\"],\"prcpStatus\":[\"0\"],\"index\":[\"1\",\"2\"],\"hisProcurementSchedulesList[0].catName\":[\"阿司匹林肠溶片\"],\"hisProcurementSchedulesList[0].catId\":[\"33\"],\"hisProcurementSchedulesList[0].catEnglishName\":[\"Aspirin Enteric-coated Tablets\"],\"hisProcurementSchedulesList[0].catSpecs\":[\"50mg\"],\"hisProcurementSchedulesList[0].catDosageFormLabel\":[\"片剂\"],\"hisProcurementSchedulesList[0].catPackage\":[\"24片/盒\"],\"hisProcurementSchedulesList[0].catUnitLabel\":[\"盒\"],\"hisProcurementSchedulesList[0].pschPrice\":[\"10\"],\"hisProcurementSchedulesList[0].pschNumber\":[\"100\"],\"hisProcurementSchedulesList[1].catName\":[\"布洛芬片\"],\"hisProcurementSchedulesList[1].catId\":[\"32\"],\"hisProcurementSchedulesList[1].catEnglishName\":[\"Ibuprofen Tablets\"],\"hisProcurementSchedulesList[1].catSpecs\":[\"0.1g\"],\"hisProcurementSchedulesList[1].catDosageFormLabel\":[\"片剂\"],\"hisProcurementSchedulesList[1].catPackage\":[\"10片/盒\"],\"hisProcurementSchedulesList[1].catUnitLabel\":[\"盒\"],\"hisProcurementSchedulesList[1].pschPrice\":[\"11\"],\"hisProcurementSchedulesList[1].pschNumber\":[\"100\"],\"btSelectAll\":[\"\"],\"btSelectItem\":[\"\"]}', '{\"msg\":\"操作成功\",\"code\":0}', '0', null, '2024-05-10 13:50:43', '19');
INSERT INTO `sys_oper_log` VALUES ('297', '采购计划单', '2', 'com.ruoyi.project.his.plans.controller.HisProcurementPlansController.editSave()', 'POST', '1', 'admin', '办公室', '/his/plans/edit', '127.0.0.1', '内网IP', '{\"prcpId\":[\"1\"],\"userId\":[\"1\"],\"prcpDocNum\":[\"CGJH-240509001\"],\"userName\":[\"龙头\"],\"prcpPurDate\":[\"2024-05-11\"],\"prcpArvDate\":[\"2024-05-16\"],\"prcpStatus\":[\"0\"],\"index\":[\"1\",\"2\"],\"hisProcurementSchedulesList[0].catName\":[\"阿司匹林肠溶片\"],\"hisProcurementSchedulesList[0].catId\":[\"33\"],\"hisProcurementSchedulesList[0].catEnglishName\":[\"Aspirin Enteric-coated Tablets\"],\"hisProcurementSchedulesList[0].catSpecs\":[\"50mg\"],\"hisProcurementSchedulesList[0].catDosageFormLabel\":[\"片剂\"],\"hisProcurementSchedulesList[0].catPackage\":[\"24片/盒\"],\"hisProcurementSchedulesList[0].catUnitLabel\":[\"盒\"],\"hisProcurementSchedulesList[0].pschPrice\":[\"10\"],\"hisProcurementSchedulesList[0].pschNumber\":[\"100\"],\"hisProcurementSchedulesList[1].catName\":[\"布洛芬片\"],\"hisProcurementSchedulesList[1].catId\":[\"32\"],\"hisProcurementSchedulesList[1].catEnglishName\":[\"Ibuprofen Tablets\"],\"hisProcurementSchedulesList[1].catSpecs\":[\"0.1g\"],\"hisProcurementSchedulesList[1].catDosageFormLabel\":[\"片剂\"],\"hisProcurementSchedulesList[1].catPackage\":[\"10片/盒\"],\"hisProcurementSchedulesList[1].catUnitLabel\":[\"盒\"],\"hisProcurementSchedulesList[1].pschPrice\":[\"11\"],\"hisProcurementSchedulesList[1].pschNumber\":[\"100\"],\"btSelectAll\":[\"\"],\"btSelectItem\":[\"\"]}', '{\"msg\":\"操作成功\",\"code\":0}', '0', null, '2024-05-10 13:50:54', '18');
INSERT INTO `sys_oper_log` VALUES ('298', '采购计划单', '2', 'com.ruoyi.project.his.plans.controller.HisProcurementPlansController.editSave()', 'POST', '1', 'admin', '办公室', '/his/plans/edit', '127.0.0.1', '内网IP', '{\"prcpId\":[\"1\"],\"userId\":[\"1\"],\"prcpDocNum\":[\"CGJH-240509001\"],\"userName\":[\"龙头\"],\"prcpPurDate\":[\"2024-05-11\"],\"prcpArvDate\":[\"2024-05-16\"],\"prcpStatus\":[\"0\"],\"index\":[\"1\",\"2\"],\"hisProcurementSchedulesList[0].catName\":[\"阿司匹林肠溶片\"],\"hisProcurementSchedulesList[0].catId\":[\"33\"],\"hisProcurementSchedulesList[0].catEnglishName\":[\"Aspirin Enteric-coated Tablets\"],\"hisProcurementSchedulesList[0].catSpecs\":[\"50mg\"],\"hisProcurementSchedulesList[0].catDosageFormLabel\":[\"片剂\"],\"hisProcurementSchedulesList[0].catPackage\":[\"24片/盒\"],\"hisProcurementSchedulesList[0].catUnitLabel\":[\"盒\"],\"hisProcurementSchedulesList[0].pschPrice\":[\"10\"],\"hisProcurementSchedulesList[0].pschNumber\":[\"100\"],\"hisProcurementSchedulesList[1].catName\":[\"布洛芬片\"],\"hisProcurementSchedulesList[1].catId\":[\"32\"],\"hisProcurementSchedulesList[1].catEnglishName\":[\"Ibuprofen Tablets\"],\"hisProcurementSchedulesList[1].catSpecs\":[\"0.1g\"],\"hisProcurementSchedulesList[1].catDosageFormLabel\":[\"片剂\"],\"hisProcurementSchedulesList[1].catPackage\":[\"10片/盒\"],\"hisProcurementSchedulesList[1].catUnitLabel\":[\"盒\"],\"hisProcurementSchedulesList[1].pschPrice\":[\"11\"],\"hisProcurementSchedulesList[1].pschNumber\":[\"100\"],\"btSelectAll\":[\"\"],\"btSelectItem\":[\"\"]}', '{\"msg\":\"操作成功\",\"code\":0}', '0', null, '2024-05-10 13:51:02', '30');
INSERT INTO `sys_oper_log` VALUES ('299', '采购计划单', '1', 'com.ruoyi.project.his.plans.controller.HisProcurementPlansController.addSave()', 'POST', '1', 'admin', '办公室', '/his/plans/add', '127.0.0.1', '内网IP', '{\"prcpDocNum\":[\"CGJH-240510001\"],\"prcpDate\":[\"2024-05-10\"],\"prcpPurDate\":[\"2024-05-14\"],\"prcpArvDate\":[\"2024-05-21\"],\"prcpStatus\":[\"0\"],\"index\":[\"1\",\"2\",\"3\",\"4\",\"5\"],\"hisProcurementSchedulesList[0].catName\":[\"硫酸氢氯吡格雷片\"],\"hisProcurementSchedulesList[0].catId\":[\"47\"],\"hisProcurementSchedulesList[0].catEnglishName\":[\"Clopidogrel Bisulfate Tablets\"],\"hisProcurementSchedulesList[0].catSpecs\":[\"75mg\"],\"hisProcurementSchedulesList[0].catDosageFormLabel\":[\"片剂\"],\"hisProcurementSchedulesList[0].catPackage\":[\"7片/盒\"],\"hisProcurementSchedulesList[0].catUnitLabel\":[\"盒\"],\"hisProcurementSchedulesList[0].pschPrice\":[\"20\"],\"hisProcurementSchedulesList[0].pschNumber\":[\"400\"],\"hisProcurementSchedulesList[1].catName\":[\"头孢克肟胶囊\"],\"hisProcurementSchedulesList[1].catId\":[\"54\"],\"hisProcurementSchedulesList[1].catEnglishName\":[\"Cefixime Capsules\"],\"hisProcurementSchedulesList[1].catSpecs\":[\"100mg\"],\"hisProcurementSchedulesList[1].catDosageFormLabel\":[\"胶囊剂\"],\"hisProcurementSchedulesList[1].catPackage\":[\"6粒/盒\"],\"hisProcurementSchedulesList[1].catUnitLabel\":[\"盒\"],\"hisProcurementSchedulesList[1].pschPrice\":[\"50\"],\"hisProcurementSchedulesList[1].pschNumber\":[\"400\"],\"hisProcurementSchedulesList[2].catName\":[\"维生素C片\"],\"hisProcurementSchedulesList[2].catId\":[\"41\"],\"hisProcurementSchedulesList[2].catEnglishName\":[\"Vitamin C Tablets\"],\"hisProcurementSchedulesList[2].catSpecs\":[\"0.1g\"],\"hisProcurementSchedulesList[2].catDosageFormLabel\":[\"片剂\"],\"hisProcurementSchedulesList[2].catPackage\":[\"100片/瓶\"],\"hisProcurementSchedulesList[2].catUnitLabel\":[\"瓶\"],\"hisProcurementSchedulesList[2].pschPrice\":[\"40\"],\"hisProcurementSchedulesList[2].pschNumber\":[\"4004\"],\"hisProcurementSchedulesList[3].catName\":[\"阿司匹林肠溶片\"],\"hisProcurementSchedulesList[3].catId\":[\"33\"],\"hisProcurementSchedulesList[3].catEnglishName\":[\"Aspirin Enteric-coated Tablets\"],\"hisProcurementSchedulesList[3].catSpecs\":[\"50mg\"],\"hisProcurementSchedulesList[3].catDosageFormLabel\":[\"片剂\"],\"hisProcurementSchedulesList[3].catPackage\":[\"24片/盒\"],\"hisProcurement', '{\"msg\":\"操作成功\",\"code\":0}', '0', null, '2024-05-10 13:51:56', '67');
INSERT INTO `sys_oper_log` VALUES ('300', '采购计划单', '2', 'com.ruoyi.project.his.plans.controller.HisProcurementPlansController.editSave()', 'POST', '1', 'admin', '办公室', '/his/plans/edit', '127.0.0.1', '内网IP', '{\"prcpId\":[\"1\"],\"userId\":[\"1\"],\"prcpDocNum\":[\"CGJH-240509001\"],\"userName\":[\"龙头\"],\"prcpPurDate\":[\"2024-05-11\"],\"prcpArvDate\":[\"2024-05-16\"],\"prcpStatus\":[\"2\"],\"index\":[\"1\",\"2\"],\"hisProcurementSchedulesList[0].catName\":[\"阿司匹林肠溶片\"],\"hisProcurementSchedulesList[0].catId\":[\"33\"],\"hisProcurementSchedulesList[0].catEnglishName\":[\"Aspirin Enteric-coated Tablets\"],\"hisProcurementSchedulesList[0].catSpecs\":[\"50mg\"],\"hisProcurementSchedulesList[0].catDosageFormLabel\":[\"片剂\"],\"hisProcurementSchedulesList[0].catPackage\":[\"24片/盒\"],\"hisProcurementSchedulesList[0].catUnitLabel\":[\"盒\"],\"hisProcurementSchedulesList[0].pschPrice\":[\"10\"],\"hisProcurementSchedulesList[0].pschNumber\":[\"100\"],\"hisProcurementSchedulesList[1].catName\":[\"布洛芬片\"],\"hisProcurementSchedulesList[1].catId\":[\"32\"],\"hisProcurementSchedulesList[1].catEnglishName\":[\"Ibuprofen Tablets\"],\"hisProcurementSchedulesList[1].catSpecs\":[\"0.1g\"],\"hisProcurementSchedulesList[1].catDosageFormLabel\":[\"片剂\"],\"hisProcurementSchedulesList[1].catPackage\":[\"10片/盒\"],\"hisProcurementSchedulesList[1].catUnitLabel\":[\"盒\"],\"hisProcurementSchedulesList[1].pschPrice\":[\"11\"],\"hisProcurementSchedulesList[1].pschNumber\":[\"100\"],\"btSelectAll\":[\"\"],\"btSelectItem\":[\"\"]}', '{\"msg\":\"操作成功\",\"code\":0}', '0', null, '2024-05-10 13:52:14', '22');
INSERT INTO `sys_oper_log` VALUES ('301', '采购计划单', '2', 'com.ruoyi.project.his.plans.controller.HisProcurementPlansController.editSave()', 'POST', '1', 'admin', '办公室', '/his/plans/edit', '127.0.0.1', '内网IP', '{\"prcpId\":[\"1\"],\"userId\":[\"1\"],\"prcpDocNum\":[\"CGJH-240509001\"],\"userName\":[\"龙头\"],\"prcpPurDate\":[\"2024-05-11\"],\"prcpArvDate\":[\"2024-05-16\"],\"prcpStatus\":[\"0\"],\"index\":[\"1\",\"2\"],\"hisProcurementSchedulesList[0].catName\":[\"阿司匹林肠溶片\"],\"hisProcurementSchedulesList[0].catId\":[\"33\"],\"hisProcurementSchedulesList[0].catEnglishName\":[\"Aspirin Enteric-coated Tablets\"],\"hisProcurementSchedulesList[0].catSpecs\":[\"50mg\"],\"hisProcurementSchedulesList[0].catDosageFormLabel\":[\"片剂\"],\"hisProcurementSchedulesList[0].catPackage\":[\"24片/盒\"],\"hisProcurementSchedulesList[0].catUnitLabel\":[\"盒\"],\"hisProcurementSchedulesList[0].pschPrice\":[\"10\"],\"hisProcurementSchedulesList[0].pschNumber\":[\"100\"],\"hisProcurementSchedulesList[1].catName\":[\"布洛芬片\"],\"hisProcurementSchedulesList[1].catId\":[\"32\"],\"hisProcurementSchedulesList[1].catEnglishName\":[\"Ibuprofen Tablets\"],\"hisProcurementSchedulesList[1].catSpecs\":[\"0.1g\"],\"hisProcurementSchedulesList[1].catDosageFormLabel\":[\"片剂\"],\"hisProcurementSchedulesList[1].catPackage\":[\"10片/盒\"],\"hisProcurementSchedulesList[1].catUnitLabel\":[\"盒\"],\"hisProcurementSchedulesList[1].pschPrice\":[\"11\"],\"hisProcurementSchedulesList[1].pschNumber\":[\"100\"],\"btSelectAll\":[\"\"],\"btSelectItem\":[\"\"]}', '{\"msg\":\"操作成功\",\"code\":0}', '0', null, '2024-05-10 13:52:18', '18');
INSERT INTO `sys_oper_log` VALUES ('302', '采购计划单', '1', 'com.ruoyi.project.his.plans.controller.HisProcurementPlansController.addSave()', 'POST', '1', 'admin', '办公室', '/his/plans/add', '127.0.0.1', '内网IP', '{\"prcpDocNum\":[\"CGJH-240511001\"],\"prcpDate\":[\"2024-05-11\"],\"prcpPurDate\":[\"2024-05-14\"],\"prcpArvDate\":[\"2024-05-23\"],\"prcpStatus\":[\"0\"],\"index\":[\"1\",\"2\"],\"hisProcurementSchedulesList[0].catName\":[\"阿奇霉素片\"],\"hisProcurementSchedulesList[0].catId\":[\"40\"],\"hisProcurementSchedulesList[0].catEnglishName\":[\"Azithromycin Tablets\"],\"hisProcurementSchedulesList[0].catSpecs\":[\"0.25g\"],\"hisProcurementSchedulesList[0].catDosageFormLabel\":[\"片剂\"],\"hisProcurementSchedulesList[0].catPackage\":[\"6片/盒\"],\"hisProcurementSchedulesList[0].catUnitLabel\":[\"盒\"],\"hisProcurementSchedulesList[0].pschPrice\":[\"60\"],\"hisProcurementSchedulesList[0].pschNumber\":[\"500\"],\"hisProcurementSchedulesList[1].catName\":[\"多潘立酮片\"],\"hisProcurementSchedulesList[1].catId\":[\"61\"],\"hisProcurementSchedulesList[1].catEnglishName\":[\"Domperidone Tablets\"],\"hisProcurementSchedulesList[1].catSpecs\":[\"10mg\"],\"hisProcurementSchedulesList[1].catDosageFormLabel\":[\"片剂\"],\"hisProcurementSchedulesList[1].catPackage\":[\"30片/瓶\"],\"hisProcurementSchedulesList[1].catUnitLabel\":[\"瓶\"],\"hisProcurementSchedulesList[1].pschPrice\":[\"10\"],\"hisProcurementSchedulesList[1].pschNumber\":[\"500\"],\"btSelectAll\":[\"\"],\"btSelectItem\":[\"\"]}', '{\"msg\":\"操作成功\",\"code\":0}', '0', null, '2024-05-11 17:30:15', '123');
INSERT INTO `sys_oper_log` VALUES ('303', '采购计划单', '1', 'com.ruoyi.project.his.plans.controller.HisProcurementPlansController.addSave()', 'POST', '1', 'admin', '办公室', '/his/plans/add', '127.0.0.1', '内网IP', '{\"prcpDocNum\":[\"CGJH-240511002\"],\"prcpDate\":[\"2024-05-11\"],\"prcpPurDate\":[\"2024-05-22\"],\"prcpArvDate\":[\"2024-05-31\"],\"prcpStatus\":[\"0\"],\"index\":[\"1\"],\"hisProcurementSchedulesList[0].catName\":[\"对乙酰氨基酚片\"],\"hisProcurementSchedulesList[0].catId\":[\"50\"],\"hisProcurementSchedulesList[0].catEnglishName\":[\"Paracetamol Tablets\"],\"hisProcurementSchedulesList[0].catSpecs\":[\"0.5g\"],\"hisProcurementSchedulesList[0].catDosageFormLabel\":[\"片剂\"],\"hisProcurementSchedulesList[0].catPackage\":[\"10片/板×2板/盒\"],\"hisProcurementSchedulesList[0].catUnitLabel\":[\"盒\"],\"hisProcurementSchedulesList[0].pschPrice\":[\"80\"],\"hisProcurementSchedulesList[0].pschNumber\":[\"70\"],\"btSelectAll\":[\"\"],\"btSelectItem\":[\"\"]}', '{\"msg\":\"操作成功\",\"code\":0}', '0', null, '2024-05-11 17:31:07', '19');
INSERT INTO `sys_oper_log` VALUES ('304', '采购计划单', '5', 'com.ruoyi.project.his.plans.controller.HisProcurementPlansController.export()', 'POST', '1', 'admin', '办公室', '/his/plans/export', '127.0.0.1', '内网IP', '{\"prcpDocNum\":[\"\"],\"prcpDate\":[\"\"],\"prcpPurDate\":[\"\"],\"prcpArvDate\":[\"\"],\"userId\":[\"\"],\"prcpStatus\":[\"\"],\"orderByColumn\":[\"\"],\"isAsc\":[\"asc\"]}', '{\"msg\":\"e928c161-b9bd-4ff6-8809-80d4081b4914_采购计划单数据.xlsx\",\"code\":0}', '0', null, '2024-05-11 17:38:15', '3180');
INSERT INTO `sys_oper_log` VALUES ('305', '字典数据', '2', 'com.ruoyi.project.system.dict.controller.DictDataController.editSave()', 'POST', '1', 'admin', '办公室', '/system/dict/data/edit', '127.0.0.1', '内网IP', '{\"dictCode\":[\"116\"],\"dictLabel\":[\"已付款\"],\"dictValue\":[\"1\"],\"dictType\":[\"doc_purchase_status\"],\"cssClass\":[\"\"],\"dictSort\":[\"2\"],\"listClass\":[\"success\"],\"isDefault\":[\"N\"],\"status\":[\"0\"],\"remark\":[\"\"]}', '{\"msg\":\"操作成功\",\"code\":0}', '0', null, '2024-05-11 18:03:02', '28');
INSERT INTO `sys_oper_log` VALUES ('306', '字典数据', '2', 'com.ruoyi.project.system.dict.controller.DictDataController.editSave()', 'POST', '1', 'admin', '办公室', '/system/dict/data/edit', '127.0.0.1', '内网IP', '{\"dictCode\":[\"117\"],\"dictLabel\":[\"已到货\"],\"dictValue\":[\"2\"],\"dictType\":[\"doc_purchase_status\"],\"cssClass\":[\"\"],\"dictSort\":[\"3\"],\"listClass\":[\"primary\"],\"isDefault\":[\"N\"],\"status\":[\"0\"],\"remark\":[\"\"]}', '{\"msg\":\"操作成功\",\"code\":0}', '0', null, '2024-05-11 18:03:05', '22');
INSERT INTO `sys_oper_log` VALUES ('307', '采购计划单', '2', 'com.ruoyi.project.his.plans.controller.HisProcurementPlansController.editSave()', 'POST', '1', 'admin', '办公室', '/his/plans/edit', '127.0.0.1', '内网IP', '{\"prcpId\":[\"5\"],\"userId\":[\"1\"],\"prcpDocNum\":[\"CGJH-240511001\"],\"userName\":[\"龙头\"],\"prcpPurDate\":[\"2024-05-14\"],\"prcpArvDate\":[\"2024-05-23\"],\"prcpStatus\":[\"1\"],\"index\":[\"1\",\"2\"],\"hisProcurementSchedulesList[0].catName\":[\"阿奇霉素片\"],\"hisProcurementSchedulesList[0].catId\":[\"40\"],\"hisProcurementSchedulesList[0].catEnglishName\":[\"Azithromycin Tablets\"],\"hisProcurementSchedulesList[0].catSpecs\":[\"0.25g\"],\"hisProcurementSchedulesList[0].catDosageFormLabel\":[\"片剂\"],\"hisProcurementSchedulesList[0].catPackage\":[\"6片/盒\"],\"hisProcurementSchedulesList[0].catUnitLabel\":[\"盒\"],\"hisProcurementSchedulesList[0].pschPrice\":[\"60\"],\"hisProcurementSchedulesList[0].pschNumber\":[\"500\"],\"hisProcurementSchedulesList[1].catName\":[\"多潘立酮片\"],\"hisProcurementSchedulesList[1].catId\":[\"61\"],\"hisProcurementSchedulesList[1].catEnglishName\":[\"Domperidone Tablets\"],\"hisProcurementSchedulesList[1].catSpecs\":[\"10mg\"],\"hisProcurementSchedulesList[1].catDosageFormLabel\":[\"片剂\"],\"hisProcurementSchedulesList[1].catPackage\":[\"30片/瓶\"],\"hisProcurementSchedulesList[1].catUnitLabel\":[\"瓶\"],\"hisProcurementSchedulesList[1].pschPrice\":[\"10\"],\"hisProcurementSchedulesList[1].pschNumber\":[\"500\"],\"btSelectAll\":[\"\"],\"btSelectItem\":[\"\"]}', '{\"msg\":\"操作成功\",\"code\":0}', '0', null, '2024-05-11 21:24:41', '25');
INSERT INTO `sys_oper_log` VALUES ('308', '采购计划单', '2', 'com.ruoyi.project.his.plans.controller.HisProcurementPlansController.editSave()', 'POST', '1', 'admin', '办公室', '/his/plans/edit', '127.0.0.1', '内网IP', '{\"prcpId\":[\"5\"],\"userId\":[\"1\"],\"prcpDocNum\":[\"CGJH-240511001\"],\"userName\":[\"龙头\"],\"prcpPurDate\":[\"2024-05-14\"],\"prcpArvDate\":[\"2024-05-23\"],\"prcpStatus\":[\"0\"],\"index\":[\"1\",\"2\"],\"hisProcurementSchedulesList[0].catName\":[\"阿奇霉素片\"],\"hisProcurementSchedulesList[0].catId\":[\"40\"],\"hisProcurementSchedulesList[0].catEnglishName\":[\"Azithromycin Tablets\"],\"hisProcurementSchedulesList[0].catSpecs\":[\"0.25g\"],\"hisProcurementSchedulesList[0].catDosageFormLabel\":[\"片剂\"],\"hisProcurementSchedulesList[0].catPackage\":[\"6片/盒\"],\"hisProcurementSchedulesList[0].catUnitLabel\":[\"盒\"],\"hisProcurementSchedulesList[0].pschPrice\":[\"60\"],\"hisProcurementSchedulesList[0].pschNumber\":[\"500\"],\"hisProcurementSchedulesList[1].catName\":[\"多潘立酮片\"],\"hisProcurementSchedulesList[1].catId\":[\"61\"],\"hisProcurementSchedulesList[1].catEnglishName\":[\"Domperidone Tablets\"],\"hisProcurementSchedulesList[1].catSpecs\":[\"10mg\"],\"hisProcurementSchedulesList[1].catDosageFormLabel\":[\"片剂\"],\"hisProcurementSchedulesList[1].catPackage\":[\"30片/瓶\"],\"hisProcurementSchedulesList[1].catUnitLabel\":[\"瓶\"],\"hisProcurementSchedulesList[1].pschPrice\":[\"10\"],\"hisProcurementSchedulesList[1].pschNumber\":[\"500\"],\"btSelectAll\":[\"\"],\"btSelectItem\":[\"\"]}', '{\"msg\":\"操作成功\",\"code\":0}', '0', null, '2024-05-11 21:26:16', '17');
INSERT INTO `sys_oper_log` VALUES ('309', '采购计划单', '2', 'com.ruoyi.project.his.plans.controller.HisProcurementPlansController.editSave()', 'POST', '1', 'admin', '办公室', '/his/plans/edit', '127.0.0.1', '内网IP', '{\"prcpId\":[\"6\"],\"userId\":[\"1\"],\"prcpDocNum\":[\"CGJH-240511002\"],\"userName\":[\"龙头\"],\"prcpPurDate\":[\"2024-05-22\"],\"prcpArvDate\":[\"2024-05-31\"],\"prcpStatus\":[\"2\"],\"index\":[\"1\"],\"hisProcurementSchedulesList[0].catName\":[\"对乙酰氨基酚片\"],\"hisProcurementSchedulesList[0].catId\":[\"50\"],\"hisProcurementSchedulesList[0].catEnglishName\":[\"Paracetamol Tablets\"],\"hisProcurementSchedulesList[0].catSpecs\":[\"0.5g\"],\"hisProcurementSchedulesList[0].catDosageFormLabel\":[\"片剂\"],\"hisProcurementSchedulesList[0].catPackage\":[\"10片/板×2板/盒\"],\"hisProcurementSchedulesList[0].catUnitLabel\":[\"盒\"],\"hisProcurementSchedulesList[0].pschPrice\":[\"80\"],\"hisProcurementSchedulesList[0].pschNumber\":[\"70\"],\"btSelectAll\":[\"\"],\"btSelectItem\":[\"\"]}', '{\"msg\":\"操作成功\",\"code\":0}', '0', null, '2024-05-11 21:30:26', '20');
INSERT INTO `sys_oper_log` VALUES ('310', '采购计划单', '2', 'com.ruoyi.project.his.plans.controller.HisProcurementPlansController.editSave()', 'POST', '1', 'admin', '办公室', '/his/plans/edit', '127.0.0.1', '内网IP', '{\"prcpId\":[\"3\"],\"userId\":[\"1\"],\"prcpDocNum\":[\"CGJH-240509003\"],\"userName\":[\"龙头\"],\"prcpPurDate\":[\"2024-05-10\"],\"prcpArvDate\":[\"2024-05-17\"],\"prcpStatus\":[\"1\"],\"index\":[\"1\"],\"hisProcurementSchedulesList[0].catName\":[\"布洛芬片\"],\"hisProcurementSchedulesList[0].catId\":[\"32\"],\"hisProcurementSchedulesList[0].catEnglishName\":[\"Ibuprofen Tablets\"],\"hisProcurementSchedulesList[0].catSpecs\":[\"0.1g\"],\"hisProcurementSchedulesList[0].catDosageFormLabel\":[\"片剂\"],\"hisProcurementSchedulesList[0].catPackage\":[\"10片/盒\"],\"hisProcurementSchedulesList[0].catUnitLabel\":[\"盒\"],\"hisProcurementSchedulesList[0].pschPrice\":[\"10\"],\"hisProcurementSchedulesList[0].pschNumber\":[\"111\"],\"btSelectAll\":[\"\"],\"btSelectItem\":[\"\"]}', '{\"msg\":\"操作成功\",\"code\":0}', '0', null, '2024-05-11 21:30:39', '15');
INSERT INTO `sys_oper_log` VALUES ('311', '字典数据', '2', 'com.ruoyi.project.system.dict.controller.DictDataController.editSave()', 'POST', '1', 'admin', '办公室', '/system/dict/data/edit', '127.0.0.1', '内网IP', '{\"dictCode\":[\"122\"],\"dictLabel\":[\"已作废\"],\"dictValue\":[\"2\"],\"dictType\":[\"doc_plans_status\"],\"cssClass\":[\"\"],\"dictSort\":[\"3\"],\"listClass\":[\"warning\"],\"isDefault\":[\"N\"],\"status\":[\"0\"],\"remark\":[\"\"]}', '{\"msg\":\"操作成功\",\"code\":0}', '0', null, '2024-05-11 21:30:55', '15');
INSERT INTO `sys_oper_log` VALUES ('312', '字典数据', '2', 'com.ruoyi.project.system.dict.controller.DictDataController.editSave()', 'POST', '1', 'admin', '办公室', '/system/dict/data/edit', '127.0.0.1', '内网IP', '{\"dictCode\":[\"122\"],\"dictLabel\":[\"已作废\"],\"dictValue\":[\"2\"],\"dictType\":[\"doc_plans_status\"],\"cssClass\":[\"\"],\"dictSort\":[\"3\"],\"listClass\":[\"default\"],\"isDefault\":[\"N\"],\"status\":[\"0\"],\"remark\":[\"\"]}', '{\"msg\":\"操作成功\",\"code\":0}', '0', null, '2024-05-11 21:31:01', '11');
INSERT INTO `sys_oper_log` VALUES ('313', '字典数据', '2', 'com.ruoyi.project.system.dict.controller.DictDataController.editSave()', 'POST', '1', 'admin', '办公室', '/system/dict/data/edit', '127.0.0.1', '内网IP', '{\"dictCode\":[\"122\"],\"dictLabel\":[\"已作废\"],\"dictValue\":[\"2\"],\"dictType\":[\"doc_plans_status\"],\"cssClass\":[\"\"],\"dictSort\":[\"3\"],\"listClass\":[\"info\"],\"isDefault\":[\"N\"],\"status\":[\"0\"],\"remark\":[\"\"]}', '{\"msg\":\"操作成功\",\"code\":0}', '0', null, '2024-05-11 21:31:15', '10');
INSERT INTO `sys_oper_log` VALUES ('314', '采购计划单', '2', 'com.ruoyi.project.his.plans.controller.HisProcurementPlansController.editSave()', 'POST', '1', 'admin', '办公室', '/his/plans/edit', '127.0.0.1', '内网IP', '{\"prcpId\":[\"4\"],\"userId\":[\"1\"],\"prcpDocNum\":[\"CGJH-240510001\"],\"userName\":[\"龙头\"],\"prcpPurDate\":[\"2024-05-14\"],\"prcpArvDate\":[\"2024-05-21\"],\"prcpStatus\":[\"1\"],\"index\":[\"1\",\"2\",\"3\",\"4\",\"5\"],\"hisProcurementSchedulesList[0].catName\":[\"硫酸氢氯吡格雷片\"],\"hisProcurementSchedulesList[0].catId\":[\"47\"],\"hisProcurementSchedulesList[0].catEnglishName\":[\"Clopidogrel Bisulfate Tablets\"],\"hisProcurementSchedulesList[0].catSpecs\":[\"75mg\"],\"hisProcurementSchedulesList[0].catDosageFormLabel\":[\"片剂\"],\"hisProcurementSchedulesList[0].catPackage\":[\"7片/盒\"],\"hisProcurementSchedulesList[0].catUnitLabel\":[\"盒\"],\"hisProcurementSchedulesList[0].pschPrice\":[\"20\"],\"hisProcurementSchedulesList[0].pschNumber\":[\"400\"],\"hisProcurementSchedulesList[1].catName\":[\"头孢克肟胶囊\"],\"hisProcurementSchedulesList[1].catId\":[\"54\"],\"hisProcurementSchedulesList[1].catEnglishName\":[\"Cefixime Capsules\"],\"hisProcurementSchedulesList[1].catSpecs\":[\"100mg\"],\"hisProcurementSchedulesList[1].catDosageFormLabel\":[\"胶囊剂\"],\"hisProcurementSchedulesList[1].catPackage\":[\"6粒/盒\"],\"hisProcurementSchedulesList[1].catUnitLabel\":[\"盒\"],\"hisProcurementSchedulesList[1].pschPrice\":[\"50\"],\"hisProcurementSchedulesList[1].pschNumber\":[\"400\"],\"hisProcurementSchedulesList[2].catName\":[\"维生素C片\"],\"hisProcurementSchedulesList[2].catId\":[\"41\"],\"hisProcurementSchedulesList[2].catEnglishName\":[\"Vitamin C Tablets\"],\"hisProcurementSchedulesList[2].catSpecs\":[\"0.1g\"],\"hisProcurementSchedulesList[2].catDosageFormLabel\":[\"片剂\"],\"hisProcurementSchedulesList[2].catPackage\":[\"100片/瓶\"],\"hisProcurementSchedulesList[2].catUnitLabel\":[\"瓶\"],\"hisProcurementSchedulesList[2].pschPrice\":[\"40\"],\"hisProcurementSchedulesList[2].pschNumber\":[\"4004\"],\"hisProcurementSchedulesList[3].catName\":[\"阿司匹林肠溶片\"],\"hisProcurementSchedulesList[3].catId\":[\"33\"],\"hisProcurementSchedulesList[3].catEnglishName\":[\"Aspirin Enteric-coated Tablets\"],\"hisProcurementSchedulesList[3].catSpecs\":[\"50mg\"],\"hisProcurementSchedulesList[3].catDosageFormLabel\":[\"片剂\"],\"hisProcurementSchedulesList[3].catPackage\":[\"2', '{\"msg\":\"操作成功\",\"code\":0}', '0', null, '2024-05-12 10:57:32', '133');
INSERT INTO `sys_oper_log` VALUES ('315', '采购计划单', '2', 'com.ruoyi.project.his.plans.controller.HisProcurementPlansController.editSave()', 'POST', '1', 'admin', '办公室', '/his/plans/edit', '127.0.0.1', '内网IP', '{\"prcpId\":[\"4\"],\"userId\":[\"1\"],\"prcpDocNum\":[\"CGJH-240510001\"],\"userName\":[\"龙头\"],\"prcpPurDate\":[\"2024-05-14\"],\"prcpArvDate\":[\"2024-05-21\"],\"prcpStatus\":[\"0\"],\"index\":[\"1\",\"2\",\"3\",\"4\",\"5\"],\"hisProcurementSchedulesList[0].catName\":[\"硫酸氢氯吡格雷片\"],\"hisProcurementSchedulesList[0].catId\":[\"47\"],\"hisProcurementSchedulesList[0].catEnglishName\":[\"Clopidogrel Bisulfate Tablets\"],\"hisProcurementSchedulesList[0].catSpecs\":[\"75mg\"],\"hisProcurementSchedulesList[0].catDosageFormLabel\":[\"片剂\"],\"hisProcurementSchedulesList[0].catPackage\":[\"7片/盒\"],\"hisProcurementSchedulesList[0].catUnitLabel\":[\"盒\"],\"hisProcurementSchedulesList[0].pschPrice\":[\"20\"],\"hisProcurementSchedulesList[0].pschNumber\":[\"400\"],\"hisProcurementSchedulesList[1].catName\":[\"头孢克肟胶囊\"],\"hisProcurementSchedulesList[1].catId\":[\"54\"],\"hisProcurementSchedulesList[1].catEnglishName\":[\"Cefixime Capsules\"],\"hisProcurementSchedulesList[1].catSpecs\":[\"100mg\"],\"hisProcurementSchedulesList[1].catDosageFormLabel\":[\"胶囊剂\"],\"hisProcurementSchedulesList[1].catPackage\":[\"6粒/盒\"],\"hisProcurementSchedulesList[1].catUnitLabel\":[\"盒\"],\"hisProcurementSchedulesList[1].pschPrice\":[\"50\"],\"hisProcurementSchedulesList[1].pschNumber\":[\"400\"],\"hisProcurementSchedulesList[2].catName\":[\"维生素C片\"],\"hisProcurementSchedulesList[2].catId\":[\"41\"],\"hisProcurementSchedulesList[2].catEnglishName\":[\"Vitamin C Tablets\"],\"hisProcurementSchedulesList[2].catSpecs\":[\"0.1g\"],\"hisProcurementSchedulesList[2].catDosageFormLabel\":[\"片剂\"],\"hisProcurementSchedulesList[2].catPackage\":[\"100片/瓶\"],\"hisProcurementSchedulesList[2].catUnitLabel\":[\"瓶\"],\"hisProcurementSchedulesList[2].pschPrice\":[\"40\"],\"hisProcurementSchedulesList[2].pschNumber\":[\"4004\"],\"hisProcurementSchedulesList[3].catName\":[\"阿司匹林肠溶片\"],\"hisProcurementSchedulesList[3].catId\":[\"33\"],\"hisProcurementSchedulesList[3].catEnglishName\":[\"Aspirin Enteric-coated Tablets\"],\"hisProcurementSchedulesList[3].catSpecs\":[\"50mg\"],\"hisProcurementSchedulesList[3].catDosageFormLabel\":[\"片剂\"],\"hisProcurementSchedulesList[3].catPackage\":[\"2', '{\"msg\":\"操作成功\",\"code\":0}', '0', null, '2024-05-12 10:58:15', '23');
INSERT INTO `sys_oper_log` VALUES ('316', '采购计划单', '2', 'com.ruoyi.project.his.plans.controller.HisProcurementPlansController.editSave()', 'POST', '1', 'admin', '办公室', '/his/plans/edit', '127.0.0.1', '内网IP', '{\"prcpId\":[\"4\"],\"userId\":[\"1\"],\"prcpDocNum\":[\"CGJH-240510001\"],\"userName\":[\"龙头\"],\"prcpPurDate\":[\"2024-05-14\"],\"prcpArvDate\":[\"2024-05-21\"],\"prcpStatus\":[\"0\"],\"index\":[\"1\",\"2\",\"3\",\"4\",\"5\"],\"hisProcurementSchedulesList[0].catName\":[\"硫酸氢氯吡格雷片\"],\"hisProcurementSchedulesList[0].catId\":[\"47\"],\"hisProcurementSchedulesList[0].catEnglishName\":[\"Clopidogrel Bisulfate Tablets\"],\"hisProcurementSchedulesList[0].catSpecs\":[\"75mg\"],\"hisProcurementSchedulesList[0].catDosageFormLabel\":[\"片剂\"],\"hisProcurementSchedulesList[0].catPackage\":[\"7片/盒\"],\"hisProcurementSchedulesList[0].catUnitLabel\":[\"盒\"],\"hisProcurementSchedulesList[0].pschPrice\":[\"20\"],\"hisProcurementSchedulesList[0].pschNumber\":[\"400\"],\"hisProcurementSchedulesList[1].catName\":[\"头孢克肟胶囊\"],\"hisProcurementSchedulesList[1].catId\":[\"54\"],\"hisProcurementSchedulesList[1].catEnglishName\":[\"Cefixime Capsules\"],\"hisProcurementSchedulesList[1].catSpecs\":[\"100mg\"],\"hisProcurementSchedulesList[1].catDosageFormLabel\":[\"胶囊剂\"],\"hisProcurementSchedulesList[1].catPackage\":[\"6粒/盒\"],\"hisProcurementSchedulesList[1].catUnitLabel\":[\"盒\"],\"hisProcurementSchedulesList[1].pschPrice\":[\"50\"],\"hisProcurementSchedulesList[1].pschNumber\":[\"400\"],\"hisProcurementSchedulesList[2].catName\":[\"维生素C片\"],\"hisProcurementSchedulesList[2].catId\":[\"41\"],\"hisProcurementSchedulesList[2].catEnglishName\":[\"Vitamin C Tablets\"],\"hisProcurementSchedulesList[2].catSpecs\":[\"0.1g\"],\"hisProcurementSchedulesList[2].catDosageFormLabel\":[\"片剂\"],\"hisProcurementSchedulesList[2].catPackage\":[\"100片/瓶\"],\"hisProcurementSchedulesList[2].catUnitLabel\":[\"瓶\"],\"hisProcurementSchedulesList[2].pschPrice\":[\"40\"],\"hisProcurementSchedulesList[2].pschNumber\":[\"4004\"],\"hisProcurementSchedulesList[3].catName\":[\"阿司匹林肠溶片\"],\"hisProcurementSchedulesList[3].catId\":[\"33\"],\"hisProcurementSchedulesList[3].catEnglishName\":[\"Aspirin Enteric-coated Tablets\"],\"hisProcurementSchedulesList[3].catSpecs\":[\"50mg\"],\"hisProcurementSchedulesList[3].catDosageFormLabel\":[\"片剂\"],\"hisProcurementSchedulesList[3].catPackage\":[\"2', '{\"msg\":\"操作成功\",\"code\":0}', '0', null, '2024-05-12 10:58:21', '19');
INSERT INTO `sys_oper_log` VALUES ('317', '采购计划单', '2', 'com.ruoyi.project.his.plans.controller.HisProcurementPlansController.editSave()', 'POST', '1', 'admin', '办公室', '/his/plans/edit', '127.0.0.1', '内网IP', '{\"prcpId\":[\"4\"],\"userId\":[\"1\"],\"prcpDocNum\":[\"CGJH-240510001\"],\"userName\":[\"龙头\"],\"prcpPurDate\":[\"2024-05-14\"],\"prcpArvDate\":[\"2024-05-21\"],\"prcpStatus\":[\"1\"],\"index\":[\"1\",\"2\",\"3\",\"4\",\"5\"],\"hisProcurementSchedulesList[0].catName\":[\"硫酸氢氯吡格雷片\"],\"hisProcurementSchedulesList[0].catId\":[\"47\"],\"hisProcurementSchedulesList[0].catEnglishName\":[\"Clopidogrel Bisulfate Tablets\"],\"hisProcurementSchedulesList[0].catSpecs\":[\"75mg\"],\"hisProcurementSchedulesList[0].catDosageFormLabel\":[\"片剂\"],\"hisProcurementSchedulesList[0].catPackage\":[\"7片/盒\"],\"hisProcurementSchedulesList[0].catUnitLabel\":[\"盒\"],\"hisProcurementSchedulesList[0].pschPrice\":[\"20\"],\"hisProcurementSchedulesList[0].pschNumber\":[\"400\"],\"hisProcurementSchedulesList[1].catName\":[\"头孢克肟胶囊\"],\"hisProcurementSchedulesList[1].catId\":[\"54\"],\"hisProcurementSchedulesList[1].catEnglishName\":[\"Cefixime Capsules\"],\"hisProcurementSchedulesList[1].catSpecs\":[\"100mg\"],\"hisProcurementSchedulesList[1].catDosageFormLabel\":[\"胶囊剂\"],\"hisProcurementSchedulesList[1].catPackage\":[\"6粒/盒\"],\"hisProcurementSchedulesList[1].catUnitLabel\":[\"盒\"],\"hisProcurementSchedulesList[1].pschPrice\":[\"50\"],\"hisProcurementSchedulesList[1].pschNumber\":[\"400\"],\"hisProcurementSchedulesList[2].catName\":[\"维生素C片\"],\"hisProcurementSchedulesList[2].catId\":[\"41\"],\"hisProcurementSchedulesList[2].catEnglishName\":[\"Vitamin C Tablets\"],\"hisProcurementSchedulesList[2].catSpecs\":[\"0.1g\"],\"hisProcurementSchedulesList[2].catDosageFormLabel\":[\"片剂\"],\"hisProcurementSchedulesList[2].catPackage\":[\"100片/瓶\"],\"hisProcurementSchedulesList[2].catUnitLabel\":[\"瓶\"],\"hisProcurementSchedulesList[2].pschPrice\":[\"40\"],\"hisProcurementSchedulesList[2].pschNumber\":[\"4004\"],\"hisProcurementSchedulesList[3].catName\":[\"阿司匹林肠溶片\"],\"hisProcurementSchedulesList[3].catId\":[\"33\"],\"hisProcurementSchedulesList[3].catEnglishName\":[\"Aspirin Enteric-coated Tablets\"],\"hisProcurementSchedulesList[3].catSpecs\":[\"50mg\"],\"hisProcurementSchedulesList[3].catDosageFormLabel\":[\"片剂\"],\"hisProcurementSchedulesList[3].catPackage\":[\"2', '{\"msg\":\"操作成功\",\"code\":0}', '0', null, '2024-05-12 10:58:36', '17');
INSERT INTO `sys_oper_log` VALUES ('318', '采购订单', '1', 'com.ruoyi.project.his.purchase.controller.HisPurchaseOrdersController.addSave()', 'POST', '1', 'admin', '办公室', '/his/purchase/add', '127.0.0.1', '内网IP', '{\"purDocNum\":[\"CGDD-240512\"],\"splId\":[\"2\"],\"splName\":[\"华康药品供应公司\"],\"purDate\":[\"2024-05-12\"],\"purArrDate\":[\"\"],\"purPayDate\":[\"\"],\"purStatus\":[\"0\"],\"index\":[\"1\",\"1\",\"2\",\"2\",\"1\",\"2\",\"3\",\"3\",\"1\",\"2\"],\"hisProcurementSchedulesList[0].catName\":[\"阿司匹林肠溶片\",\"布洛芬片\",\"阿奇霉素片\"],\"hisOrdersSchedulesList[0].catId\":[\"33\",\"32\",\"40\"],\"hisProcurementSchedulesList[0].catEnglishName\":[\"Aspirin Enteric-coated Tablets\",\"Ibuprofen Tablets\",\"Azithromycin Tablets\"],\"hisProcurementSchedulesList[0].catSpecs\":[\"50mg\",\"0.1g\",\"0.25g\"],\"hisProcurementSchedulesList[0].catDosageFormLabel\":[\"片剂\",\"片剂\",\"片剂\"],\"hisProcurementSchedulesList[0].catPackage\":[\"24片/盒\",\"10片/盒\",\"6片/盒\"],\"hisProcurementSchedulesList[0].catUnitLabel\":[\"盒\",\"盒\",\"盒\"],\"hisOrdersSchedulesList[0].order_sch_price\":[\"10\",\"10\",\"60\"],\"hisOrdersSchedulesList[0].pschNumber\":[\"100\",\"100\",\"500\"],\"hisProcurementSchedulesList[1].catName\":[\"布洛芬片\",\"甲硝唑片\",\"多潘立酮片\"],\"hisOrdersSchedulesList[1].catId\":[\"32\",\"46\",\"61\"],\"hisProcurementSchedulesList[1].catEnglishName\":[\"Ibuprofen Tablets\",\"Metronidazole Tablets\",\"Domperidone Tablets\"],\"hisProcurementSchedulesList[1].catSpecs\":[\"0.1g\",\"0.2g\",\"10mg\"],\"hisProcurementSchedulesList[1].catDosageFormLabel\":[\"片剂\",\"片剂\",\"片剂\"],\"hisProcurementSchedulesList[1].catPackage\":[\"10片/盒\",\"20片/盒\",\"30片/瓶\"],\"hisProcurementSchedulesList[1].catUnitLabel\":[\"盒\",\"盒\",\"瓶\"],\"hisOrdersSchedulesList[1].order_sch_price\":[\"11\",\"10\",\"10\"],\"hisOrdersSchedulesList[1].pschNumber\":[\"100\",\"100\",\"500\"],\"hisProcurementSchedulesList[2].catName\":[\"罗红霉素片\"],\"hisOrdersSchedulesList[2].catId\":[\"53\"],\"hisProcurementSchedulesList[2].catEnglishName\":[\"Roxithromycin Tablets\"],\"hisProcurementSchedulesList[2].catSpecs\":[\"150mg\"],\"hisProcurementSchedulesList[2].catDosageFormLabel\":[\"片剂\"],\"hisProcurementSchedulesList[2].catPackage\":[\"12片/板×1板/盒\"],\"hisProcurementSchedulesList[2].catUnitLabel\":[\"盒\"],\"hisOrdersSchedulesList[2].order_sch_price\":[\"20\"],\"hisOrdersSchedulesList[2].pschNumber\":[\"200\"],\"btSelectAll\":[\"\"],\"btSelectItem\":[\"\"]}', null, '1', '\r\n### Error updating database.  Cause: java.sql.SQLException: Field \'user_id\' doesn\'t have a default value\r\n### The error may exist in file [D:\\Files\\JavaWeb\\RuoYi-fast-master\\target\\classes\\mybatis\\his\\HisPurchaseOrdersMapper.xml]\r\n### The error may involve com.ruoyi.project.his.purchase.mapper.HisPurchaseOrdersMapper.insertHisPurchaseOrders-Inline\r\n### The error occurred while setting parameters\r\n### SQL: insert into his_purchase_orders          ( spl_id,                          pur_doc_num,             pur_date,                                       pur_status )           values ( ?,                          ?,             ?,                                       ? )\r\n### Cause: java.sql.SQLException: Field \'user_id\' doesn\'t have a default value\n; Field \'user_id\' doesn\'t have a default value; nested exception is java.sql.SQLException: Field \'user_id\' doesn\'t have a default value', '2024-05-12 17:39:36', '86788');
INSERT INTO `sys_oper_log` VALUES ('319', '采购订单', '1', 'com.ruoyi.project.his.purchase.controller.HisPurchaseOrdersController.addSave()', 'POST', '1', 'admin', '办公室', '/his/purchase/add', '127.0.0.1', '内网IP', '{\"purDocNum\":[\"CGDD-240512\"],\"splId\":[\"2\"],\"splName\":[\"华康药品供应公司\"],\"purDate\":[\"2024-05-12\"],\"purArrDate\":[\"2024-05-16\"],\"purPayDate\":[\"2024-05-30\"],\"purStatus\":[\"0\"],\"index\":[\"1\",\"1\",\"2\",\"3\"],\"hisProcurementSchedulesList[0].catName\":[\"布洛芬片\"],\"hisOrdersSchedulesList[0].catId\":[\"32\"],\"hisProcurementSchedulesList[0].catEnglishName\":[\"Ibuprofen Tablets\"],\"hisProcurementSchedulesList[0].catSpecs\":[\"0.1g\"],\"hisProcurementSchedulesList[0].catDosageFormLabel\":[\"片剂\"],\"hisProcurementSchedulesList[0].catPackage\":[\"10片/盒\"],\"hisProcurementSchedulesList[0].catUnitLabel\":[\"盒\"],\"hisOrdersSchedulesList[0].order_sch_price\":[\"10\"],\"hisOrdersSchedulesList[0].pschNumber\":[\"100\"],\"hisProcurementSchedulesList[1].catName\":[\"甲硝唑片\"],\"hisOrdersSchedulesList[1].catId\":[\"46\"],\"hisProcurementSchedulesList[1].catEnglishName\":[\"Metronidazole Tablets\"],\"hisProcurementSchedulesList[1].catSpecs\":[\"0.2g\"],\"hisProcurementSchedulesList[1].catDosageFormLabel\":[\"片剂\"],\"hisProcurementSchedulesList[1].catPackage\":[\"20片/盒\"],\"hisProcurementSchedulesList[1].catUnitLabel\":[\"盒\"],\"hisOrdersSchedulesList[1].order_sch_price\":[\"10\"],\"hisOrdersSchedulesList[1].pschNumber\":[\"100\"],\"hisProcurementSchedulesList[2].catName\":[\"罗红霉素片\"],\"hisOrdersSchedulesList[2].catId\":[\"53\"],\"hisProcurementSchedulesList[2].catEnglishName\":[\"Roxithromycin Tablets\"],\"hisProcurementSchedulesList[2].catSpecs\":[\"150mg\"],\"hisProcurementSchedulesList[2].catDosageFormLabel\":[\"片剂\"],\"hisProcurementSchedulesList[2].catPackage\":[\"12片/板×1板/盒\"],\"hisProcurementSchedulesList[2].catUnitLabel\":[\"盒\"],\"hisOrdersSchedulesList[2].order_sch_price\":[\"20\"],\"hisOrdersSchedulesList[2].pschNumber\":[\"200\"],\"btSelectAll\":[\"\"],\"btSelectItem\":[\"\"]}', null, '1', '\r\n### Error updating database.  Cause: java.sql.SQLException: Field \'user_id\' doesn\'t have a default value\r\n### The error may exist in file [D:\\Files\\JavaWeb\\RuoYi-fast-master\\target\\classes\\mybatis\\his\\HisPurchaseOrdersMapper.xml]\r\n### The error may involve com.ruoyi.project.his.purchase.mapper.HisPurchaseOrdersMapper.insertHisPurchaseOrders-Inline\r\n### The error occurred while setting parameters\r\n### SQL: insert into his_purchase_orders          ( spl_id,                          pur_doc_num,             pur_date,             pur_arr_date,             pur_pay_date,             pur_status )           values ( ?,                          ?,             ?,             ?,             ?,             ? )\r\n### Cause: java.sql.SQLException: Field \'user_id\' doesn\'t have a default value\n; Field \'user_id\' doesn\'t have a default value; nested exception is java.sql.SQLException: Field \'user_id\' doesn\'t have a default value', '2024-05-12 17:49:48', '28607');
INSERT INTO `sys_oper_log` VALUES ('320', '采购订单', '1', 'com.ruoyi.project.his.purchase.controller.HisPurchaseOrdersController.addSave()', 'POST', '1', 'admin', '办公室', '/his/purchase/add', '127.0.0.1', '内网IP', '{\"purDocNum\":[\"CGDD-240512\"],\"splName\":[\"康宁药业有限公司\"],\"purDate\":[\"2024-05-12\"],\"purArrDate\":[\"2024-05-24\"],\"purPayDate\":[\"2024-05-20\"],\"purStatus\":[\"0\"],\"index\":[\"1\",\"1\",\"2\"],\"hisProcurementSchedulesList[0].catName\":[\"阿司匹林肠溶片\"],\"hisOrdersSchedulesList[0].catId\":[\"33\"],\"hisProcurementSchedulesList[0].catEnglishName\":[\"Aspirin Enteric-coated Tablets\"],\"hisProcurementSchedulesList[0].catSpecs\":[\"50mg\"],\"hisProcurementSchedulesList[0].catDosageFormLabel\":[\"片剂\"],\"hisProcurementSchedulesList[0].catPackage\":[\"24片/盒\"],\"hisProcurementSchedulesList[0].catUnitLabel\":[\"盒\"],\"hisOrdersSchedulesList[0].order_sch_price\":[\"10\"],\"hisOrdersSchedulesList[0].pschNumber\":[\"100\"],\"hisProcurementSchedulesList[1].catName\":[\"布洛芬片\"],\"hisOrdersSchedulesList[1].catId\":[\"32\"],\"hisProcurementSchedulesList[1].catEnglishName\":[\"Ibuprofen Tablets\"],\"hisProcurementSchedulesList[1].catSpecs\":[\"0.1g\"],\"hisProcurementSchedulesList[1].catDosageFormLabel\":[\"片剂\"],\"hisProcurementSchedulesList[1].catPackage\":[\"10片/盒\"],\"hisProcurementSchedulesList[1].catUnitLabel\":[\"盒\"],\"hisOrdersSchedulesList[1].order_sch_price\":[\"11\"],\"hisOrdersSchedulesList[1].pschNumber\":[\"100\"],\"btSelectAll\":[\"\"],\"btSelectItem\":[\"\"]}', null, '1', '\r\n### Error updating database.  Cause: java.sql.SQLException: Field \'spl_id\' doesn\'t have a default value\r\n### The error may exist in file [D:\\Files\\JavaWeb\\RuoYi-fast-master\\target\\classes\\mybatis\\his\\HisPurchaseOrdersMapper.xml]\r\n### The error may involve com.ruoyi.project.his.purchase.mapper.HisPurchaseOrdersMapper.insertHisPurchaseOrders-Inline\r\n### The error occurred while setting parameters\r\n### SQL: insert into his_purchase_orders          ( pur_doc_num,             pur_date,             pur_arr_date,             pur_pay_date,             pur_status )           values ( ?,             ?,             ?,             ?,             ? )\r\n### Cause: java.sql.SQLException: Field \'spl_id\' doesn\'t have a default value\n; Field \'spl_id\' doesn\'t have a default value; nested exception is java.sql.SQLException: Field \'spl_id\' doesn\'t have a default value', '2024-05-12 17:52:33', '31706');
INSERT INTO `sys_oper_log` VALUES ('321', '采购订单', '1', 'com.ruoyi.project.his.purchase.controller.HisPurchaseOrdersController.addSave()', 'POST', '1', 'admin', '办公室', '/his/purchase/add', '127.0.0.1', '内网IP', '{\"purDocNum\":[\"CGDD-240512\"],\"splId\":[\"4\"],\"splName\":[\"瑞康药品集团\"],\"purDate\":[\"2024-05-12\"],\"purArrDate\":[\"\"],\"purPayDate\":[\"\"],\"purStatus\":[\"0\"],\"index\":[\"1\",\"1\",\"2\"],\"hisProcurementSchedulesList[0].catName\":[\"阿司匹林肠溶片\"],\"hisOrdersSchedulesList[0].catId\":[\"33\"],\"hisProcurementSchedulesList[0].catEnglishName\":[\"Aspirin Enteric-coated Tablets\"],\"hisProcurementSchedulesList[0].catSpecs\":[\"50mg\"],\"hisProcurementSchedulesList[0].catDosageFormLabel\":[\"片剂\"],\"hisProcurementSchedulesList[0].catPackage\":[\"24片/盒\"],\"hisProcurementSchedulesList[0].catUnitLabel\":[\"盒\"],\"hisOrdersSchedulesList[0].order_sch_price\":[\"10\"],\"hisOrdersSchedulesList[0].pschNumber\":[\"100\"],\"hisProcurementSchedulesList[1].catName\":[\"布洛芬片\"],\"hisOrdersSchedulesList[1].catId\":[\"32\"],\"hisProcurementSchedulesList[1].catEnglishName\":[\"Ibuprofen Tablets\"],\"hisProcurementSchedulesList[1].catSpecs\":[\"0.1g\"],\"hisProcurementSchedulesList[1].catDosageFormLabel\":[\"片剂\"],\"hisProcurementSchedulesList[1].catPackage\":[\"10片/盒\"],\"hisProcurementSchedulesList[1].catUnitLabel\":[\"盒\"],\"hisOrdersSchedulesList[1].order_sch_price\":[\"11\"],\"hisOrdersSchedulesList[1].pschNumber\":[\"100\"],\"btSelectAll\":[\"\"],\"btSelectItem\":[\"\"]}', null, '1', '\r\n### Error updating database.  Cause: java.sql.SQLException: Field \'user_id\' doesn\'t have a default value\r\n### The error may exist in file [D:\\Files\\JavaWeb\\RuoYi-fast-master\\target\\classes\\mybatis\\his\\HisPurchaseOrdersMapper.xml]\r\n### The error may involve com.ruoyi.project.his.purchase.mapper.HisPurchaseOrdersMapper.insertHisPurchaseOrders-Inline\r\n### The error occurred while setting parameters\r\n### SQL: insert into his_purchase_orders          ( spl_id,                          pur_doc_num,             pur_date,                                       pur_status )           values ( ?,                          ?,             ?,                                       ? )\r\n### Cause: java.sql.SQLException: Field \'user_id\' doesn\'t have a default value\n; Field \'user_id\' doesn\'t have a default value; nested exception is java.sql.SQLException: Field \'user_id\' doesn\'t have a default value', '2024-05-12 17:59:03', '12225');
INSERT INTO `sys_oper_log` VALUES ('322', '采购订单', '1', 'com.ruoyi.project.his.purchase.controller.HisPurchaseOrdersController.addSave()', 'POST', '1', 'admin', '办公室', '/his/purchase/add', '127.0.0.1', '内网IP', '{\"purDocNum\":[\"CGDD-240512\"],\"splId\":[\"6\"],\"splName\":[\"益康药品配送中心\"],\"purDate\":[\"2024-05-12\"],\"purArrDate\":[\"2024-05-14\"],\"purPayDate\":[\"2024-05-22\"],\"purStatus\":[\"0\"],\"index\":[\"1\",\"1\",\"2\",\"3\"],\"hisProcurementSchedulesList[0].catName\":[\"布洛芬片\"],\"hisOrdersSchedulesList[0].catId\":[\"32\"],\"hisProcurementSchedulesList[0].catEnglishName\":[\"Ibuprofen Tablets\"],\"hisProcurementSchedulesList[0].catSpecs\":[\"0.1g\"],\"hisProcurementSchedulesList[0].catDosageFormLabel\":[\"片剂\"],\"hisProcurementSchedulesList[0].catPackage\":[\"10片/盒\"],\"hisProcurementSchedulesList[0].catUnitLabel\":[\"盒\"],\"hisOrdersSchedulesList[0].order_sch_price\":[\"10\"],\"hisOrdersSchedulesList[0].pschNumber\":[\"100\"],\"hisProcurementSchedulesList[1].catName\":[\"甲硝唑片\"],\"hisOrdersSchedulesList[1].catId\":[\"46\"],\"hisProcurementSchedulesList[1].catEnglishName\":[\"Metronidazole Tablets\"],\"hisProcurementSchedulesList[1].catSpecs\":[\"0.2g\"],\"hisProcurementSchedulesList[1].catDosageFormLabel\":[\"片剂\"],\"hisProcurementSchedulesList[1].catPackage\":[\"20片/盒\"],\"hisProcurementSchedulesList[1].catUnitLabel\":[\"盒\"],\"hisOrdersSchedulesList[1].order_sch_price\":[\"10\"],\"hisOrdersSchedulesList[1].pschNumber\":[\"100\"],\"hisProcurementSchedulesList[2].catName\":[\"罗红霉素片\"],\"hisOrdersSchedulesList[2].catId\":[\"53\"],\"hisProcurementSchedulesList[2].catEnglishName\":[\"Roxithromycin Tablets\"],\"hisProcurementSchedulesList[2].catSpecs\":[\"150mg\"],\"hisProcurementSchedulesList[2].catDosageFormLabel\":[\"片剂\"],\"hisProcurementSchedulesList[2].catPackage\":[\"12片/板×1板/盒\"],\"hisProcurementSchedulesList[2].catUnitLabel\":[\"盒\"],\"hisOrdersSchedulesList[2].order_sch_price\":[\"20\"],\"hisOrdersSchedulesList[2].pschNumber\":[\"200\"],\"btSelectAll\":[\"\"],\"btSelectItem\":[\"\"]}', null, '1', '\r\n### Error updating database.  Cause: java.sql.SQLIntegrityConstraintViolationException: Column \'order_sch_number\' cannot be null\r\n### The error may exist in file [D:\\Files\\JavaWeb\\RuoYi-fast-master\\target\\classes\\mybatis\\his\\HisPurchaseOrdersMapper.xml]\r\n### The error may involve defaultParameterMap\r\n### The error occurred while setting parameters\r\n### SQL: insert into his_orders_schedules( order_sch_id, pur_id, cat_id, order_sch_number) values                  ( ?, ?, ?, ?)          ,              ( ?, ?, ?, ?)          ,              ( ?, ?, ?, ?)\r\n### Cause: java.sql.SQLIntegrityConstraintViolationException: Column \'order_sch_number\' cannot be null\n; Column \'order_sch_number\' cannot be null; nested exception is java.sql.SQLIntegrityConstraintViolationException: Column \'order_sch_number\' cannot be null', '2024-05-12 17:59:44', '30');
INSERT INTO `sys_oper_log` VALUES ('323', '采购订单', '1', 'com.ruoyi.project.his.purchase.controller.HisPurchaseOrdersController.addSave()', 'POST', '1', 'admin', '办公室', '/his/purchase/add', '127.0.0.1', '内网IP', '{\"purDocNum\":[\"CGDD-240512\"],\"splId\":[\"4\"],\"splName\":[\"瑞康药品集团\"],\"purDate\":[\"2024-05-12\"],\"purArrDate\":[\"2024-05-24\"],\"purPayDate\":[\"2024-05-21\"],\"purStatus\":[\"0\"],\"index\":[\"1\",\"1\",\"2\"],\"hisProcurementSchedulesList[0].catName\":[\"阿司匹林肠溶片\"],\"hisOrdersSchedulesList[0].catId\":[\"33\"],\"hisProcurementSchedulesList[0].catEnglishName\":[\"Aspirin Enteric-coated Tablets\"],\"hisProcurementSchedulesList[0].catSpecs\":[\"50mg\"],\"hisProcurementSchedulesList[0].catDosageFormLabel\":[\"片剂\"],\"hisProcurementSchedulesList[0].catPackage\":[\"24片/盒\"],\"hisProcurementSchedulesList[0].catUnitLabel\":[\"盒\"],\"hisOrdersSchedulesList[0].orderSchPrice\":[\"10\"],\"hisOrdersSchedulesList[0].orderSchNumber\":[\"100\"],\"hisProcurementSchedulesList[1].catName\":[\"布洛芬片\"],\"hisOrdersSchedulesList[1].catId\":[\"32\"],\"hisProcurementSchedulesList[1].catEnglishName\":[\"Ibuprofen Tablets\"],\"hisProcurementSchedulesList[1].catSpecs\":[\"0.1g\"],\"hisProcurementSchedulesList[1].catDosageFormLabel\":[\"片剂\"],\"hisProcurementSchedulesList[1].catPackage\":[\"10片/盒\"],\"hisProcurementSchedulesList[1].catUnitLabel\":[\"盒\"],\"hisOrdersSchedulesList[1].orderSchPrice\":[\"11\"],\"hisOrdersSchedulesList[1].orderSchNumber\":[\"100\"],\"btSelectAll\":[\"\"],\"btSelectItem\":[\"\"]}', null, '1', '\r\n### Error updating database.  Cause: java.sql.SQLSyntaxErrorException: Unknown column \'oeder_sch_price\' in \'field list\'\r\n### The error may exist in file [D:\\Files\\JavaWeb\\RuoYi-fast-master\\target\\classes\\mybatis\\his\\HisPurchaseOrdersMapper.xml]\r\n### The error may involve defaultParameterMap\r\n### The error occurred while setting parameters\r\n### SQL: insert into his_orders_schedules( order_sch_id, pur_id, cat_id, order_sch_number, oeder_sch_price) values                  ( ?, ?, ?, ?, ?)          ,              ( ?, ?, ?, ?, ?)\r\n### Cause: java.sql.SQLSyntaxErrorException: Unknown column \'oeder_sch_price\' in \'field list\'\n; bad SQL grammar []; nested exception is java.sql.SQLSyntaxErrorException: Unknown column \'oeder_sch_price\' in \'field list\'', '2024-05-12 18:16:49', '46465');
INSERT INTO `sys_oper_log` VALUES ('324', '采购订单', '1', 'com.ruoyi.project.his.purchase.controller.HisPurchaseOrdersController.addSave()', 'POST', '1', 'admin', '办公室', '/his/purchase/add', '127.0.0.1', '内网IP', '{\"purDocNum\":[\"CGDD-240512\"],\"splId\":[\"4\"],\"splName\":[\"瑞康药品集团\"],\"purDate\":[\"2024-05-12\"],\"purArrDate\":[\"2024-05-28\"],\"purPayDate\":[\"2024-05-16\"],\"purStatus\":[\"0\"],\"index\":[\"1\",\"1\",\"2\"],\"hisProcurementSchedulesList[0].catName\":[\"阿司匹林肠溶片\"],\"hisOrdersSchedulesList[0].catId\":[\"33\"],\"hisProcurementSchedulesList[0].catEnglishName\":[\"Aspirin Enteric-coated Tablets\"],\"hisProcurementSchedulesList[0].catSpecs\":[\"50mg\"],\"hisProcurementSchedulesList[0].catDosageFormLabel\":[\"片剂\"],\"hisProcurementSchedulesList[0].catPackage\":[\"24片/盒\"],\"hisProcurementSchedulesList[0].catUnitLabel\":[\"盒\"],\"hisOrdersSchedulesList[0].orderSchPrice\":[\"10\"],\"hisOrdersSchedulesList[0].orderSchNumber\":[\"100\"],\"hisProcurementSchedulesList[1].catName\":[\"布洛芬片\"],\"hisOrdersSchedulesList[1].catId\":[\"32\"],\"hisProcurementSchedulesList[1].catEnglishName\":[\"Ibuprofen Tablets\"],\"hisProcurementSchedulesList[1].catSpecs\":[\"0.1g\"],\"hisProcurementSchedulesList[1].catDosageFormLabel\":[\"片剂\"],\"hisProcurementSchedulesList[1].catPackage\":[\"10片/盒\"],\"hisProcurementSchedulesList[1].catUnitLabel\":[\"盒\"],\"hisOrdersSchedulesList[1].orderSchPrice\":[\"11\"],\"hisOrdersSchedulesList[1].orderSchNumber\":[\"100\"],\"btSelectAll\":[\"\"],\"btSelectItem\":[\"\"]}', '{\"msg\":\"操作成功\",\"code\":0}', '0', null, '2024-05-12 18:17:36', '15');
INSERT INTO `sys_oper_log` VALUES ('325', '采购订单', '2', 'com.ruoyi.project.his.purchase.controller.HisPurchaseOrdersController.editSave()', 'POST', '1', 'admin', '办公室', '/his/purchase/edit', '127.0.0.1', '内网IP', '{\"purId\":[\"3\"],\"splId\":[\"4\"],\"userId\":[\"1\"],\"purDocNum\":[\"CGDD-240512001\"],\"purDate\":[\"2024-05-12\"],\"purArrDate\":[\"2024-05-28\"],\"purPayDate\":[\"2024-05-16\"],\"purStatus\":[\"0\"],\"index\":[\"1\",\"2\"],\"hisOrdersSchedulesList[0].catId\":[\"33\"],\"hisOrdersSchedulesList[0].orderSchNumber\":[\"100\"],\"hisOrdersSchedulesList[1].catId\":[\"32\"],\"hisOrdersSchedulesList[1].orderSchNumber\":[\"100\"],\"btSelectAll\":[\"\"],\"btSelectItem\":[\"\"]}', '{\"msg\":\"操作成功\",\"code\":0}', '0', null, '2024-05-12 18:17:58', '15');
INSERT INTO `sys_oper_log` VALUES ('326', '采购计划单', '2', 'com.ruoyi.project.his.plans.controller.HisProcurementPlansController.editSave()', 'POST', '1', 'admin', '办公室', '/his/plans/edit', '127.0.0.1', '内网IP', '{\"prcpId\":[\"3\"],\"userId\":[\"1\"],\"prcpDocNum\":[\"CGJH-240509003\"],\"userName\":[\"龙头\"],\"prcpPurDate\":[\"2024-05-10\"],\"prcpArvDate\":[\"2024-05-17\"],\"prcpStatus\":[\"0\"],\"index\":[\"1\"],\"hisProcurementSchedulesList[0].catName\":[\"布洛芬片\"],\"hisProcurementSchedulesList[0].catId\":[\"32\"],\"hisProcurementSchedulesList[0].catEnglishName\":[\"Ibuprofen Tablets\"],\"hisProcurementSchedulesList[0].catSpecs\":[\"0.1g\"],\"hisProcurementSchedulesList[0].catDosageFormLabel\":[\"片剂\"],\"hisProcurementSchedulesList[0].catPackage\":[\"10片/盒\"],\"hisProcurementSchedulesList[0].catUnitLabel\":[\"盒\"],\"hisProcurementSchedulesList[0].pschPrice\":[\"10\"],\"hisProcurementSchedulesList[0].pschNumber\":[\"111\"],\"btSelectAll\":[\"\"],\"btSelectItem\":[\"\"]}', '{\"msg\":\"操作成功\",\"code\":0}', '0', null, '2024-05-12 18:23:36', '20');
INSERT INTO `sys_oper_log` VALUES ('327', '采购计划单', '2', 'com.ruoyi.project.his.plans.controller.HisProcurementPlansController.editSave()', 'POST', '1', 'admin', '办公室', '/his/plans/edit', '127.0.0.1', '内网IP', '{\"prcpId\":[\"4\"],\"userId\":[\"1\"],\"prcpDocNum\":[\"CGJH-240510001\"],\"userName\":[\"龙头\"],\"prcpPurDate\":[\"2024-05-14\"],\"prcpArvDate\":[\"2024-05-21\"],\"prcpStatus\":[\"0\"],\"index\":[\"1\",\"2\",\"3\",\"4\",\"5\"],\"hisProcurementSchedulesList[0].catName\":[\"硫酸氢氯吡格雷片\"],\"hisProcurementSchedulesList[0].catId\":[\"47\"],\"hisProcurementSchedulesList[0].catEnglishName\":[\"Clopidogrel Bisulfate Tablets\"],\"hisProcurementSchedulesList[0].catSpecs\":[\"75mg\"],\"hisProcurementSchedulesList[0].catDosageFormLabel\":[\"片剂\"],\"hisProcurementSchedulesList[0].catPackage\":[\"7片/盒\"],\"hisProcurementSchedulesList[0].catUnitLabel\":[\"盒\"],\"hisProcurementSchedulesList[0].pschPrice\":[\"20\"],\"hisProcurementSchedulesList[0].pschNumber\":[\"400\"],\"hisProcurementSchedulesList[1].catName\":[\"头孢克肟胶囊\"],\"hisProcurementSchedulesList[1].catId\":[\"54\"],\"hisProcurementSchedulesList[1].catEnglishName\":[\"Cefixime Capsules\"],\"hisProcurementSchedulesList[1].catSpecs\":[\"100mg\"],\"hisProcurementSchedulesList[1].catDosageFormLabel\":[\"胶囊剂\"],\"hisProcurementSchedulesList[1].catPackage\":[\"6粒/盒\"],\"hisProcurementSchedulesList[1].catUnitLabel\":[\"盒\"],\"hisProcurementSchedulesList[1].pschPrice\":[\"50\"],\"hisProcurementSchedulesList[1].pschNumber\":[\"400\"],\"hisProcurementSchedulesList[2].catName\":[\"维生素C片\"],\"hisProcurementSchedulesList[2].catId\":[\"41\"],\"hisProcurementSchedulesList[2].catEnglishName\":[\"Vitamin C Tablets\"],\"hisProcurementSchedulesList[2].catSpecs\":[\"0.1g\"],\"hisProcurementSchedulesList[2].catDosageFormLabel\":[\"片剂\"],\"hisProcurementSchedulesList[2].catPackage\":[\"100片/瓶\"],\"hisProcurementSchedulesList[2].catUnitLabel\":[\"瓶\"],\"hisProcurementSchedulesList[2].pschPrice\":[\"40\"],\"hisProcurementSchedulesList[2].pschNumber\":[\"4004\"],\"hisProcurementSchedulesList[3].catName\":[\"阿司匹林肠溶片\"],\"hisProcurementSchedulesList[3].catId\":[\"33\"],\"hisProcurementSchedulesList[3].catEnglishName\":[\"Aspirin Enteric-coated Tablets\"],\"hisProcurementSchedulesList[3].catSpecs\":[\"50mg\"],\"hisProcurementSchedulesList[3].catDosageFormLabel\":[\"片剂\"],\"hisProcurementSchedulesList[3].catPackage\":[\"2', '{\"msg\":\"操作成功\",\"code\":0}', '0', null, '2024-05-12 18:23:39', '15');
INSERT INTO `sys_oper_log` VALUES ('328', '采购订单', '1', 'com.ruoyi.project.his.purchase.controller.HisPurchaseOrdersController.addSave()', 'POST', '1', 'admin', '办公室', '/his/purchase/add', '127.0.0.1', '内网IP', '{\"purDocNum\":[\"CGDD-240512\"],\"splId\":[\"2\"],\"splName\":[\"华康药品供应公司\"],\"purDate\":[\"2024-05-12\"],\"purArrDate\":[\"2024-05-15\"],\"purPayDate\":[\"2024-05-22\"],\"purStatus\":[\"0\"],\"index\":[\"1\",\"1\",\"2\",\"3\",\"4\",\"5\"],\"hisPurchaseOrdersList[0].prcpDocNum\":[\"CGJH-240510001\"],\"hisProcurementSchedulesList[0].catName\":[\"硫酸氢氯吡格雷片\"],\"hisOrdersSchedulesList[0].catId\":[\"47\"],\"hisProcurementSchedulesList[0].catEnglishName\":[\"Clopidogrel Bisulfate Tablets\"],\"hisProcurementSchedulesList[0].catSpecs\":[\"75mg\"],\"hisProcurementSchedulesList[0].catDosageFormLabel\":[\"片剂\"],\"hisProcurementSchedulesList[0].catPackage\":[\"7片/盒\"],\"hisProcurementSchedulesList[0].catUnitLabel\":[\"盒\"],\"hisOrdersSchedulesList[0].orderSchPrice\":[\"20\"],\"hisOrdersSchedulesList[0].orderSchNumber\":[\"400\"],\"hisProcurementSchedulesList[1].catName\":[\"头孢克肟胶囊\"],\"hisOrdersSchedulesList[1].catId\":[\"54\"],\"hisProcurementSchedulesList[1].catEnglishName\":[\"Cefixime Capsules\"],\"hisProcurementSchedulesList[1].catSpecs\":[\"100mg\"],\"hisProcurementSchedulesList[1].catDosageFormLabel\":[\"胶囊剂\"],\"hisProcurementSchedulesList[1].catPackage\":[\"6粒/盒\"],\"hisProcurementSchedulesList[1].catUnitLabel\":[\"盒\"],\"hisOrdersSchedulesList[1].orderSchPrice\":[\"50\"],\"hisOrdersSchedulesList[1].orderSchNumber\":[\"400\"],\"hisProcurementSchedulesList[2].catName\":[\"维生素C片\"],\"hisOrdersSchedulesList[2].catId\":[\"41\"],\"hisProcurementSchedulesList[2].catEnglishName\":[\"Vitamin C Tablets\"],\"hisProcurementSchedulesList[2].catSpecs\":[\"0.1g\"],\"hisProcurementSchedulesList[2].catDosageFormLabel\":[\"片剂\"],\"hisProcurementSchedulesList[2].catPackage\":[\"100片/瓶\"],\"hisProcurementSchedulesList[2].catUnitLabel\":[\"瓶\"],\"hisOrdersSchedulesList[2].orderSchPrice\":[\"40\"],\"hisOrdersSchedulesList[2].orderSchNumber\":[\"4004\"],\"hisProcurementSchedulesList[3].catName\":[\"阿司匹林肠溶片\"],\"hisOrdersSchedulesList[3].catId\":[\"33\"],\"hisProcurementSchedulesList[3].catEnglishName\":[\"Aspirin Enteric-coated Tablets\"],\"hisProcurementSchedulesList[3].catSpecs\":[\"50mg\"],\"hisProcurementSchedulesList[3].catDosageFormLabel\":[\"片剂\"],\"hisP', '{\"msg\":\"操作成功\",\"code\":0}', '0', null, '2024-05-12 18:39:20', '22');
INSERT INTO `sys_oper_log` VALUES ('329', '采购订单', '2', 'com.ruoyi.project.his.purchase.controller.HisPurchaseOrdersController.editSave()', 'POST', '1', 'admin', '办公室', '/his/purchase/edit', '127.0.0.1', '内网IP', '{\"purId\":[\"4\"],\"splId\":[\"2\"],\"userId\":[\"1\"],\"purDocNum\":[\"CGDD-240512002\"],\"purDate\":[\"2024-05-12\"],\"purArrDate\":[\"2024-05-15\"],\"purPayDate\":[\"2024-05-22\"],\"purStatus\":[\"0\"],\"index\":[\"1\",\"2\",\"3\",\"4\",\"5\"],\"hisOrdersSchedulesList[0].catId\":[\"47\"],\"hisOrdersSchedulesList[0].orderSchNumber\":[\"400\"],\"hisOrdersSchedulesList[1].catId\":[\"54\"],\"hisOrdersSchedulesList[1].orderSchNumber\":[\"400\"],\"hisOrdersSchedulesList[2].catId\":[\"41\"],\"hisOrdersSchedulesList[2].orderSchNumber\":[\"4004\"],\"hisOrdersSchedulesList[3].catId\":[\"33\"],\"hisOrdersSchedulesList[3].orderSchNumber\":[\"4000\"],\"hisOrdersSchedulesList[4].catId\":[\"56\"],\"hisOrdersSchedulesList[4].orderSchNumber\":[\"1000\"],\"btSelectAll\":[\"\"],\"btSelectItem\":[\"\"]}', '{\"msg\":\"操作成功\",\"code\":0}', '0', null, '2024-05-12 18:39:35', '13');
INSERT INTO `sys_oper_log` VALUES ('330', '采购订单', '1', 'com.ruoyi.project.his.purchase.controller.HisPurchaseOrdersController.addSave()', 'POST', '1', 'admin', '办公室', '/his/purchase/add', '127.0.0.1', '内网IP', '{\"purDocNum\":[\"CGDD-240512\"],\"splId\":[\"3\"],\"splName\":[\"泰和药品批发有限公司\"],\"purDate\":[\"2024-05-12\"],\"purArrDate\":[\"2024-05-23\"],\"purPayDate\":[\"2024-05-21\"],\"purStatus\":[\"0\"],\"index\":[\"1\",\"1\",\"2\",\"3\"],\"hisPurchaseOrdersList[0].prcpDocNum\":[\"CGJH-240509002\"],\"hisProcurementSchedulesList[0].catName\":[\"布洛芬片\"],\"hisOrdersSchedulesList[0].catId\":[\"32\"],\"hisProcurementSchedulesList[0].catEnglishName\":[\"Ibuprofen Tablets\"],\"hisProcurementSchedulesList[0].catSpecs\":[\"0.1g\"],\"hisProcurementSchedulesList[0].catDosageFormLabel\":[\"片剂\"],\"hisProcurementSchedulesList[0].catPackage\":[\"10片/盒\"],\"hisProcurementSchedulesList[0].catUnitLabel\":[\"盒\"],\"hisOrdersSchedulesList[0].orderSchPrice\":[\"10\"],\"hisOrdersSchedulesList[0].orderSchNumber\":[\"100\"],\"hisProcurementSchedulesList[1].catName\":[\"甲硝唑片\"],\"hisOrdersSchedulesList[1].catId\":[\"46\"],\"hisProcurementSchedulesList[1].catEnglishName\":[\"Metronidazole Tablets\"],\"hisProcurementSchedulesList[1].catSpecs\":[\"0.2g\"],\"hisProcurementSchedulesList[1].catDosageFormLabel\":[\"片剂\"],\"hisProcurementSchedulesList[1].catPackage\":[\"20片/盒\"],\"hisProcurementSchedulesList[1].catUnitLabel\":[\"盒\"],\"hisOrdersSchedulesList[1].orderSchPrice\":[\"10\"],\"hisOrdersSchedulesList[1].orderSchNumber\":[\"100\"],\"hisProcurementSchedulesList[2].catName\":[\"罗红霉素片\"],\"hisOrdersSchedulesList[2].catId\":[\"53\"],\"hisProcurementSchedulesList[2].catEnglishName\":[\"Roxithromycin Tablets\"],\"hisProcurementSchedulesList[2].catSpecs\":[\"150mg\"],\"hisProcurementSchedulesList[2].catDosageFormLabel\":[\"片剂\"],\"hisProcurementSchedulesList[2].catPackage\":[\"12片/板×1板/盒\"],\"hisProcurementSchedulesList[2].catUnitLabel\":[\"盒\"],\"hisOrdersSchedulesList[2].orderSchPrice\":[\"20\"],\"hisOrdersSchedulesList[2].orderSchNumber\":[\"200\"],\"btSelectAll\":[\"\"],\"btSelectItem\":[\"\"]}', '{\"msg\":\"操作成功\",\"code\":0}', '0', null, '2024-05-12 18:46:22', '23');
INSERT INTO `sys_oper_log` VALUES ('331', '采购计划单状态', '2', 'com.ruoyi.project.his.plans.controller.HisProcurementPlansController.editSaveStatus()', 'POST', '1', 'admin', '办公室', '/his/plans/edit_status', '127.0.0.1', '内网IP', '{\"prcpIdsStr\":[\"1\"],\"prcpStatus\":[\"1\"]}', '{\"msg\":\"操作成功\",\"code\":0}', '0', null, '2024-05-12 19:52:02', '8499');
INSERT INTO `sys_oper_log` VALUES ('332', '采购计划单', '2', 'com.ruoyi.project.his.plans.controller.HisProcurementPlansController.editSave()', 'POST', '1', 'admin', '办公室', '/his/plans/edit', '127.0.0.1', '内网IP', '{\"prcpId\":[\"1\"],\"userId\":[\"1\"],\"prcpDocNum\":[\"CGJH-240509001\"],\"userName\":[\"龙头\"],\"prcpPurDate\":[\"2024-05-11\"],\"prcpArvDate\":[\"2024-05-16\"],\"prcpStatus\":[\"0\"],\"index\":[\"1\",\"2\"],\"hisProcurementSchedulesList[0].catName\":[\"阿司匹林肠溶片\"],\"hisProcurementSchedulesList[0].catId\":[\"33\"],\"hisProcurementSchedulesList[0].catEnglishName\":[\"Aspirin Enteric-coated Tablets\"],\"hisProcurementSchedulesList[0].catSpecs\":[\"50mg\"],\"hisProcurementSchedulesList[0].catDosageFormLabel\":[\"片剂\"],\"hisProcurementSchedulesList[0].catPackage\":[\"24片/盒\"],\"hisProcurementSchedulesList[0].catUnitLabel\":[\"盒\"],\"hisProcurementSchedulesList[0].pschPrice\":[\"10\"],\"hisProcurementSchedulesList[0].pschNumber\":[\"100\"],\"hisProcurementSchedulesList[1].catName\":[\"布洛芬片\"],\"hisProcurementSchedulesList[1].catId\":[\"32\"],\"hisProcurementSchedulesList[1].catEnglishName\":[\"Ibuprofen Tablets\"],\"hisProcurementSchedulesList[1].catSpecs\":[\"0.1g\"],\"hisProcurementSchedulesList[1].catDosageFormLabel\":[\"片剂\"],\"hisProcurementSchedulesList[1].catPackage\":[\"10片/盒\"],\"hisProcurementSchedulesList[1].catUnitLabel\":[\"盒\"],\"hisProcurementSchedulesList[1].pschPrice\":[\"11\"],\"hisProcurementSchedulesList[1].pschNumber\":[\"100\"],\"btSelectAll\":[\"\"],\"btSelectItem\":[\"\"]}', '{\"msg\":\"操作成功\",\"code\":0}', '0', null, '2024-05-12 19:52:22', '16');
INSERT INTO `sys_oper_log` VALUES ('333', '采购计划单', '2', 'com.ruoyi.project.his.plans.controller.HisProcurementPlansController.editSave()', 'POST', '1', 'admin', '办公室', '/his/plans/edit', '127.0.0.1', '内网IP', '{\"prcpId\":[\"6\"],\"userId\":[\"1\"],\"prcpDocNum\":[\"CGJH-240511002\"],\"userName\":[\"龙头\"],\"prcpPurDate\":[\"2024-05-22\"],\"prcpArvDate\":[\"2024-05-31\"],\"prcpStatus\":[\"0\"],\"index\":[\"1\"],\"hisProcurementSchedulesList[0].catName\":[\"对乙酰氨基酚片\"],\"hisProcurementSchedulesList[0].catId\":[\"50\"],\"hisProcurementSchedulesList[0].catEnglishName\":[\"Paracetamol Tablets\"],\"hisProcurementSchedulesList[0].catSpecs\":[\"0.5g\"],\"hisProcurementSchedulesList[0].catDosageFormLabel\":[\"片剂\"],\"hisProcurementSchedulesList[0].catPackage\":[\"10片/板×2板/盒\"],\"hisProcurementSchedulesList[0].catUnitLabel\":[\"盒\"],\"hisProcurementSchedulesList[0].pschPrice\":[\"80\"],\"hisProcurementSchedulesList[0].pschNumber\":[\"70\"],\"btSelectAll\":[\"\"],\"btSelectItem\":[\"\"]}', '{\"msg\":\"操作成功\",\"code\":0}', '0', null, '2024-05-12 19:52:26', '11');
INSERT INTO `sys_oper_log` VALUES ('334', '采购订单', '3', 'com.ruoyi.project.his.purchase.controller.HisPurchaseOrdersController.remove()', 'POST', '1', 'admin', '办公室', '/his/purchase/remove', '127.0.0.1', '内网IP', '{\"ids\":[\"3,4,5\"]}', '{\"msg\":\"操作成功\",\"code\":0}', '0', null, '2024-05-12 19:52:32', '23');
INSERT INTO `sys_oper_log` VALUES ('335', '采购计划单状态', '2', 'com.ruoyi.project.his.plans.controller.HisProcurementPlansController.editSaveStatus()', 'POST', '1', 'admin', '办公室', '/his/plans/edit_status', '127.0.0.1', '内网IP', '{\"prcpIdsStr\":[\"1\"],\"prcpStatus\":[\"1\"]}', '{\"msg\":\"操作成功\",\"code\":0}', '0', null, '2024-05-12 19:53:26', '8');
INSERT INTO `sys_oper_log` VALUES ('336', '采购订单', '1', 'com.ruoyi.project.his.purchase.controller.HisPurchaseOrdersController.addSave()', 'POST', '1', 'admin', '办公室', '/his/purchase/add', '127.0.0.1', '内网IP', '{\"purDocNum\":[\"CGDD-240512\"],\"splId\":[\"2\"],\"splName\":[\"华康药品供应公司\"],\"purDate\":[\"2024-05-12\"],\"purArrDate\":[\"2024-05-21\"],\"purPayDate\":[\"2024-05-15\"],\"purStatus\":[\"0\"],\"index\":[\"1\",\"1\",\"2\"],\"hisPurchaseOrdersList[0].prcpId\":[\"1\"],\"hisProcurementSchedulesList[0].catName\":[\"阿司匹林肠溶片\"],\"hisOrdersSchedulesList[0].catId\":[\"33\"],\"hisProcurementSchedulesList[0].catEnglishName\":[\"Aspirin Enteric-coated Tablets\"],\"hisProcurementSchedulesList[0].catSpecs\":[\"50mg\"],\"hisProcurementSchedulesList[0].catDosageFormLabel\":[\"片剂\"],\"hisProcurementSchedulesList[0].catPackage\":[\"24片/盒\"],\"hisProcurementSchedulesList[0].catUnitLabel\":[\"盒\"],\"hisOrdersSchedulesList[0].orderSchPrice\":[\"10\"],\"hisOrdersSchedulesList[0].orderSchNumber\":[\"100\"],\"hisProcurementSchedulesList[1].catName\":[\"布洛芬片\"],\"hisOrdersSchedulesList[1].catId\":[\"32\"],\"hisProcurementSchedulesList[1].catEnglishName\":[\"Ibuprofen Tablets\"],\"hisProcurementSchedulesList[1].catSpecs\":[\"0.1g\"],\"hisProcurementSchedulesList[1].catDosageFormLabel\":[\"片剂\"],\"hisProcurementSchedulesList[1].catPackage\":[\"10片/盒\"],\"hisProcurementSchedulesList[1].catUnitLabel\":[\"盒\"],\"hisOrdersSchedulesList[1].orderSchPrice\":[\"11\"],\"hisOrdersSchedulesList[1].orderSchNumber\":[\"100\"],\"btSelectAll\":[\"\"],\"btSelectItem\":[\"\"]}', '{\"msg\":\"操作成功\",\"code\":0}', '0', null, '2024-05-12 19:53:26', '28');
INSERT INTO `sys_oper_log` VALUES ('337', '采购计划单状态', '2', 'com.ruoyi.project.his.plans.controller.HisProcurementPlansController.editSaveStatus()', 'POST', '1', 'admin', '办公室', '/his/plans/edit_status', '127.0.0.1', '内网IP', '{\"prcpIdsStr\":[\"2\"],\"prcpStatus\":[\"1\"]}', '{\"msg\":\"操作成功\",\"code\":0}', '0', null, '2024-05-12 19:54:23', '13');
INSERT INTO `sys_oper_log` VALUES ('338', '采购订单', '1', 'com.ruoyi.project.his.purchase.controller.HisPurchaseOrdersController.addSave()', 'POST', '1', 'admin', '办公室', '/his/purchase/add', '127.0.0.1', '内网IP', '{\"purDocNum\":[\"CGDD-240512\"],\"splId\":[\"2\"],\"splName\":[\"华康药品供应公司\"],\"purDate\":[\"2024-05-12\"],\"purArrDate\":[\"2024-05-12\"],\"purPayDate\":[\"2024-05-12\"],\"purStatus\":[\"0\"],\"index\":[\"1\",\"1\",\"2\",\"3\"],\"hisPurchaseOrdersList[0].prcpId\":[\"2\"],\"hisProcurementSchedulesList[0].catName\":[\"布洛芬片\"],\"hisOrdersSchedulesList[0].catId\":[\"32\"],\"hisProcurementSchedulesList[0].catEnglishName\":[\"Ibuprofen Tablets\"],\"hisProcurementSchedulesList[0].catSpecs\":[\"0.1g\"],\"hisProcurementSchedulesList[0].catDosageFormLabel\":[\"片剂\"],\"hisProcurementSchedulesList[0].catPackage\":[\"10片/盒\"],\"hisProcurementSchedulesList[0].catUnitLabel\":[\"盒\"],\"hisOrdersSchedulesList[0].orderSchPrice\":[\"10\"],\"hisOrdersSchedulesList[0].orderSchNumber\":[\"100\"],\"hisProcurementSchedulesList[1].catName\":[\"甲硝唑片\"],\"hisOrdersSchedulesList[1].catId\":[\"46\"],\"hisProcurementSchedulesList[1].catEnglishName\":[\"Metronidazole Tablets\"],\"hisProcurementSchedulesList[1].catSpecs\":[\"0.2g\"],\"hisProcurementSchedulesList[1].catDosageFormLabel\":[\"片剂\"],\"hisProcurementSchedulesList[1].catPackage\":[\"20片/盒\"],\"hisProcurementSchedulesList[1].catUnitLabel\":[\"盒\"],\"hisOrdersSchedulesList[1].orderSchPrice\":[\"10\"],\"hisOrdersSchedulesList[1].orderSchNumber\":[\"100\"],\"hisProcurementSchedulesList[2].catName\":[\"罗红霉素片\"],\"hisOrdersSchedulesList[2].catId\":[\"53\"],\"hisProcurementSchedulesList[2].catEnglishName\":[\"Roxithromycin Tablets\"],\"hisProcurementSchedulesList[2].catSpecs\":[\"150mg\"],\"hisProcurementSchedulesList[2].catDosageFormLabel\":[\"片剂\"],\"hisProcurementSchedulesList[2].catPackage\":[\"12片/板×1板/盒\"],\"hisProcurementSchedulesList[2].catUnitLabel\":[\"盒\"],\"hisOrdersSchedulesList[2].orderSchPrice\":[\"20\"],\"hisOrdersSchedulesList[2].orderSchNumber\":[\"200\"],\"btSelectAll\":[\"\"],\"btSelectItem\":[\"\"]}', '{\"msg\":\"操作成功\",\"code\":0}', '0', null, '2024-05-12 19:54:23', '19');
INSERT INTO `sys_oper_log` VALUES ('339', '采购计划单状态', '2', 'com.ruoyi.project.his.plans.controller.HisProcurementPlansController.editSaveStatus()', 'POST', '1', 'admin', '办公室', '/his/plans/edit_status', '127.0.0.1', '内网IP', '{\"prcpIdsStr\":[\"3\"],\"prcpStatus\":[\"1\"]}', '{\"msg\":\"操作成功\",\"code\":0}', '0', null, '2024-05-12 19:57:32', '14');
INSERT INTO `sys_oper_log` VALUES ('340', '采购订单', '1', 'com.ruoyi.project.his.purchase.controller.HisPurchaseOrdersController.addSave()', 'POST', '1', 'admin', '办公室', '/his/purchase/add', '127.0.0.1', '内网IP', '{\"purDocNum\":[\"CGDD-240512\"],\"splId\":[\"1\"],\"splName\":[\"康宁药业有限公司\"],\"purDate\":[\"2024-05-12\"],\"purArrDate\":[\"\"],\"purPayDate\":[\"\"],\"purStatus\":[\"0\"],\"index\":[\"1\",\"1\"],\"hisPurchaseOrdersList[0].prcpId\":[\"3\"],\"hisProcurementSchedulesList[0].catName\":[\"布洛芬片\"],\"hisOrdersSchedulesList[0].catId\":[\"32\"],\"hisProcurementSchedulesList[0].catEnglishName\":[\"Ibuprofen Tablets\"],\"hisProcurementSchedulesList[0].catSpecs\":[\"0.1g\"],\"hisProcurementSchedulesList[0].catDosageFormLabel\":[\"片剂\"],\"hisProcurementSchedulesList[0].catPackage\":[\"10片/盒\"],\"hisProcurementSchedulesList[0].catUnitLabel\":[\"盒\"],\"hisOrdersSchedulesList[0].orderSchPrice\":[\"10\"],\"hisOrdersSchedulesList[0].orderSchNumber\":[\"111\"],\"btSelectAll\":[\"\"],\"btSelectItem\":[\"\"]}', '{\"msg\":\"操作成功\",\"code\":0}', '0', null, '2024-05-12 19:57:32', '24');
INSERT INTO `sys_oper_log` VALUES ('341', '采购订单', '1', 'com.ruoyi.project.his.purchase.controller.HisPurchaseOrdersController.addSave()', 'POST', '1', 'admin', '办公室', '/his/purchase/add', '127.0.0.1', '内网IP', '{\"purDocNum\":[\"CGDD-240512\"],\"splId\":[\"3\"],\"splName\":[\"泰和药品批发有限公司\"],\"purDate\":[\"2024-05-12\"],\"purArrDate\":[\"\"],\"purPayDate\":[\"\"],\"purStatus\":[\"0\"],\"index\":[\"1\",\"1\",\"2\",\"3\",\"4\",\"5\"],\"hisPurchaseOrdersList[0].prcpId\":[\"4\"],\"hisProcurementSchedulesList[0].catName\":[\"硫酸氢氯吡格雷片\"],\"hisOrdersSchedulesList[0].catId\":[\"47\"],\"hisProcurementSchedulesList[0].catEnglishName\":[\"Clopidogrel Bisulfate Tablets\"],\"hisProcurementSchedulesList[0].catSpecs\":[\"75mg\"],\"hisProcurementSchedulesList[0].catDosageFormLabel\":[\"片剂\"],\"hisProcurementSchedulesList[0].catPackage\":[\"7片/盒\"],\"hisProcurementSchedulesList[0].catUnitLabel\":[\"盒\"],\"hisOrdersSchedulesList[0].orderSchPrice\":[\"20\"],\"hisOrdersSchedulesList[0].orderSchNumber\":[\"400\"],\"hisProcurementSchedulesList[1].catName\":[\"头孢克肟胶囊\"],\"hisOrdersSchedulesList[1].catId\":[\"54\"],\"hisProcurementSchedulesList[1].catEnglishName\":[\"Cefixime Capsules\"],\"hisProcurementSchedulesList[1].catSpecs\":[\"100mg\"],\"hisProcurementSchedulesList[1].catDosageFormLabel\":[\"胶囊剂\"],\"hisProcurementSchedulesList[1].catPackage\":[\"6粒/盒\"],\"hisProcurementSchedulesList[1].catUnitLabel\":[\"盒\"],\"hisOrdersSchedulesList[1].orderSchPrice\":[\"50\"],\"hisOrdersSchedulesList[1].orderSchNumber\":[\"400\"],\"hisProcurementSchedulesList[2].catName\":[\"维生素C片\"],\"hisOrdersSchedulesList[2].catId\":[\"41\"],\"hisProcurementSchedulesList[2].catEnglishName\":[\"Vitamin C Tablets\"],\"hisProcurementSchedulesList[2].catSpecs\":[\"0.1g\"],\"hisProcurementSchedulesList[2].catDosageFormLabel\":[\"片剂\"],\"hisProcurementSchedulesList[2].catPackage\":[\"100片/瓶\"],\"hisProcurementSchedulesList[2].catUnitLabel\":[\"瓶\"],\"hisOrdersSchedulesList[2].orderSchPrice\":[\"40\"],\"hisOrdersSchedulesList[2].orderSchNumber\":[\"4004\"],\"hisProcurementSchedulesList[3].catName\":[\"阿司匹林肠溶片\"],\"hisOrdersSchedulesList[3].catId\":[\"33\"],\"hisProcurementSchedulesList[3].catEnglishName\":[\"Aspirin Enteric-coated Tablets\"],\"hisProcurementSchedulesList[3].catSpecs\":[\"50mg\"],\"hisProcurementSchedulesList[3].catDosageFormLabel\":[\"片剂\"],\"hisProcurementSchedulesList[3].catPacka', '{\"msg\":\"操作成功\",\"code\":0}', '0', null, '2024-05-12 19:59:41', '6801');
INSERT INTO `sys_oper_log` VALUES ('342', '采购计划单状态', '2', 'com.ruoyi.project.his.plans.controller.HisProcurementPlansController.editSaveStatus()', 'POST', '1', 'admin', '办公室', '/his/plans/edit_status', '127.0.0.1', '内网IP', '{\"prcpIdsStr\":[\"4\"],\"prcpStatus\":[\"1\"]}', '{\"msg\":\"操作成功\",\"code\":0}', '0', null, '2024-05-12 19:59:41', '20417');
INSERT INTO `sys_oper_log` VALUES ('343', '采购计划单状态', '2', 'com.ruoyi.project.his.plans.controller.HisProcurementPlansController.editSaveStatus()', 'POST', '1', 'admin', '办公室', '/his/plans/edit_status', '127.0.0.1', '内网IP', '{\"prcpIdsStr\":[\"5\"],\"prcpStatus\":[\"1\"]}', '{\"msg\":\"操作成功\",\"code\":0}', '0', null, '2024-05-12 20:00:47', '22');
INSERT INTO `sys_oper_log` VALUES ('344', '采购订单', '1', 'com.ruoyi.project.his.purchase.controller.HisPurchaseOrdersController.addSave()', 'POST', '1', 'admin', '办公室', '/his/purchase/add', '127.0.0.1', '内网IP', '{\"purDocNum\":[\"CGDD-240512\"],\"splId\":[\"2\"],\"splName\":[\"华康药品供应公司\"],\"purDate\":[\"2024-05-12\"],\"purArrDate\":[\"\"],\"purPayDate\":[\"\"],\"purStatus\":[\"0\"],\"index\":[\"1\",\"1\",\"2\"],\"hisPurchaseOrdersList[0].prcpId\":[\"5\"],\"hisProcurementSchedulesList[0].catName\":[\"阿奇霉素片\"],\"hisOrdersSchedulesList[0].catId\":[\"40\"],\"hisProcurementSchedulesList[0].catEnglishName\":[\"Azithromycin Tablets\"],\"hisProcurementSchedulesList[0].catSpecs\":[\"0.25g\"],\"hisProcurementSchedulesList[0].catDosageFormLabel\":[\"片剂\"],\"hisProcurementSchedulesList[0].catPackage\":[\"6片/盒\"],\"hisProcurementSchedulesList[0].catUnitLabel\":[\"盒\"],\"hisOrdersSchedulesList[0].orderSchPrice\":[\"60\"],\"hisOrdersSchedulesList[0].orderSchNumber\":[\"500\"],\"hisProcurementSchedulesList[1].catName\":[\"多潘立酮片\"],\"hisOrdersSchedulesList[1].catId\":[\"61\"],\"hisProcurementSchedulesList[1].catEnglishName\":[\"Domperidone Tablets\"],\"hisProcurementSchedulesList[1].catSpecs\":[\"10mg\"],\"hisProcurementSchedulesList[1].catDosageFormLabel\":[\"片剂\"],\"hisProcurementSchedulesList[1].catPackage\":[\"30片/瓶\"],\"hisProcurementSchedulesList[1].catUnitLabel\":[\"瓶\"],\"hisOrdersSchedulesList[1].orderSchPrice\":[\"10\"],\"hisOrdersSchedulesList[1].orderSchNumber\":[\"500\"],\"btSelectAll\":[\"\"],\"btSelectItem\":[\"\"]}', '{\"msg\":\"操作成功\",\"code\":0}', '0', null, '2024-05-12 20:00:47', '23');
INSERT INTO `sys_oper_log` VALUES ('345', '采购计划单', '1', 'com.ruoyi.project.his.plans.controller.HisProcurementPlansController.addSave()', 'POST', '1', 'admin', '办公室', '/his/plans/add', '127.0.0.1', '内网IP', '{\"prcpDocNum\":[\"CGJH-240512\"],\"prcpDate\":[\"2024-05-12\"],\"prcpPurDate\":[\"2024-05-12\"],\"prcpArvDate\":[\"2024-05-12\"],\"prcpStatus\":[\"0\"],\"index\":[\"1\",\"2\",\"3\",\"4\"],\"hisProcurementSchedulesList[0].catName\":[\"阿司匹林肠溶片\"],\"hisProcurementSchedulesList[0].catId\":[\"48\"],\"hisProcurementSchedulesList[0].catEnglishName\":[\"Aspirin Enteric-coated Tablets\"],\"hisProcurementSchedulesList[0].catSpecs\":[\"100mg\"],\"hisProcurementSchedulesList[0].catDosageFormLabel\":[\"片剂\"],\"hisProcurementSchedulesList[0].catPackage\":[\"30片/盒\"],\"hisProcurementSchedulesList[0].catUnitLabel\":[\"盒\"],\"hisProcurementSchedulesList[0].pschPrice\":[\"90\"],\"hisProcurementSchedulesList[0].pschNumber\":[\"78\"],\"hisProcurementSchedulesList[1].catName\":[\"头孢克肟胶囊\"],\"hisProcurementSchedulesList[1].catId\":[\"54\"],\"hisProcurementSchedulesList[1].catEnglishName\":[\"Cefixime Capsules\"],\"hisProcurementSchedulesList[1].catSpecs\":[\"100mg\"],\"hisProcurementSchedulesList[1].catDosageFormLabel\":[\"胶囊剂\"],\"hisProcurementSchedulesList[1].catPackage\":[\"6粒/盒\"],\"hisProcurementSchedulesList[1].catUnitLabel\":[\"盒\"],\"hisProcurementSchedulesList[1].pschPrice\":[\"90\"],\"hisProcurementSchedulesList[1].pschNumber\":[\"456\"],\"hisProcurementSchedulesList[2].catName\":[\"甲硝唑片\"],\"hisProcurementSchedulesList[2].catId\":[\"46\"],\"hisProcurementSchedulesList[2].catEnglishName\":[\"Metronidazole Tablets\"],\"hisProcurementSchedulesList[2].catSpecs\":[\"0.2g\"],\"hisProcurementSchedulesList[2].catDosageFormLabel\":[\"片剂\"],\"hisProcurementSchedulesList[2].catPackage\":[\"20片/盒\"],\"hisProcurementSchedulesList[2].catUnitLabel\":[\"盒\"],\"hisProcurementSchedulesList[2].pschPrice\":[\"90\"],\"hisProcurementSchedulesList[2].pschNumber\":[\"67\"],\"hisProcurementSchedulesList[3].catName\":[\"对乙酰氨基酚片\"],\"hisProcurementSchedulesList[3].catId\":[\"37\"],\"hisProcurementSchedulesList[3].catEnglishName\":[\"Paracetamol Tablets\"],\"hisProcurementSchedulesList[3].catSpecs\":[\"0.5g\"],\"hisProcurementSchedulesList[3].catDosageFormLabel\":[\"片剂\"],\"hisProcurementSchedulesList[3].catPackage\":[\"24片/盒\"],\"hisProcurementSchedulesList[3].', '{\"msg\":\"操作成功\",\"code\":0}', '0', null, '2024-05-12 20:32:24', '26');
INSERT INTO `sys_oper_log` VALUES ('346', '采购计划单', '2', 'com.ruoyi.project.his.plans.controller.HisProcurementPlansController.editSave()', 'POST', '1', 'admin', '办公室', '/his/plans/edit', '127.0.0.1', '内网IP', '{\"prcpId\":[\"7\"],\"userId\":[\"1\"],\"prcpDocNum\":[\"CGJH-240512001\"],\"userName\":[\"龙头\"],\"prcpPurDate\":[\"2024-05-12\"],\"prcpArvDate\":[\"2024-05-12\"],\"prcpStatus\":[\"0\"],\"index\":[\"1\",\"2\",\"3\",\"4\"],\"hisProcurementSchedulesList[0].catName\":[\"阿司匹林肠溶片\"],\"hisProcurementSchedulesList[0].catId\":[\"48\"],\"hisProcurementSchedulesList[0].catEnglishName\":[\"Aspirin Enteric-coated Tablets\"],\"hisProcurementSchedulesList[0].catSpecs\":[\"100mg\"],\"hisProcurementSchedulesList[0].catDosageFormLabel\":[\"片剂\"],\"hisProcurementSchedulesList[0].catPackage\":[\"30片/盒\"],\"hisProcurementSchedulesList[0].catUnitLabel\":[\"盒\"],\"hisProcurementSchedulesList[0].pschPrice\":[\"90\"],\"hisProcurementSchedulesList[0].pschNumber\":[\"78\"],\"hisProcurementSchedulesList[1].catName\":[\"头孢克肟胶囊\"],\"hisProcurementSchedulesList[1].catId\":[\"54\"],\"hisProcurementSchedulesList[1].catEnglishName\":[\"Cefixime Capsules\"],\"hisProcurementSchedulesList[1].catSpecs\":[\"100mg\"],\"hisProcurementSchedulesList[1].catDosageFormLabel\":[\"胶囊剂\"],\"hisProcurementSchedulesList[1].catPackage\":[\"6粒/盒\"],\"hisProcurementSchedulesList[1].catUnitLabel\":[\"盒\"],\"hisProcurementSchedulesList[1].pschPrice\":[\"90\"],\"hisProcurementSchedulesList[1].pschNumber\":[\"456\"],\"hisProcurementSchedulesList[2].catName\":[\"甲硝唑片\"],\"hisProcurementSchedulesList[2].catId\":[\"46\"],\"hisProcurementSchedulesList[2].catEnglishName\":[\"Metronidazole Tablets\"],\"hisProcurementSchedulesList[2].catSpecs\":[\"0.2g\"],\"hisProcurementSchedulesList[2].catDosageFormLabel\":[\"片剂\"],\"hisProcurementSchedulesList[2].catPackage\":[\"20片/盒\"],\"hisProcurementSchedulesList[2].catUnitLabel\":[\"盒\"],\"hisProcurementSchedulesList[2].pschPrice\":[\"90\"],\"hisProcurementSchedulesList[2].pschNumber\":[\"67\"],\"hisProcurementSchedulesList[3].catName\":[\"对乙酰氨基酚片\"],\"hisProcurementSchedulesList[3].catId\":[\"37\"],\"hisProcurementSchedulesList[3].catEnglishName\":[\"Paracetamol Tablets\"],\"hisProcurementSchedulesList[3].catSpecs\":[\"0.5g\"],\"hisProcurementSchedulesList[3].catDosageFormLabel\":[\"片剂\"],\"hisProcurementSchedulesList[3].catPackage\":[\"24片/盒\"],\"hisPro', '{\"msg\":\"操作成功\",\"code\":0}', '0', null, '2024-05-12 20:32:48', '23');
INSERT INTO `sys_oper_log` VALUES ('347', '采购计划单状态', '2', 'com.ruoyi.project.his.plans.controller.HisProcurementPlansController.editSaveStatus()', 'POST', '1', 'admin', '办公室', '/his/plans/edit_status', '127.0.0.1', '内网IP', '{\"prcpIdsStr\":[\"7\"],\"prcpStatus\":[\"1\"]}', '{\"msg\":\"操作成功\",\"code\":0}', '0', null, '2024-05-12 20:33:07', '12');
INSERT INTO `sys_oper_log` VALUES ('348', '采购订单', '1', 'com.ruoyi.project.his.purchase.controller.HisPurchaseOrdersController.addSave()', 'POST', '1', 'admin', '办公室', '/his/purchase/add', '127.0.0.1', '内网IP', '{\"purDocNum\":[\"CGDD-240512\"],\"splId\":[\"3\"],\"splName\":[\"泰和药品批发有限公司\"],\"purDate\":[\"2024-05-12\"],\"purArrDate\":[\"2024-05-17\"],\"purPayDate\":[\"2024-05-14\"],\"purStatus\":[\"0\"],\"index\":[\"1\",\"1\",\"2\",\"3\",\"4\"],\"hisPurchaseOrdersList[0].prcpId\":[\"7\"],\"hisProcurementSchedulesList[0].catName\":[\"阿司匹林肠溶片\"],\"hisOrdersSchedulesList[0].catId\":[\"48\"],\"hisProcurementSchedulesList[0].catEnglishName\":[\"Aspirin Enteric-coated Tablets\"],\"hisProcurementSchedulesList[0].catSpecs\":[\"100mg\"],\"hisProcurementSchedulesList[0].catDosageFormLabel\":[\"片剂\"],\"hisProcurementSchedulesList[0].catPackage\":[\"30片/盒\"],\"hisProcurementSchedulesList[0].catUnitLabel\":[\"盒\"],\"hisOrdersSchedulesList[0].orderSchPrice\":[\"90\"],\"hisOrdersSchedulesList[0].orderSchNumber\":[\"78\"],\"hisProcurementSchedulesList[1].catName\":[\"头孢克肟胶囊\"],\"hisOrdersSchedulesList[1].catId\":[\"54\"],\"hisProcurementSchedulesList[1].catEnglishName\":[\"Cefixime Capsules\"],\"hisProcurementSchedulesList[1].catSpecs\":[\"100mg\"],\"hisProcurementSchedulesList[1].catDosageFormLabel\":[\"胶囊剂\"],\"hisProcurementSchedulesList[1].catPackage\":[\"6粒/盒\"],\"hisProcurementSchedulesList[1].catUnitLabel\":[\"盒\"],\"hisOrdersSchedulesList[1].orderSchPrice\":[\"90\"],\"hisOrdersSchedulesList[1].orderSchNumber\":[\"456\"],\"hisProcurementSchedulesList[2].catName\":[\"甲硝唑片\"],\"hisOrdersSchedulesList[2].catId\":[\"46\"],\"hisProcurementSchedulesList[2].catEnglishName\":[\"Metronidazole Tablets\"],\"hisProcurementSchedulesList[2].catSpecs\":[\"0.2g\"],\"hisProcurementSchedulesList[2].catDosageFormLabel\":[\"片剂\"],\"hisProcurementSchedulesList[2].catPackage\":[\"20片/盒\"],\"hisProcurementSchedulesList[2].catUnitLabel\":[\"盒\"],\"hisOrdersSchedulesList[2].orderSchPrice\":[\"90\"],\"hisOrdersSchedulesList[2].orderSchNumber\":[\"67\"],\"hisProcurementSchedulesList[3].catName\":[\"对乙酰氨基酚片\"],\"hisOrdersSchedulesList[3].catId\":[\"37\"],\"hisProcurementSchedulesList[3].catEnglishName\":[\"Paracetamol Tablets\"],\"hisProcurementSchedulesList[3].catSpecs\":[\"0.5g\"],\"hisProcurementSchedulesList[3].catDosageFormLabel\":[\"片剂\"],\"hisProcurementSchedulesList[3].ca', '{\"msg\":\"操作成功\",\"code\":0}', '0', null, '2024-05-12 20:33:07', '21');
INSERT INTO `sys_oper_log` VALUES ('349', '采购订单', '2', 'com.ruoyi.project.his.purchase.controller.HisPurchaseOrdersController.editSave()', 'POST', '1', 'admin', '办公室', '/his/purchase/edit', '127.0.0.1', '内网IP', '{\"purId\":[\"6\"],\"userId\":[\"1\"],\"splId\":[\"9\"],\"purDocNum\":[\"CGDD-240512\"],\"userName\":[\"龙头\"],\"splName\":[\"乐康药业集团\"],\"purDate\":[\"2024-05-12\"],\"purArrDate\":[\"2024-05-21\"],\"purPayDate\":[\"2024-05-15\"],\"purStatus\":[\"0\"],\"index\":[\"1\",\"2\"],\"hisOrdersSchedulesList[0].catName\":[\"阿司匹林肠溶片\"],\"hisOrdersSchedulesList[0].catId\":[\"33\"],\"hisOrdersSchedulesList[0].catEnglishName\":[\"Aspirin Enteric-coated Tablets\"],\"hisOrdersSchedulesList[0].catProducer\":[\"某药业集团股份有限公司\"],\"hisOrdersSchedulesList[0].catSpecs\":[\"50mg\"],\"hisOrdersSchedulesList[0].catDosageFormLabel\":[\"片剂\"],\"hisOrdersSchedulesList[0].catPackage\":[\"24片/盒\"],\"hisOrdersSchedulesList[0].catUnitLabel\":[\"盒\"],\"hisOrdersSchedulesList[0].orderSchPrice\":[\"10\"],\"hisOrdersSchedulesList[0].orderSchNumber\":[\"100\"],\"hisOrdersSchedulesList[1].catName\":[\"布洛芬片\"],\"hisOrdersSchedulesList[1].catId\":[\"32\"],\"hisOrdersSchedulesList[1].catEnglishName\":[\"Ibuprofen Tablets\"],\"hisOrdersSchedulesList[1].catProducer\":[\"某制药有限公司\"],\"hisOrdersSchedulesList[1].catSpecs\":[\"0.1g\"],\"hisOrdersSchedulesList[1].catDosageFormLabel\":[\"片剂\"],\"hisOrdersSchedulesList[1].catPackage\":[\"10片/盒\"],\"hisOrdersSchedulesList[1].catUnitLabel\":[\"盒\"],\"hisOrdersSchedulesList[1].orderSchPrice\":[\"11\"],\"hisOrdersSchedulesList[1].orderSchNumber\":[\"100\"],\"btSelectAll\":[\"\"],\"btSelectItem\":[\"\"]}', '{\"msg\":\"操作成功\",\"code\":0}', '0', null, '2024-05-13 23:30:24', '127');
INSERT INTO `sys_oper_log` VALUES ('350', '采购订单', '2', 'com.ruoyi.project.his.purchase.controller.HisPurchaseOrdersController.editSave()', 'POST', '1', 'admin', '办公室', '/his/purchase/edit', '127.0.0.1', '内网IP', '{\"purId\":[\"6\"],\"userId\":[\"1\"],\"splId\":[\"9\"],\"purDocNum\":[\"CGDD-240512\"],\"userName\":[\"龙头\"],\"splName\":[\"乐康药业集团\"],\"purDate\":[\"2024-05-12\"],\"purArrDate\":[\"2024-05-22\"],\"purPayDate\":[\"2024-05-15\"],\"purStatus\":[\"0\"],\"index\":[\"1\",\"2\"],\"hisOrdersSchedulesList[0].catName\":[\"阿司匹林肠溶片\"],\"hisOrdersSchedulesList[0].catId\":[\"33\"],\"hisOrdersSchedulesList[0].catEnglishName\":[\"Aspirin Enteric-coated Tablets\"],\"hisOrdersSchedulesList[0].catProducer\":[\"某药业集团股份有限公司\"],\"hisOrdersSchedulesList[0].catSpecs\":[\"50mg\"],\"hisOrdersSchedulesList[0].catDosageFormLabel\":[\"片剂\"],\"hisOrdersSchedulesList[0].catPackage\":[\"24片/盒\"],\"hisOrdersSchedulesList[0].catUnitLabel\":[\"盒\"],\"hisOrdersSchedulesList[0].orderSchPrice\":[\"10\"],\"hisOrdersSchedulesList[0].orderSchNumber\":[\"100\"],\"hisOrdersSchedulesList[1].catName\":[\"布洛芬片\"],\"hisOrdersSchedulesList[1].catId\":[\"32\"],\"hisOrdersSchedulesList[1].catEnglishName\":[\"Ibuprofen Tablets\"],\"hisOrdersSchedulesList[1].catProducer\":[\"某制药有限公司\"],\"hisOrdersSchedulesList[1].catSpecs\":[\"0.1g\"],\"hisOrdersSchedulesList[1].catDosageFormLabel\":[\"片剂\"],\"hisOrdersSchedulesList[1].catPackage\":[\"10片/盒\"],\"hisOrdersSchedulesList[1].catUnitLabel\":[\"盒\"],\"hisOrdersSchedulesList[1].orderSchPrice\":[\"11\"],\"hisOrdersSchedulesList[1].orderSchNumber\":[\"100\"],\"btSelectAll\":[\"\"],\"btSelectItem\":[\"\"]}', '{\"msg\":\"操作成功\",\"code\":0}', '0', null, '2024-05-13 23:30:48', '28');
INSERT INTO `sys_oper_log` VALUES ('351', '菜单管理', '1', 'com.ruoyi.project.system.menu.controller.MenuController.addSave()', 'POST', '1', 'admin', '办公室', '/system/menu/add', '127.0.0.1', '内网IP', '{\"parentId\":[\"0\"],\"menuType\":[\"M\"],\"menuName\":[\"门诊\"],\"url\":[\"\"],\"target\":[\"menuItem\"],\"perms\":[\"\"],\"orderNum\":[\"2\"],\"icon\":[\"fa fa-comments\"],\"visible\":[\"0\"],\"isRefresh\":[\"1\"]}', '{\"msg\":\"操作成功\",\"code\":0}', '0', null, '2024-05-13 23:41:39', '27');
INSERT INTO `sys_oper_log` VALUES ('352', '代码生成', '6', 'com.ruoyi.project.tool.gen.controller.GenController.importTableSave()', 'POST', '1', 'admin', '办公室', '/tool/gen/importTable', '127.0.0.1', '内网IP', '{\"tables\":[\"his_prescriptions,his_prescriptions_schedules\"]}', '{\"msg\":\"操作成功\",\"code\":0}', '0', null, '2024-05-13 23:48:49', '134');
INSERT INTO `sys_oper_log` VALUES ('353', '代码生成', '2', 'com.ruoyi.project.tool.gen.controller.GenController.editSave()', 'POST', '1', 'admin', '办公室', '/tool/gen/edit', '127.0.0.1', '内网IP', '{\"tableId\":[\"22\"],\"tableName\":[\"his_prescriptions_schedules\"],\"tableComment\":[\"处方明细表\"],\"className\":[\"HisPrescriptionsSchedules\"],\"functionAuthor\":[\"SteveMMMy\"],\"remark\":[\"\"],\"columns[0].columnId\":[\"146\"],\"columns[0].sort\":[\"1\"],\"columns[0].columnComment\":[\"明细号\"],\"columns[0].javaType\":[\"Long\"],\"columns[0].javaField\":[\"prscSchId\"],\"columns[0].isInsert\":[\"1\"],\"columns[0].queryType\":[\"EQ\"],\"columns[0].htmlType\":[\"input\"],\"columns[0].dictType\":[\"\"],\"columns[1].columnId\":[\"147\"],\"columns[1].sort\":[\"2\"],\"columns[1].columnComment\":[\"处方ID\"],\"columns[1].javaType\":[\"Long\"],\"columns[1].javaField\":[\"prscId\"],\"columns[1].isInsert\":[\"1\"],\"columns[1].isEdit\":[\"1\"],\"columns[1].isList\":[\"1\"],\"columns[1].isQuery\":[\"1\"],\"columns[1].queryType\":[\"EQ\"],\"columns[1].isRequired\":[\"1\"],\"columns[1].htmlType\":[\"input\"],\"columns[1].dictType\":[\"\"],\"columns[2].columnId\":[\"148\"],\"columns[2].sort\":[\"3\"],\"columns[2].columnComment\":[\"药品ID\"],\"columns[2].javaType\":[\"Long\"],\"columns[2].javaField\":[\"catId\"],\"columns[2].isInsert\":[\"1\"],\"columns[2].isEdit\":[\"1\"],\"columns[2].isList\":[\"1\"],\"columns[2].isQuery\":[\"1\"],\"columns[2].queryType\":[\"EQ\"],\"columns[2].htmlType\":[\"input\"],\"columns[2].dictType\":[\"\"],\"columns[3].columnId\":[\"149\"],\"columns[3].sort\":[\"4\"],\"columns[3].columnComment\":[\"数量\"],\"columns[3].javaType\":[\"Long\"],\"columns[3].javaField\":[\"prscSchQuantity\"],\"columns[3].isInsert\":[\"1\"],\"columns[3].isEdit\":[\"1\"],\"columns[3].isList\":[\"1\"],\"columns[3].isQuery\":[\"1\"],\"columns[3].queryType\":[\"EQ\"],\"columns[3].isRequired\":[\"1\"],\"columns[3].htmlType\":[\"input\"],\"columns[3].dictType\":[\"\"],\"columns[4].columnId\":[\"150\"],\"columns[4].sort\":[\"5\"],\"columns[4].columnComment\":[\"用法\"],\"columns[4].javaType\":[\"Long\"],\"columns[4].javaField\":[\"prscSchUsage\"],\"columns[4].isInsert\":[\"1\"],\"columns[4].isEdit\":[\"1\"],\"columns[4].isList\":[\"1\"],\"columns[4].isQuery\":[\"1\"],\"columns[4].queryType\":[\"EQ\"],\"columns[4].htmlType\":[\"input\"],\"columns[4].dictType\":[\"\"],\"columns[5].columnId\":[\"151\"],\"columns[5].sort\":[\"6\"],\"columns[5].columnCommen', '{\"msg\":\"操作成功\",\"code\":0}', '0', null, '2024-05-13 23:53:19', '51');
INSERT INTO `sys_oper_log` VALUES ('354', '患者信息', '3', 'com.ruoyi.project.his.registration.controller.HisPatientsController.remove()', 'POST', '1', 'admin', '办公室', '/his/patients/remove', '127.0.0.1', '内网IP', '{\"ids\":[\"5\"]}', '{\"msg\":\"操作成功\",\"code\":0}', '0', null, '2024-05-14 13:43:27', '27');
INSERT INTO `sys_oper_log` VALUES ('355', '患者信息', '3', 'com.ruoyi.project.his.registration.controller.HisPatientsController.remove()', 'POST', '1', 'admin', '办公室', '/his/patients/remove', '127.0.0.1', '内网IP', '{\"ids\":[\"3,4,6,7,8\"]}', '{\"msg\":\"操作成功\",\"code\":0}', '0', null, '2024-05-14 14:00:47', '20');
INSERT INTO `sys_oper_log` VALUES ('356', '患者信息', '2', 'com.ruoyi.project.his.registration.controller.HisPatientsController.editSave()', 'POST', '1', 'admin', '办公室', '/his/patients/edit', '127.0.0.1', '内网IP', '{\"patientId\":[\"2\"],\"userId\":[\"\"],\"patientName\":[\"钱八\"],\"patientSex\":[\"1\"],\"patientBirthDate\":[\"1972-11-11\"],\"patientAge\":[\"51\"],\"patientIdCardNum\":[\"45098119721111888X\"],\"patientMedCardNum\":[\"\"],\"patientPhoneNum\":[\"213\"],\"index\":[\"1\"],\"hisRegistersList[0].workerId\":[\"\"],\"hisRegistersList[0].regTime\":[\"2024-05-12\"],\"hisRegistersList[0].regPeriod\":[\"0\"],\"hisRegistersList[0].regStatus\":[\"1\"],\"btSelectAll\":[\"\"],\"btSelectItem\":[\"\"]}', null, '1', '\r\n### Error updating database.  Cause: java.sql.SQLIntegrityConstraintViolationException: Column \'user_id\' cannot be null\r\n### The error may exist in file [D:\\Files\\JavaWeb\\RuoYi-fast-master\\target\\classes\\mybatis\\his\\HisPatientsMapper.xml]\r\n### The error may involve defaultParameterMap\r\n### The error occurred while setting parameters\r\n### SQL: insert into his_registers( reg_id, patient_id, user_id, reg_time, reg_period, reg_status) values                        ( ?, ?, ?, ?, ?, ?)\r\n### Cause: java.sql.SQLIntegrityConstraintViolationException: Column \'user_id\' cannot be null\n; Column \'user_id\' cannot be null; nested exception is java.sql.SQLIntegrityConstraintViolationException: Column \'user_id\' cannot be null', '2024-05-14 14:21:10', '34280');
INSERT INTO `sys_oper_log` VALUES ('357', '患者信息', '3', 'com.ruoyi.project.his.registration.controller.HisPatientsController.remove()', 'POST', '1', 'admin', '办公室', '/his/patients/remove', '127.0.0.1', '内网IP', '{\"ids\":[\"9\"]}', '{\"msg\":\"操作成功\",\"code\":0}', '0', null, '2024-05-14 19:11:15', '28');
INSERT INTO `sys_oper_log` VALUES ('358', '菜单管理', '1', 'com.ruoyi.project.system.menu.controller.MenuController.addSave()', 'POST', '1', 'admin', '办公室', '/system/menu/add', '127.0.0.1', '内网IP', '{\"parentId\":[\"2006\"],\"menuType\":[\"C\"],\"menuName\":[\"库存管理\"],\"url\":[\"\"],\"target\":[\"menuItem\"],\"perms\":[\"\"],\"orderNum\":[\"1\"],\"icon\":[\"\"],\"visible\":[\"0\"],\"isRefresh\":[\"1\"]}', '{\"msg\":\"操作成功\",\"code\":0}', '0', null, '2024-05-14 19:50:07', '26');
INSERT INTO `sys_oper_log` VALUES ('359', '菜单管理', '2', 'com.ruoyi.project.system.menu.controller.MenuController.editSave()', 'POST', '1', 'admin', '办公室', '/system/menu/edit', '127.0.0.1', '内网IP', '{\"menuId\":[\"2062\"],\"parentId\":[\"2006\"],\"menuType\":[\"C\"],\"menuName\":[\"库存管理\"],\"url\":[\"/his/inventory\"],\"target\":[\"menuItem\"],\"perms\":[\"\"],\"orderNum\":[\"1\"],\"icon\":[\"#\"],\"visible\":[\"0\"],\"isRefresh\":[\"1\"]}', '{\"msg\":\"操作成功\",\"code\":0}', '0', null, '2024-05-14 19:50:29', '14');
INSERT INTO `sys_oper_log` VALUES ('360', '菜单管理', '2', 'com.ruoyi.project.system.menu.controller.MenuController.editSave()', 'POST', '1', 'admin', '办公室', '/system/menu/edit', '127.0.0.1', '内网IP', '{\"menuId\":[\"2062\"],\"parentId\":[\"2006\"],\"menuType\":[\"C\"],\"menuName\":[\"库存管理\"],\"url\":[\"/his/inventory\"],\"target\":[\"menuItem\"],\"perms\":[\"his:inventory:view\"],\"orderNum\":[\"1\"],\"icon\":[\"#\"],\"visible\":[\"0\"],\"isRefresh\":[\"1\"]}', '{\"msg\":\"操作成功\",\"code\":0}', '0', null, '2024-05-14 19:51:22', '19');
INSERT INTO `sys_oper_log` VALUES ('361', '菜单管理', '3', 'com.ruoyi.project.system.menu.controller.MenuController.remove()', 'GET', '1', 'admin', '办公室', '/system/menu/remove/2062', '127.0.0.1', '内网IP', '2062', '{\"msg\":\"操作成功\",\"code\":0}', '0', null, '2024-05-14 20:02:06', '22');
INSERT INTO `sys_oper_log` VALUES ('362', '代码生成', '2', 'com.ruoyi.project.tool.gen.controller.GenController.editSave()', 'POST', '1', 'admin', '办公室', '/tool/gen/edit', '127.0.0.1', '内网IP', '{\"tableId\":[\"15\"],\"tableName\":[\"his_inventory\"],\"tableComment\":[\"库存信息表\"],\"className\":[\"HisInventory\"],\"functionAuthor\":[\"SteveMMMy\"],\"remark\":[\"\"],\"columns[0].columnId\":[\"99\"],\"columns[0].sort\":[\"1\"],\"columns[0].columnComment\":[\"库存编号\"],\"columns[0].javaType\":[\"Long\"],\"columns[0].javaField\":[\"invId\"],\"columns[0].isInsert\":[\"1\"],\"columns[0].queryType\":[\"EQ\"],\"columns[0].htmlType\":[\"input\"],\"columns[0].dictType\":[\"\"],\"columns[1].columnId\":[\"100\"],\"columns[1].sort\":[\"2\"],\"columns[1].columnComment\":[\"药品ID\"],\"columns[1].javaType\":[\"Long\"],\"columns[1].javaField\":[\"catId\"],\"columns[1].isInsert\":[\"1\"],\"columns[1].isEdit\":[\"1\"],\"columns[1].isList\":[\"1\"],\"columns[1].isQuery\":[\"1\"],\"columns[1].queryType\":[\"EQ\"],\"columns[1].isRequired\":[\"1\"],\"columns[1].htmlType\":[\"input\"],\"columns[1].dictType\":[\"\"],\"columns[2].columnId\":[\"101\"],\"columns[2].sort\":[\"3\"],\"columns[2].columnComment\":[\"生产批号\"],\"columns[2].javaType\":[\"String\"],\"columns[2].javaField\":[\"invBatchNumber\"],\"columns[2].isInsert\":[\"1\"],\"columns[2].isEdit\":[\"1\"],\"columns[2].isList\":[\"1\"],\"columns[2].isQuery\":[\"1\"],\"columns[2].queryType\":[\"EQ\"],\"columns[2].isRequired\":[\"1\"],\"columns[2].htmlType\":[\"input\"],\"columns[2].dictType\":[\"\"],\"columns[3].columnId\":[\"102\"],\"columns[3].sort\":[\"4\"],\"columns[3].columnComment\":[\"库存数量\"],\"columns[3].javaType\":[\"Long\"],\"columns[3].javaField\":[\"invNumber\"],\"columns[3].isInsert\":[\"1\"],\"columns[3].isEdit\":[\"1\"],\"columns[3].isList\":[\"1\"],\"columns[3].isQuery\":[\"1\"],\"columns[3].queryType\":[\"EQ\"],\"columns[3].htmlType\":[\"input\"],\"columns[3].dictType\":[\"\"],\"columns[4].columnId\":[\"103\"],\"columns[4].sort\":[\"5\"],\"columns[4].columnComment\":[\"销售单价\"],\"columns[4].javaType\":[\"Long\"],\"columns[4].javaField\":[\"invUnitPrice\"],\"columns[4].isInsert\":[\"1\"],\"columns[4].isEdit\":[\"1\"],\"columns[4].isList\":[\"1\"],\"columns[4].isQuery\":[\"1\"],\"columns[4].queryType\":[\"EQ\"],\"columns[4].htmlType\":[\"input\"],\"columns[4].dictType\":[\"\"],\"columns[5].columnId\":[\"104\"],\"columns[5].sort\":[\"6\"],\"columns[5].columnComment\":[\"生产日期\"],\"columns[5]', '{\"msg\":\"操作成功\",\"code\":0}', '0', null, '2024-05-14 20:02:20', '38');
INSERT INTO `sys_oper_log` VALUES ('363', '代码生成', '8', 'com.ruoyi.project.tool.gen.controller.GenController.download()', 'GET', '1', 'admin', '办公室', '/tool/gen/download/his_inventory', '127.0.0.1', '内网IP', '\"his_inventory\"', null, '0', null, '2024-05-14 20:02:29', '419');
INSERT INTO `sys_oper_log` VALUES ('364', '库存管理', '1', 'com.ruoyi.project.his.inventory.controller.HisInventoryController.addSave()', 'POST', '1', 'admin', '办公室', '/his/inventory/add', '127.0.0.1', '内网IP', '{\"catId\":[\"32\"],\"invBatchNumber\":[\"202124\"],\"invNumber\":[\"10\"],\"invUnitPrice\":[\"10\"],\"invProdDate\":[\"2024-05-07\"],\"invValidTo\":[\"2024-05-30\"]}', '{\"msg\":\"操作成功\",\"code\":0}', '0', null, '2024-05-14 20:15:53', '75');
INSERT INTO `sys_oper_log` VALUES ('365', '库存管理', '3', 'com.ruoyi.project.his.inventory.controller.HisInventoryController.remove()', 'POST', '1', 'admin', '办公室', '/his/inventory/remove', '127.0.0.1', '内网IP', '{\"ids\":[\"1\"]}', '{\"msg\":\"操作成功\",\"code\":0}', '0', null, '2024-05-14 20:20:07', '23');
INSERT INTO `sys_oper_log` VALUES ('366', '库存管理', '1', 'com.ruoyi.project.his.inventory.controller.HisInventoryController.addSave()', 'POST', '1', 'admin', '办公室', '/his/inventory/add', '127.0.0.1', '内网IP', '{\"catId\":[\"32\"],\"invBatchNumber\":[\"20210303\"],\"invNumber\":[\"100\"],\"invUnitPrice\":[\"35\"],\"invProdDate\":[\"2024-05-08\"],\"invValidTo\":[\"2024-05-31\"]}', '{\"msg\":\"操作成功\",\"code\":0}', '0', null, '2024-05-14 20:34:39', '18');
INSERT INTO `sys_oper_log` VALUES ('367', '代码生成', '3', 'com.ruoyi.project.tool.gen.controller.GenController.remove()', 'POST', '1', 'admin', '办公室', '/tool/gen/remove', '127.0.0.1', '内网IP', '{\"ids\":[\"21,22\"]}', '{\"msg\":\"操作成功\",\"code\":0}', '0', null, '2024-05-14 21:28:28', '29');
INSERT INTO `sys_oper_log` VALUES ('368', '代码生成', '6', 'com.ruoyi.project.tool.gen.controller.GenController.importTableSave()', 'POST', '1', 'admin', '办公室', '/tool/gen/importTable', '127.0.0.1', '内网IP', '{\"tables\":[\"his_entry_schedules,his_warehousing_entry\"]}', '{\"msg\":\"操作成功\",\"code\":0}', '0', null, '2024-05-14 21:28:34', '88');
INSERT INTO `sys_oper_log` VALUES ('369', '代码生成', '2', 'com.ruoyi.project.tool.gen.controller.GenController.editSave()', 'POST', '1', 'admin', '办公室', '/tool/gen/edit', '127.0.0.1', '内网IP', '{\"tableId\":[\"23\"],\"tableName\":[\"his_entry_schedules\"],\"tableComment\":[\"入库单明细表\"],\"className\":[\"HisEntrySchedules\"],\"functionAuthor\":[\"SteveMMMy\"],\"remark\":[\"\"],\"columns[0].columnId\":[\"153\"],\"columns[0].sort\":[\"1\"],\"columns[0].columnComment\":[\"明细号\"],\"columns[0].javaType\":[\"Long\"],\"columns[0].javaField\":[\"entSchId\"],\"columns[0].isInsert\":[\"1\"],\"columns[0].queryType\":[\"EQ\"],\"columns[0].htmlType\":[\"input\"],\"columns[0].dictType\":[\"\"],\"columns[1].columnId\":[\"154\"],\"columns[1].sort\":[\"2\"],\"columns[1].columnComment\":[\"入库单ID\"],\"columns[1].javaType\":[\"Long\"],\"columns[1].javaField\":[\"entId\"],\"columns[1].isInsert\":[\"1\"],\"columns[1].isEdit\":[\"1\"],\"columns[1].isList\":[\"1\"],\"columns[1].isQuery\":[\"1\"],\"columns[1].queryType\":[\"EQ\"],\"columns[1].isRequired\":[\"1\"],\"columns[1].htmlType\":[\"input\"],\"columns[1].dictType\":[\"\"],\"columns[2].columnId\":[\"155\"],\"columns[2].sort\":[\"3\"],\"columns[2].columnComment\":[\"药品ID\"],\"columns[2].javaType\":[\"Long\"],\"columns[2].javaField\":[\"catId\"],\"columns[2].isInsert\":[\"1\"],\"columns[2].isEdit\":[\"1\"],\"columns[2].isList\":[\"1\"],\"columns[2].isQuery\":[\"1\"],\"columns[2].queryType\":[\"EQ\"],\"columns[2].isRequired\":[\"1\"],\"columns[2].htmlType\":[\"input\"],\"columns[2].dictType\":[\"\"],\"columns[3].columnId\":[\"156\"],\"columns[3].sort\":[\"4\"],\"columns[3].columnComment\":[\"生产批号\"],\"columns[3].javaType\":[\"String\"],\"columns[3].javaField\":[\"entSchBatchNumber\"],\"columns[3].isInsert\":[\"1\"],\"columns[3].isEdit\":[\"1\"],\"columns[3].isList\":[\"1\"],\"columns[3].isQuery\":[\"1\"],\"columns[3].queryType\":[\"EQ\"],\"columns[3].htmlType\":[\"input\"],\"columns[3].dictType\":[\"\"],\"columns[4].columnId\":[\"157\"],\"columns[4].sort\":[\"5\"],\"columns[4].columnComment\":[\"生产日期\"],\"columns[4].javaType\":[\"Date\"],\"columns[4].javaField\":[\"entSchProdDate\"],\"columns[4].isInsert\":[\"1\"],\"columns[4].isEdit\":[\"1\"],\"columns[4].isList\":[\"1\"],\"columns[4].isQuery\":[\"1\"],\"columns[4].queryType\":[\"EQ\"],\"columns[4].htmlType\":[\"datetime\"],\"columns[4].dictType\":[\"\"],\"columns[5].columnId\":[\"158\"],\"columns[5].sort\":[\"6\"],\"columns[5].columnComment\":', '{\"msg\":\"操作成功\",\"code\":0}', '0', null, '2024-05-14 21:29:06', '31');
INSERT INTO `sys_oper_log` VALUES ('370', '代码生成', '2', 'com.ruoyi.project.tool.gen.controller.GenController.editSave()', 'POST', '1', 'admin', '办公室', '/tool/gen/edit', '127.0.0.1', '内网IP', '{\"tableId\":[\"24\"],\"tableName\":[\"his_warehousing_entry\"],\"tableComment\":[\"入库单表\"],\"className\":[\"HisWarehousingEntry\"],\"functionAuthor\":[\"SteveMMMy\"],\"remark\":[\"\"],\"columns[0].columnId\":[\"160\"],\"columns[0].sort\":[\"1\"],\"columns[0].columnComment\":[\"入库单ID\"],\"columns[0].javaType\":[\"Long\"],\"columns[0].javaField\":[\"entId\"],\"columns[0].isInsert\":[\"1\"],\"columns[0].queryType\":[\"EQ\"],\"columns[0].htmlType\":[\"input\"],\"columns[0].dictType\":[\"\"],\"columns[1].columnId\":[\"161\"],\"columns[1].sort\":[\"2\"],\"columns[1].columnComment\":[\"制单人ID\"],\"columns[1].javaType\":[\"Long\"],\"columns[1].javaField\":[\"userId\"],\"columns[1].isInsert\":[\"1\"],\"columns[1].isEdit\":[\"1\"],\"columns[1].isList\":[\"1\"],\"columns[1].isQuery\":[\"1\"],\"columns[1].queryType\":[\"EQ\"],\"columns[1].isRequired\":[\"1\"],\"columns[1].htmlType\":[\"input\"],\"columns[1].dictType\":[\"\"],\"columns[2].columnId\":[\"162\"],\"columns[2].sort\":[\"3\"],\"columns[2].columnComment\":[\"入库单据号\"],\"columns[2].javaType\":[\"String\"],\"columns[2].javaField\":[\"entDocNum\"],\"columns[2].isInsert\":[\"1\"],\"columns[2].isEdit\":[\"1\"],\"columns[2].isList\":[\"1\"],\"columns[2].isQuery\":[\"1\"],\"columns[2].queryType\":[\"EQ\"],\"columns[2].htmlType\":[\"input\"],\"columns[2].dictType\":[\"\"],\"columns[3].columnId\":[\"163\"],\"columns[3].sort\":[\"4\"],\"columns[3].columnComment\":[\"入库日期\"],\"columns[3].javaType\":[\"Date\"],\"columns[3].javaField\":[\"entDate\"],\"columns[3].isInsert\":[\"1\"],\"columns[3].isEdit\":[\"1\"],\"columns[3].isList\":[\"1\"],\"columns[3].isQuery\":[\"1\"],\"columns[3].queryType\":[\"EQ\"],\"columns[3].htmlType\":[\"datetime\"],\"columns[3].dictType\":[\"\"],\"tplCategory\":[\"sub\"],\"packageName\":[\"com.ruoyi.project.his\"],\"moduleName\":[\"his\"],\"businessName\":[\"entry\"],\"functionName\":[\"入库单\"],\"params[parentMenuId]\":[\"2006\"],\"params[parentMenuName]\":[\"药房\"],\"genType\":[\"0\"],\"genPath\":[\"/\"],\"subTableName\":[\"his_entry_schedules\"],\"subTableFkName\":[\"ent_id\"],\"params[treeCode]\":[\"\"],\"params[treeParentCode]\":[\"\"],\"params[treeName]\":[\"\"]}', '{\"msg\":\"操作成功\",\"code\":0}', '0', null, '2024-05-14 21:30:23', '25');
INSERT INTO `sys_oper_log` VALUES ('371', '代码生成', '2', 'com.ruoyi.project.tool.gen.controller.GenController.editSave()', 'POST', '1', 'admin', '办公室', '/tool/gen/edit', '127.0.0.1', '内网IP', '{\"tableId\":[\"24\"],\"tableName\":[\"his_warehousing_entry\"],\"tableComment\":[\"入库单表\"],\"className\":[\"HisWarehousingEntry\"],\"functionAuthor\":[\"SteveMMMy\"],\"remark\":[\"\"],\"columns[0].columnId\":[\"160\"],\"columns[0].sort\":[\"1\"],\"columns[0].columnComment\":[\"入库单ID\"],\"columns[0].javaType\":[\"Long\"],\"columns[0].javaField\":[\"entId\"],\"columns[0].isInsert\":[\"1\"],\"columns[0].queryType\":[\"EQ\"],\"columns[0].htmlType\":[\"input\"],\"columns[0].dictType\":[\"\"],\"columns[1].columnId\":[\"161\"],\"columns[1].sort\":[\"2\"],\"columns[1].columnComment\":[\"制单人ID\"],\"columns[1].javaType\":[\"Long\"],\"columns[1].javaField\":[\"userId\"],\"columns[1].isInsert\":[\"1\"],\"columns[1].isEdit\":[\"1\"],\"columns[1].isList\":[\"1\"],\"columns[1].isQuery\":[\"1\"],\"columns[1].queryType\":[\"EQ\"],\"columns[1].isRequired\":[\"1\"],\"columns[1].htmlType\":[\"input\"],\"columns[1].dictType\":[\"\"],\"columns[2].columnId\":[\"162\"],\"columns[2].sort\":[\"3\"],\"columns[2].columnComment\":[\"入库单据号\"],\"columns[2].javaType\":[\"String\"],\"columns[2].javaField\":[\"entDocNum\"],\"columns[2].isInsert\":[\"1\"],\"columns[2].isEdit\":[\"1\"],\"columns[2].isList\":[\"1\"],\"columns[2].isQuery\":[\"1\"],\"columns[2].queryType\":[\"EQ\"],\"columns[2].htmlType\":[\"input\"],\"columns[2].dictType\":[\"\"],\"columns[3].columnId\":[\"163\"],\"columns[3].sort\":[\"4\"],\"columns[3].columnComment\":[\"入库日期\"],\"columns[3].javaType\":[\"Date\"],\"columns[3].javaField\":[\"entDate\"],\"columns[3].isInsert\":[\"1\"],\"columns[3].isEdit\":[\"1\"],\"columns[3].isList\":[\"1\"],\"columns[3].isQuery\":[\"1\"],\"columns[3].queryType\":[\"EQ\"],\"columns[3].htmlType\":[\"datetime\"],\"columns[3].dictType\":[\"\"],\"tplCategory\":[\"sub\"],\"packageName\":[\"com.ruoyi.project.his\"],\"moduleName\":[\"his\"],\"businessName\":[\"entry\"],\"functionName\":[\"入库单\"],\"params[parentMenuId]\":[\"2006\"],\"params[parentMenuName]\":[\"药房\"],\"genType\":[\"0\"],\"genPath\":[\"/\"],\"subTableName\":[\"his_entry_schedules\"],\"subTableFkName\":[\"ent_id\"],\"params[treeCode]\":[\"\"],\"params[treeParentCode]\":[\"\"],\"params[treeName]\":[\"\"]}', '{\"msg\":\"操作成功\",\"code\":0}', '0', null, '2024-05-14 21:31:01', '27');
INSERT INTO `sys_oper_log` VALUES ('372', '代码生成', '8', 'com.ruoyi.project.tool.gen.controller.GenController.download()', 'GET', '1', 'admin', '办公室', '/tool/gen/download/his_warehousing_entry', '127.0.0.1', '内网IP', '\"his_warehousing_entry\"', null, '0', null, '2024-05-14 21:31:04', '299');
INSERT INTO `sys_oper_log` VALUES ('373', '菜单管理', '2', 'com.ruoyi.project.system.menu.controller.MenuController.editSave()', 'POST', '1', 'admin', '办公室', '/system/menu/edit', '127.0.0.1', '内网IP', '{\"menuId\":[\"2069\"],\"parentId\":[\"2006\"],\"menuType\":[\"C\"],\"menuName\":[\"入库管理\"],\"url\":[\"/his/entry\"],\"target\":[\"menuItem\"],\"perms\":[\"his:entry:view\"],\"orderNum\":[\"1\"],\"icon\":[\"#\"],\"visible\":[\"0\"],\"isRefresh\":[\"1\"]}', '{\"msg\":\"操作成功\",\"code\":0}', '0', null, '2024-05-14 21:34:20', '28');
INSERT INTO `sys_oper_log` VALUES ('374', '采购订单', '2', 'com.ruoyi.project.his.purchase.controller.HisPurchaseOrdersController.editSave()', 'POST', '1', 'admin', '办公室', '/his/purchase/edit', '127.0.0.1', '内网IP', '{\"purId\":[\"6\"],\"userId\":[\"1\"],\"splId\":[\"9\"],\"purDocNum\":[\"CGDD-240512\"],\"userName\":[\"龙头\"],\"splName\":[\"乐康药业集团\"],\"purDate\":[\"2024-05-12\"],\"purArrDate\":[\"2024-05-22\"],\"purPayDate\":[\"2024-05-15\"],\"purStatus\":[\"1\"],\"index\":[\"1\",\"2\"],\"hisOrdersSchedulesList[0].catName\":[\"阿司匹林肠溶片\"],\"hisOrdersSchedulesList[0].catId\":[\"33\"],\"hisOrdersSchedulesList[0].catEnglishName\":[\"Aspirin Enteric-coated Tablets\"],\"hisOrdersSchedulesList[0].catProducer\":[\"某药业集团股份有限公司\"],\"hisOrdersSchedulesList[0].catSpecs\":[\"50mg\"],\"hisOrdersSchedulesList[0].catDosageFormLabel\":[\"片剂\"],\"hisOrdersSchedulesList[0].catPackage\":[\"24片/盒\"],\"hisOrdersSchedulesList[0].catUnitLabel\":[\"盒\"],\"hisOrdersSchedulesList[0].orderSchPrice\":[\"10\"],\"hisOrdersSchedulesList[0].orderSchNumber\":[\"100\"],\"hisOrdersSchedulesList[1].catName\":[\"布洛芬片\"],\"hisOrdersSchedulesList[1].catId\":[\"32\"],\"hisOrdersSchedulesList[1].catEnglishName\":[\"Ibuprofen Tablets\"],\"hisOrdersSchedulesList[1].catProducer\":[\"某制药有限公司\"],\"hisOrdersSchedulesList[1].catSpecs\":[\"0.1g\"],\"hisOrdersSchedulesList[1].catDosageFormLabel\":[\"片剂\"],\"hisOrdersSchedulesList[1].catPackage\":[\"10片/盒\"],\"hisOrdersSchedulesList[1].catUnitLabel\":[\"盒\"],\"hisOrdersSchedulesList[1].orderSchPrice\":[\"11\"],\"hisOrdersSchedulesList[1].orderSchNumber\":[\"100\"],\"btSelectAll\":[\"\"],\"btSelectItem\":[\"\"]}', '{\"msg\":\"操作成功\",\"code\":0}', '0', null, '2024-05-15 19:57:20', '118');
INSERT INTO `sys_oper_log` VALUES ('375', '采购订单', '2', 'com.ruoyi.project.his.purchase.controller.HisPurchaseOrdersController.editSave()', 'POST', '1', 'admin', '办公室', '/his/purchase/edit', '127.0.0.1', '内网IP', '{\"purId\":[\"6\"],\"userId\":[\"1\"],\"splId\":[\"9\"],\"purDocNum\":[\"CGDD-240512\"],\"userName\":[\"龙头\"],\"splName\":[\"乐康药业集团\"],\"purDate\":[\"2024-05-12\"],\"purArrDate\":[\"2024-05-22\"],\"purPayDate\":[\"2024-05-15\"],\"purStatus\":[\"0\"],\"index\":[\"1\",\"2\"],\"hisOrdersSchedulesList[0].catName\":[\"阿司匹林肠溶片\"],\"hisOrdersSchedulesList[0].catId\":[\"33\"],\"hisOrdersSchedulesList[0].catEnglishName\":[\"Aspirin Enteric-coated Tablets\"],\"hisOrdersSchedulesList[0].catProducer\":[\"某药业集团股份有限公司\"],\"hisOrdersSchedulesList[0].catSpecs\":[\"50mg\"],\"hisOrdersSchedulesList[0].catDosageFormLabel\":[\"片剂\"],\"hisOrdersSchedulesList[0].catPackage\":[\"24片/盒\"],\"hisOrdersSchedulesList[0].catUnitLabel\":[\"盒\"],\"hisOrdersSchedulesList[0].orderSchPrice\":[\"10\"],\"hisOrdersSchedulesList[0].orderSchNumber\":[\"100\"],\"hisOrdersSchedulesList[1].catName\":[\"布洛芬片\"],\"hisOrdersSchedulesList[1].catId\":[\"32\"],\"hisOrdersSchedulesList[1].catEnglishName\":[\"Ibuprofen Tablets\"],\"hisOrdersSchedulesList[1].catProducer\":[\"某制药有限公司\"],\"hisOrdersSchedulesList[1].catSpecs\":[\"0.1g\"],\"hisOrdersSchedulesList[1].catDosageFormLabel\":[\"片剂\"],\"hisOrdersSchedulesList[1].catPackage\":[\"10片/盒\"],\"hisOrdersSchedulesList[1].catUnitLabel\":[\"盒\"],\"hisOrdersSchedulesList[1].orderSchPrice\":[\"11\"],\"hisOrdersSchedulesList[1].orderSchNumber\":[\"100\"],\"btSelectAll\":[\"\"],\"btSelectItem\":[\"\"]}', '{\"msg\":\"操作成功\",\"code\":0}', '0', null, '2024-05-15 19:57:24', '18');
INSERT INTO `sys_oper_log` VALUES ('376', '入库单', '1', 'com.ruoyi.project.his.entry.controller.HisWarehousingEntryController.addSave()', 'POST', '1', 'admin', '办公室', '/his/entry/add', '127.0.0.1', '内网IP', '{\"entDocNum\":[\"YPRK-240515001\"],\"entDate\":[\"2024-05-15\"],\"index\":[\"1\",\"2\",\"3\",\"4\",\"5\",\"6\",\"7\"],\"hisEntrySchedulesList[0].catId\":[\"47\"],\"hisEntrySchedulesList[0].entSchBatchNumber\":[\"24020816\"],\"hisEntrySchedulesList[0].entSchProdDate\":[\"\"],\"hisEntrySchedulesList[0].entSchValidTo\":[\"2024-05-27\"],\"hisEntrySchedulesList[0].entSchUnitPrice\":[\"\"],\"hisEntrySchedulesList[0].entSchNum\":[\"400\"],\"hisEntrySchedulesList[1].catId\":[\"54\"],\"hisEntrySchedulesList[1].entSchBatchNumber\":[\"24020816\"],\"hisEntrySchedulesList[1].entSchProdDate\":[\"\"],\"hisEntrySchedulesList[1].entSchValidTo\":[\"\"],\"hisEntrySchedulesList[1].entSchUnitPrice\":[\"\"],\"hisEntrySchedulesList[1].entSchNum\":[\"400\"],\"hisEntrySchedulesList[2].catId\":[\"41\"],\"hisEntrySchedulesList[2].entSchBatchNumber\":[\"24020816\"],\"hisEntrySchedulesList[2].entSchProdDate\":[\"\"],\"hisEntrySchedulesList[2].entSchValidTo\":[\"\"],\"hisEntrySchedulesList[2].entSchUnitPrice\":[\"\"],\"hisEntrySchedulesList[2].entSchNum\":[\"4004\"],\"hisEntrySchedulesList[3].catId\":[\"33\"],\"hisEntrySchedulesList[3].entSchBatchNumber\":[\"24020816\"],\"hisEntrySchedulesList[3].entSchProdDate\":[\"2024-04-28\"],\"hisEntrySchedulesList[3].entSchValidTo\":[\"\"],\"hisEntrySchedulesList[3].entSchUnitPrice\":[\"\"],\"hisEntrySchedulesList[3].entSchNum\":[\"4000\"],\"hisEntrySchedulesList[4].catId\":[\"56\"],\"hisEntrySchedulesList[4].entSchBatchNumber\":[\"24020816\"],\"hisEntrySchedulesList[4].entSchProdDate\":[\"\"],\"hisEntrySchedulesList[4].entSchValidTo\":[\"2024-05-22\"],\"hisEntrySchedulesList[4].entSchUnitPrice\":[\"\"],\"hisEntrySchedulesList[4].entSchNum\":[\"1000\"],\"hisEntrySchedulesList[5].catId\":[\"40\"],\"hisEntrySchedulesList[5].entSchBatchNumber\":[\"24020816\"],\"hisEntrySchedulesList[5].entSchProdDate\":[\"\"],\"hisEntrySchedulesList[5].entSchValidTo\":[\"\"],\"hisEntrySchedulesList[5].entSchUnitPrice\":[\"\"],\"hisEntrySchedulesList[5].entSchNum\":[\"500\"],\"hisEntrySchedulesList[6].catId\":[\"61\"],\"hisEntrySchedulesList[6].entSchBatchNumber\":[\"24020816\"],\"hisEntrySchedulesList[6].entSchProdDate\":[\"\"],\"hisEntrySchedulesList[', null, '1', '\r\n### Error updating database.  Cause: java.sql.SQLException: Field \'user_id\' doesn\'t have a default value\r\n### The error may exist in file [D:\\Files\\JavaWeb\\RuoYi-fast-master\\target\\classes\\mybatis\\his\\HisWarehousingEntryMapper.xml]\r\n### The error may involve com.ruoyi.project.his.entry.mapper.HisWarehousingEntryMapper.insertHisWarehousingEntry-Inline\r\n### The error occurred while setting parameters\r\n### SQL: insert into his_warehousing_entry          ( ent_doc_num,             ent_date )           values ( ?,             ? )\r\n### Cause: java.sql.SQLException: Field \'user_id\' doesn\'t have a default value\n; Field \'user_id\' doesn\'t have a default value; nested exception is java.sql.SQLException: Field \'user_id\' doesn\'t have a default value', '2024-05-15 21:27:43', '93');
INSERT INTO `sys_oper_log` VALUES ('377', '入库单', '1', 'com.ruoyi.project.his.entry.controller.HisWarehousingEntryController.addSave()', 'POST', '1', 'admin', '办公室', '/his/entry/add', '127.0.0.1', '内网IP', '{\"entDocNum\":[\"YPRK-240515001\"],\"entDate\":[\"2024-05-15\"],\"index\":[\"1\",\"2\",\"3\",\"4\",\"5\",\"6\",\"7\"],\"hisEntrySchedulesList[0].catId\":[\"47\"],\"hisEntrySchedulesList[0].entSchBatchNumber\":[\"24020816\"],\"hisEntrySchedulesList[0].entSchProdDate\":[\"\"],\"hisEntrySchedulesList[0].entSchValidTo\":[\"2024-05-27\"],\"hisEntrySchedulesList[0].entSchUnitPrice\":[\"\"],\"hisEntrySchedulesList[0].entSchNum\":[\"400\"],\"hisEntrySchedulesList[1].catId\":[\"54\"],\"hisEntrySchedulesList[1].entSchBatchNumber\":[\"24020816\"],\"hisEntrySchedulesList[1].entSchProdDate\":[\"\"],\"hisEntrySchedulesList[1].entSchValidTo\":[\"\"],\"hisEntrySchedulesList[1].entSchUnitPrice\":[\"\"],\"hisEntrySchedulesList[1].entSchNum\":[\"400\"],\"hisEntrySchedulesList[2].catId\":[\"41\"],\"hisEntrySchedulesList[2].entSchBatchNumber\":[\"24020816\"],\"hisEntrySchedulesList[2].entSchProdDate\":[\"\"],\"hisEntrySchedulesList[2].entSchValidTo\":[\"\"],\"hisEntrySchedulesList[2].entSchUnitPrice\":[\"\"],\"hisEntrySchedulesList[2].entSchNum\":[\"4004\"],\"hisEntrySchedulesList[3].catId\":[\"33\"],\"hisEntrySchedulesList[3].entSchBatchNumber\":[\"24020816\"],\"hisEntrySchedulesList[3].entSchProdDate\":[\"2024-04-28\"],\"hisEntrySchedulesList[3].entSchValidTo\":[\"\"],\"hisEntrySchedulesList[3].entSchUnitPrice\":[\"\"],\"hisEntrySchedulesList[3].entSchNum\":[\"4000\"],\"hisEntrySchedulesList[4].catId\":[\"56\"],\"hisEntrySchedulesList[4].entSchBatchNumber\":[\"24020816\"],\"hisEntrySchedulesList[4].entSchProdDate\":[\"\"],\"hisEntrySchedulesList[4].entSchValidTo\":[\"2024-05-22\"],\"hisEntrySchedulesList[4].entSchUnitPrice\":[\"\"],\"hisEntrySchedulesList[4].entSchNum\":[\"1000\"],\"hisEntrySchedulesList[5].catId\":[\"40\"],\"hisEntrySchedulesList[5].entSchBatchNumber\":[\"24020816\"],\"hisEntrySchedulesList[5].entSchProdDate\":[\"\"],\"hisEntrySchedulesList[5].entSchValidTo\":[\"\"],\"hisEntrySchedulesList[5].entSchUnitPrice\":[\"\"],\"hisEntrySchedulesList[5].entSchNum\":[\"500\"],\"hisEntrySchedulesList[6].catId\":[\"61\"],\"hisEntrySchedulesList[6].entSchBatchNumber\":[\"24020816\"],\"hisEntrySchedulesList[6].entSchProdDate\":[\"\"],\"hisEntrySchedulesList[', null, '1', '\r\n### Error updating database.  Cause: java.sql.SQLException: Field \'user_id\' doesn\'t have a default value\r\n### The error may exist in file [D:\\Files\\JavaWeb\\RuoYi-fast-master\\target\\classes\\mybatis\\his\\HisWarehousingEntryMapper.xml]\r\n### The error may involve com.ruoyi.project.his.entry.mapper.HisWarehousingEntryMapper.insertHisWarehousingEntry-Inline\r\n### The error occurred while setting parameters\r\n### SQL: insert into his_warehousing_entry          ( ent_doc_num,             ent_date )           values ( ?,             ? )\r\n### Cause: java.sql.SQLException: Field \'user_id\' doesn\'t have a default value\n; Field \'user_id\' doesn\'t have a default value; nested exception is java.sql.SQLException: Field \'user_id\' doesn\'t have a default value', '2024-05-15 21:31:19', '53996');
INSERT INTO `sys_oper_log` VALUES ('378', '入库单', '1', 'com.ruoyi.project.his.entry.controller.HisWarehousingEntryController.addSave()', 'POST', '1', 'admin', '办公室', '/his/entry/add', '127.0.0.1', '内网IP', '{\"entDocNum\":[\"YPRK-240515\"],\"entDate\":[\"2024-05-15\"],\"index\":[\"1\",\"2\",\"3\",\"4\",\"5\",\"6\",\"7\",\"8\"],\"hisEntrySchedulesList[0].catId\":[\"32\"],\"hisEntrySchedulesList[0].entSchBatchNumber\":[\"24020816\"],\"hisEntrySchedulesList[0].entSchProdDate\":[\"2024-04-28\"],\"hisEntrySchedulesList[0].entSchValidTo\":[\"2024-06-01\"],\"hisEntrySchedulesList[0].entSchUnitPrice\":[\"10\"],\"hisEntrySchedulesList[0].entSchNum\":[\"100\"],\"hisEntrySchedulesList[1].catId\":[\"46\"],\"hisEntrySchedulesList[1].entSchBatchNumber\":[\"24020816\"],\"hisEntrySchedulesList[1].entSchProdDate\":[\"2024-05-05\"],\"hisEntrySchedulesList[1].entSchValidTo\":[\"2024-05-17\"],\"hisEntrySchedulesList[1].entSchUnitPrice\":[\"20\"],\"hisEntrySchedulesList[1].entSchNum\":[\"100\"],\"hisEntrySchedulesList[2].catId\":[\"53\"],\"hisEntrySchedulesList[2].entSchBatchNumber\":[\"24020816\"],\"hisEntrySchedulesList[2].entSchProdDate\":[\"2024-05-12\"],\"hisEntrySchedulesList[2].entSchValidTo\":[\"2024-05-30\"],\"hisEntrySchedulesList[2].entSchUnitPrice\":[\"20\"],\"hisEntrySchedulesList[2].entSchNum\":[\"200\"],\"hisEntrySchedulesList[3].catId\":[\"47\"],\"hisEntrySchedulesList[3].entSchBatchNumber\":[\"24020816\"],\"hisEntrySchedulesList[3].entSchProdDate\":[\"2024-04-28\"],\"hisEntrySchedulesList[3].entSchValidTo\":[\"2024-05-24\"],\"hisEntrySchedulesList[3].entSchUnitPrice\":[\"20\"],\"hisEntrySchedulesList[3].entSchNum\":[\"400\"],\"hisEntrySchedulesList[4].catId\":[\"54\"],\"hisEntrySchedulesList[4].entSchBatchNumber\":[\"24020816\"],\"hisEntrySchedulesList[4].entSchProdDate\":[\"2024-05-05\"],\"hisEntrySchedulesList[4].entSchValidTo\":[\"2024-05-30\"],\"hisEntrySchedulesList[4].entSchUnitPrice\":[\"20\"],\"hisEntrySchedulesList[4].entSchNum\":[\"400\"],\"hisEntrySchedulesList[5].catId\":[\"41\"],\"hisEntrySchedulesList[5].entSchBatchNumber\":[\"24020816\"],\"hisEntrySchedulesList[5].entSchProdDate\":[\"2024-05-05\"],\"hisEntrySchedulesList[5].entSchValidTo\":[\"2024-05-23\"],\"hisEntrySchedulesList[5].entSchUnitPrice\":[\"20\"],\"hisEntrySchedulesList[5].entSchNum\":[\"4004\"],\"hisEntrySchedulesList[6].catId\":[\"33\"],\"hisEntrySchedulesList[6].e', '{\"msg\":\"操作成功\",\"code\":0}', '0', null, '2024-05-15 21:35:31', '29');
INSERT INTO `sys_oper_log` VALUES ('379', '入库单', '2', 'com.ruoyi.project.his.entry.controller.HisWarehousingEntryController.editSave()', 'POST', '1', 'admin', '办公室', '/his/entry/edit', '127.0.0.1', '内网IP', '{\"entId\":[\"1\"],\"userId\":[\"1\"],\"entDocNum\":[\"YPRK-240515001\"],\"entDate\":[\"2024-05-15\"],\"index\":[\"1\",\"2\",\"3\",\"4\",\"5\",\"6\",\"7\",\"8\"],\"hisEntrySchedulesList[0].catId\":[\"32\"],\"hisEntrySchedulesList[0].entSchBatchNumber\":[\"24020816\"],\"hisEntrySchedulesList[0].entSchProdDate\":[\"2024-04-27\"],\"hisEntrySchedulesList[0].entSchValidTo\":[\"2024-05-31\"],\"hisEntrySchedulesList[0].entSchNum\":[\"100\"],\"hisEntrySchedulesList[1].catId\":[\"46\"],\"hisEntrySchedulesList[1].entSchBatchNumber\":[\"24020816\"],\"hisEntrySchedulesList[1].entSchProdDate\":[\"2024-05-04\"],\"hisEntrySchedulesList[1].entSchValidTo\":[\"2024-05-16\"],\"hisEntrySchedulesList[1].entSchNum\":[\"100\"],\"hisEntrySchedulesList[2].catId\":[\"53\"],\"hisEntrySchedulesList[2].entSchBatchNumber\":[\"24020816\"],\"hisEntrySchedulesList[2].entSchProdDate\":[\"2024-05-11\"],\"hisEntrySchedulesList[2].entSchValidTo\":[\"2024-05-29\"],\"hisEntrySchedulesList[2].entSchNum\":[\"200\"],\"hisEntrySchedulesList[3].catId\":[\"47\"],\"hisEntrySchedulesList[3].entSchBatchNumber\":[\"24020816\"],\"hisEntrySchedulesList[3].entSchProdDate\":[\"2024-04-27\"],\"hisEntrySchedulesList[3].entSchValidTo\":[\"2024-05-23\"],\"hisEntrySchedulesList[3].entSchNum\":[\"400\"],\"hisEntrySchedulesList[4].catId\":[\"54\"],\"hisEntrySchedulesList[4].entSchBatchNumber\":[\"24020816\"],\"hisEntrySchedulesList[4].entSchProdDate\":[\"2024-05-04\"],\"hisEntrySchedulesList[4].entSchValidTo\":[\"2024-05-29\"],\"hisEntrySchedulesList[4].entSchNum\":[\"400\"],\"hisEntrySchedulesList[5].catId\":[\"41\"],\"hisEntrySchedulesList[5].entSchBatchNumber\":[\"24020816\"],\"hisEntrySchedulesList[5].entSchProdDate\":[\"2024-05-04\"],\"hisEntrySchedulesList[5].entSchValidTo\":[\"2024-05-22\"],\"hisEntrySchedulesList[5].entSchNum\":[\"4004\"],\"hisEntrySchedulesList[6].catId\":[\"33\"],\"hisEntrySchedulesList[6].entSchBatchNumber\":[\"24020816\"],\"hisEntrySchedulesList[6].entSchProdDate\":[\"2024-05-04\"],\"hisEntrySchedulesList[6].entSchValidTo\":[\"2024-05-30\"],\"hisEntrySchedulesList[6].entSchNum\":[\"4000\"],\"hisEntrySchedulesList[7].catId\":[\"56\"],\"hisEntrySchedulesList[7].entSchBatchN', '{\"msg\":\"操作成功\",\"code\":0}', '0', null, '2024-05-15 21:35:49', '16');
INSERT INTO `sys_oper_log` VALUES ('380', '入库单', '1', 'com.ruoyi.project.his.entry.controller.HisWarehousingEntryController.addSave()', 'POST', '1', 'admin', '办公室', '/his/entry/add', '127.0.0.1', '内网IP', '{\"entDocNum\":[\"YPRK-240515002\"],\"entDate\":[\"2024-05-15\"],\"index\":[\"1\",\"2\"],\"hisEntrySchedulesList[0].catId\":[\"33\"],\"hisEntrySchedulesList[0].entSchBatchNumber\":[\"24020816\"],\"hisEntrySchedulesList[0].entSchProdDate\":[\"\"],\"hisEntrySchedulesList[0].entSchValidTo\":[\"\"],\"hisEntrySchedulesList[0].entSchUnitPrice\":[\"\"],\"hisEntrySchedulesList[0].entSchNum\":[\"100\"],\"hisEntrySchedulesList[1].catId\":[\"32\"],\"hisEntrySchedulesList[1].entSchBatchNumber\":[\"24020816\"],\"hisEntrySchedulesList[1].entSchProdDate\":[\"\"],\"hisEntrySchedulesList[1].entSchValidTo\":[\"\"],\"hisEntrySchedulesList[1].entSchUnitPrice\":[\"\"],\"hisEntrySchedulesList[1].entSchNum\":[\"100\"],\"btSelectAll\":[\"\"],\"btSelectItem\":[\"\"]}', '{\"msg\":\"操作成功\",\"code\":0}', '0', null, '2024-05-15 21:37:03', '17');
INSERT INTO `sys_oper_log` VALUES ('381', '库存管理', '1', 'com.ruoyi.project.his.inventory.controller.HisInventoryController.addSave()', 'POST', '1', 'admin', '办公室', '/his/inventory/add', '127.0.0.1', '内网IP', '{\"catId\":[\"32\"],\"invBatchNumber\":[\"20210303\"],\"invNumber\":[\"120\"],\"invUnitPrice\":[\"35\"],\"invProdDate\":[\"2024-05-01\"],\"invValidTo\":[\"2024-05-30\"]}', null, '1', '\r\n### Error querying database.  Cause: java.sql.SQLIntegrityConstraintViolationException: Column \'cat_id\' in where clause is ambiguous\r\n### The error may exist in file [D:\\Files\\JavaWeb\\RuoYi-fast-master\\target\\classes\\mybatis\\his\\HisInventoryMapper.xml]\r\n### The error may involve com.ruoyi.project.his.inventory.mapper.HisInventoryMapper.selectHisInventoryList-Inline\r\n### The error occurred while setting parameters\r\n### SQL: select         i.inv_id,         i.cat_id,         hdc.cat_approval_number,         hdc.cat_drug_num,         hdc.cat_name,         hdc.cat_English_name,         hdc.cat_producer,         hdc.cat_specs,         hdc.cat_dosage_form,         hdc.cat_package,         hdc.cat_unit,         i.inv_batch_number,         i.inv_number,         i.inv_unit_price,         i.inv_prod_date,         i.inv_valid_to         from his_inventory i         left join his_drug_catalogue hdc on hdc.cat_id = i.cat_id          WHERE  cat_id = ?             and inv_batch_number = ?\r\n### Cause: java.sql.SQLIntegrityConstraintViolationException: Column \'cat_id\' in where clause is ambiguous\n; Column \'cat_id\' in where clause is ambiguous; nested exception is java.sql.SQLIntegrityConstraintViolationException: Column \'cat_id\' in where clause is ambiguous', '2024-05-15 22:32:15', '15');
INSERT INTO `sys_oper_log` VALUES ('382', '库存管理', '1', 'com.ruoyi.project.his.inventory.controller.HisInventoryController.addSave()', 'POST', '1', 'admin', '办公室', '/his/inventory/add', '127.0.0.1', '内网IP', '{\"catId\":[\"32\"],\"invBatchNumber\":[\"20210303\"],\"invNumber\":[\"120\"],\"invUnitPrice\":[\"35\"],\"invProdDate\":[\"2024-04-28\"],\"invValidTo\":[\"2024-05-30\"]}', '{\"msg\":\"操作成功\",\"code\":0}', '0', null, '2024-05-15 22:35:28', '23');
INSERT INTO `sys_oper_log` VALUES ('383', '库存管理', '1', 'com.ruoyi.project.his.inventory.controller.HisInventoryController.addSave()', 'POST', '1', 'admin', '办公室', '/his/inventory/add', '127.0.0.1', '内网IP', '{\"catId\":[\"32\"],\"invBatchNumber\":[\"20210303\"],\"invNumber\":[\"25\"],\"invUnitPrice\":[\"\"],\"invProdDate\":[\"\"],\"invValidTo\":[\"\"]}', '{\"msg\":\"操作成功\",\"code\":0}', '0', null, '2024-05-15 22:38:08', '10');
INSERT INTO `sys_oper_log` VALUES ('384', '采购计划单', '1', 'com.ruoyi.project.his.plans.controller.HisProcurementPlansController.addSave()', 'POST', '1', 'admin', '办公室', '/his/plans/add', '127.0.0.1', '内网IP', '{\"prcpDocNum\":[\"CGJH-240515001\"],\"prcpDate\":[\"2024-05-15\"],\"prcpPurDate\":[\"2024-05-17\"],\"prcpArvDate\":[\"2024-05-24\"],\"prcpStatus\":[\"0\"],\"index\":[\"1\"],\"hisProcurementSchedulesList[0].catName\":[\"布洛芬片\"],\"hisProcurementSchedulesList[0].catId\":[\"32\"],\"hisProcurementSchedulesList[0].catEnglishName\":[\"Ibuprofen Tablets\"],\"hisProcurementSchedulesList[0].catSpecs\":[\"0.1g\"],\"hisProcurementSchedulesList[0].catDosageFormLabel\":[\"片剂\"],\"hisProcurementSchedulesList[0].catPackage\":[\"10片/盒\"],\"hisProcurementSchedulesList[0].catUnitLabel\":[\"盒\"],\"hisProcurementSchedulesList[0].pschPrice\":[\"20\"],\"hisProcurementSchedulesList[0].pschNumber\":[\"168\"],\"btSelectAll\":[\"\"],\"btSelectItem\":[\"\"]}', '{\"msg\":\"操作成功\",\"code\":0}', '0', null, '2024-05-15 23:03:06', '26');
INSERT INTO `sys_oper_log` VALUES ('385', '采购计划单状态', '2', 'com.ruoyi.project.his.plans.controller.HisProcurementPlansController.editSaveStatus()', 'POST', '1', 'admin', '办公室', '/his/plans/edit_status', '127.0.0.1', '内网IP', '{\"prcpIdsStr\":[\"8\"],\"prcpStatus\":[\"1\"]}', '{\"msg\":\"操作成功\",\"code\":0}', '0', null, '2024-05-15 23:03:52', '11');
INSERT INTO `sys_oper_log` VALUES ('386', '采购订单', '1', 'com.ruoyi.project.his.purchase.controller.HisPurchaseOrdersController.addSave()', 'POST', '1', 'admin', '办公室', '/his/purchase/add', '127.0.0.1', '内网IP', '{\"purDocNum\":[\"CGDD-240515\"],\"splId\":[\"9\"],\"splName\":[\"乐康药业集团\"],\"purDate\":[\"2024-05-15\"],\"purArrDate\":[\"2024-05-23\"],\"purPayDate\":[\"2024-05-20\"],\"purStatus\":[\"0\"],\"index\":[\"1\",\"1\"],\"hisPurchaseOrdersList[0].prcpId\":[\"8\"],\"hisProcurementSchedulesList[0].catName\":[\"布洛芬片\"],\"hisOrdersSchedulesList[0].catId\":[\"32\"],\"hisProcurementSchedulesList[0].catEnglishName\":[\"Ibuprofen Tablets\"],\"hisProcurementSchedulesList[0].catSpecs\":[\"0.1g\"],\"hisProcurementSchedulesList[0].catDosageFormLabel\":[\"片剂\"],\"hisProcurementSchedulesList[0].catPackage\":[\"10片/盒\"],\"hisProcurementSchedulesList[0].catUnitLabel\":[\"盒\"],\"hisOrdersSchedulesList[0].orderSchPrice\":[\"20\"],\"hisOrdersSchedulesList[0].orderSchNumber\":[\"168\"],\"btSelectAll\":[\"\"],\"btSelectItem\":[\"\"]}', '{\"msg\":\"操作成功\",\"code\":0}', '0', null, '2024-05-15 23:03:52', '24');
INSERT INTO `sys_oper_log` VALUES ('387', '入库单', '1', 'com.ruoyi.project.his.entry.controller.HisWarehousingEntryController.addSave()', 'POST', '1', 'admin', '办公室', '/his/entry/add', '127.0.0.1', '内网IP', '{\"entDocNum\":[\"YPRK-240515\"],\"entDate\":[\"2024-05-15\"],\"index\":[\"1\"],\"hisEntrySchedulesList[0].catId\":[\"32\"],\"hisEntrySchedulesList[0].entSchBatchNumber\":[\"20210303\"],\"hisEntrySchedulesList[0].entSchProdDate\":[\"2024-04-28\"],\"hisEntrySchedulesList[0].entSchValidTo\":[\"2026-05-15\"],\"hisEntrySchedulesList[0].entSchUnitPrice\":[\"50\"],\"hisEntrySchedulesList[0].entSchNum\":[\"168\"],\"btSelectAll\":[\"\"],\"btSelectItem\":[\"\"]}', null, '1', 'Cannot invoke \"com.ruoyi.project.his.inventory.service.IHisInventoryService.selectHisInventoryList(com.ruoyi.project.his.inventory.domain.HisInventory)\" because \"this.hisInventoryService\" is null', '2024-05-15 23:04:40', '24');
INSERT INTO `sys_oper_log` VALUES ('388', '入库单', '3', 'com.ruoyi.project.his.entry.controller.HisWarehousingEntryController.remove()', 'POST', '1', 'admin', '办公室', '/his/entry/remove', '127.0.0.1', '内网IP', '{\"ids\":[\"3\"]}', '{\"msg\":\"操作成功\",\"code\":0}', '0', null, '2024-05-15 23:07:37', '16');
INSERT INTO `sys_oper_log` VALUES ('389', '入库单', '1', 'com.ruoyi.project.his.entry.controller.HisWarehousingEntryController.addSave()', 'POST', '1', 'admin', '办公室', '/his/entry/add', '127.0.0.1', '内网IP', '{\"entDocNum\":[\"YPRK-240515\"],\"entDate\":[\"2024-05-15\"],\"index\":[\"1\"],\"hisEntrySchedulesList[0].catId\":[\"32\"],\"hisEntrySchedulesList[0].entSchBatchNumber\":[\"20210303\"],\"hisEntrySchedulesList[0].entSchProdDate\":[\"2024-04-28\"],\"hisEntrySchedulesList[0].entSchValidTo\":[\"2024-06-08\"],\"hisEntrySchedulesList[0].entSchUnitPrice\":[\"10\"],\"hisEntrySchedulesList[0].entSchNum\":[\"168\"],\"btSelectAll\":[\"\"],\"btSelectItem\":[\"\"]}', null, '1', 'Cannot invoke \"com.ruoyi.project.his.inventory.mapper.HisInventoryMapper.selectHisInventoryList(com.ruoyi.project.his.inventory.domain.HisInventory)\" because \"this.hisInventoryMapper\" is null', '2024-05-15 23:13:35', '19');
INSERT INTO `sys_oper_log` VALUES ('390', '入库单', '3', 'com.ruoyi.project.his.entry.controller.HisWarehousingEntryController.remove()', 'POST', '1', 'admin', '办公室', '/his/entry/remove', '127.0.0.1', '内网IP', '{\"ids\":[\"4\"]}', '{\"msg\":\"操作成功\",\"code\":0}', '0', null, '2024-05-15 23:20:34', '78');
INSERT INTO `sys_oper_log` VALUES ('391', '入库单', '1', 'com.ruoyi.project.his.entry.controller.HisWarehousingEntryController.addSave()', 'POST', '1', 'admin', '办公室', '/his/entry/add', '127.0.0.1', '内网IP', '{\"entDocNum\":[\"YPRK-240515\"],\"entDate\":[\"2024-05-15\"],\"index\":[\"1\"],\"hisEntrySchedulesList[0].catId\":[\"32\"],\"hisEntrySchedulesList[0].entSchBatchNumber\":[\"20210303\"],\"hisEntrySchedulesList[0].entSchProdDate\":[\"2024-05-05\"],\"hisEntrySchedulesList[0].entSchValidTo\":[\"2024-05-31\"],\"hisEntrySchedulesList[0].entSchUnitPrice\":[\"45\"],\"hisEntrySchedulesList[0].entSchNum\":[\"168\"],\"btSelectAll\":[\"\"],\"btSelectItem\":[\"\"]}', '{\"msg\":\"操作成功\",\"code\":0}', '0', null, '2024-05-15 23:21:08', '32');
INSERT INTO `sys_oper_log` VALUES ('392', '入库单', '2', 'com.ruoyi.project.his.entry.controller.HisWarehousingEntryController.editSave()', 'POST', '1', 'admin', '办公室', '/his/entry/edit', '127.0.0.1', '内网IP', '{\"entId\":[\"5\"],\"userId\":[\"1\"],\"entDocNum\":[\"YPRK-240515001\"],\"entDate\":[\"2024-05-15\"],\"index\":[\"1\"],\"hisEntrySchedulesList[0].catId\":[\"32\"],\"hisEntrySchedulesList[0].entSchBatchNumber\":[\"20210303\"],\"hisEntrySchedulesList[0].entSchProdDate\":[\"2024-05-04\"],\"hisEntrySchedulesList[0].entSchValidTo\":[\"2024-05-30\"],\"hisEntrySchedulesList[0].entSchNum\":[\"168\"],\"btSelectAll\":[\"\"],\"btSelectItem\":[\"\"]}', '{\"msg\":\"操作成功\",\"code\":0}', '0', null, '2024-05-15 23:21:39', '20');
INSERT INTO `sys_oper_log` VALUES ('393', '入库单', '3', 'com.ruoyi.project.his.entry.controller.HisWarehousingEntryController.remove()', 'POST', '1', 'admin', '办公室', '/his/entry/remove', '127.0.0.1', '内网IP', '{\"ids\":[\"1\"]}', '{\"msg\":\"操作成功\",\"code\":0}', '0', null, '2024-05-15 23:21:50', '23');
INSERT INTO `sys_oper_log` VALUES ('394', '入库单', '3', 'com.ruoyi.project.his.entry.controller.HisWarehousingEntryController.remove()', 'POST', '1', 'admin', '办公室', '/his/entry/remove', '127.0.0.1', '内网IP', '{\"ids\":[\"2\"]}', '{\"msg\":\"操作成功\",\"code\":0}', '0', null, '2024-05-15 23:21:52', '13');
INSERT INTO `sys_oper_log` VALUES ('395', '入库单', '1', 'com.ruoyi.project.his.entry.controller.HisWarehousingEntryController.addSave()', 'POST', '1', 'admin', '办公室', '/his/entry/add', '127.0.0.1', '内网IP', '{\"entDocNum\":[\"YPRK-240515\"],\"entDate\":[\"2024-05-15\"],\"index\":[\"1\",\"2\",\"3\",\"4\",\"5\"],\"hisEntrySchedulesList[0].catId\":[\"33\"],\"hisEntrySchedulesList[0].entSchBatchNumber\":[\"24020816\"],\"hisEntrySchedulesList[0].entSchProdDate\":[\"2024-04-28\"],\"hisEntrySchedulesList[0].entSchValidTo\":[\"2026-05-06\"],\"hisEntrySchedulesList[0].entSchUnitPrice\":[\"35\"],\"hisEntrySchedulesList[0].entSchNum\":[\"100\"],\"hisEntrySchedulesList[1].catId\":[\"32\"],\"hisEntrySchedulesList[1].entSchBatchNumber\":[\"24020816\"],\"hisEntrySchedulesList[1].entSchProdDate\":[\"2024-04-28\"],\"hisEntrySchedulesList[1].entSchValidTo\":[\"2026-05-22\"],\"hisEntrySchedulesList[1].entSchUnitPrice\":[\"68\"],\"hisEntrySchedulesList[1].entSchNum\":[\"100\"],\"hisEntrySchedulesList[2].catId\":[\"32\"],\"hisEntrySchedulesList[2].entSchBatchNumber\":[\"24020816\"],\"hisEntrySchedulesList[2].entSchProdDate\":[\"2024-05-05\"],\"hisEntrySchedulesList[2].entSchValidTo\":[\"2026-05-14\"],\"hisEntrySchedulesList[2].entSchUnitPrice\":[\"77\"],\"hisEntrySchedulesList[2].entSchNum\":[\"100\"],\"hisEntrySchedulesList[3].catId\":[\"46\"],\"hisEntrySchedulesList[3].entSchBatchNumber\":[\"24020816\"],\"hisEntrySchedulesList[3].entSchProdDate\":[\"2024-04-30\"],\"hisEntrySchedulesList[3].entSchValidTo\":[\"2026-05-13\"],\"hisEntrySchedulesList[3].entSchUnitPrice\":[\"43\"],\"hisEntrySchedulesList[3].entSchNum\":[\"100\"],\"hisEntrySchedulesList[4].catId\":[\"53\"],\"hisEntrySchedulesList[4].entSchBatchNumber\":[\"24020816\"],\"hisEntrySchedulesList[4].entSchProdDate\":[\"2024-05-12\"],\"hisEntrySchedulesList[4].entSchValidTo\":[\"2026-05-18\"],\"hisEntrySchedulesList[4].entSchUnitPrice\":[\"85\"],\"hisEntrySchedulesList[4].entSchNum\":[\"200\"],\"btSelectAll\":[\"\"],\"btSelectItem\":[\"\"]}', null, '1', 'Index 0 out of bounds for length 0', '2024-05-15 23:22:50', '33');
INSERT INTO `sys_oper_log` VALUES ('396', '库存管理', '1', 'com.ruoyi.project.his.inventory.controller.HisInventoryController.addSave()', 'POST', '1', 'admin', '办公室', '/his/inventory/add', '127.0.0.1', '内网IP', '{\"catId\":[\"32\"],\"invBatchNumber\":[\"20210303\"],\"invNumber\":[\"17\"],\"invUnitPrice\":[\"\"],\"invProdDate\":[\"\"],\"invValidTo\":[\"\"]}', '{\"msg\":\"操作成功\",\"code\":0}', '0', null, '2024-05-15 23:27:06', '15');
INSERT INTO `sys_oper_log` VALUES ('397', '入库单', '3', 'com.ruoyi.project.his.entry.controller.HisWarehousingEntryController.remove()', 'POST', '1', 'admin', '办公室', '/his/entry/remove', '127.0.0.1', '内网IP', '{\"ids\":[\"6\"]}', '{\"msg\":\"操作成功\",\"code\":0}', '0', null, '2024-05-15 23:27:22', '15');
INSERT INTO `sys_oper_log` VALUES ('398', '入库单', '1', 'com.ruoyi.project.his.entry.controller.HisWarehousingEntryController.addSave()', 'POST', '1', 'admin', '办公室', '/his/entry/add', '127.0.0.1', '内网IP', '{\"entDocNum\":[\"YPRK-240515002\"],\"entDate\":[\"2024-05-15\"],\"index\":[\"1\",\"2\",\"3\",\"4\",\"5\"],\"hisEntrySchedulesList[0].catId\":[\"33\"],\"hisEntrySchedulesList[0].entSchBatchNumber\":[\"24020816\"],\"hisEntrySchedulesList[0].entSchProdDate\":[\"2024-04-28\"],\"hisEntrySchedulesList[0].entSchValidTo\":[\"2026-05-07\"],\"hisEntrySchedulesList[0].entSchUnitPrice\":[\"25\"],\"hisEntrySchedulesList[0].entSchNum\":[\"100\"],\"hisEntrySchedulesList[1].catId\":[\"32\"],\"hisEntrySchedulesList[1].entSchBatchNumber\":[\"24020816\"],\"hisEntrySchedulesList[1].entSchProdDate\":[\"2024-04-28\"],\"hisEntrySchedulesList[1].entSchValidTo\":[\"2026-05-08\"],\"hisEntrySchedulesList[1].entSchUnitPrice\":[\"40\"],\"hisEntrySchedulesList[1].entSchNum\":[\"100\"],\"hisEntrySchedulesList[2].catId\":[\"32\"],\"hisEntrySchedulesList[2].entSchBatchNumber\":[\"24020816\"],\"hisEntrySchedulesList[2].entSchProdDate\":[\"2024-05-06\"],\"hisEntrySchedulesList[2].entSchValidTo\":[\"2026-05-07\"],\"hisEntrySchedulesList[2].entSchUnitPrice\":[\"25\"],\"hisEntrySchedulesList[2].entSchNum\":[\"100\"],\"hisEntrySchedulesList[3].catId\":[\"46\"],\"hisEntrySchedulesList[3].entSchBatchNumber\":[\"24020816\"],\"hisEntrySchedulesList[3].entSchProdDate\":[\"2024-04-28\"],\"hisEntrySchedulesList[3].entSchValidTo\":[\"2026-05-28\"],\"hisEntrySchedulesList[3].entSchUnitPrice\":[\"45\"],\"hisEntrySchedulesList[3].entSchNum\":[\"100\"],\"hisEntrySchedulesList[4].catId\":[\"53\"],\"hisEntrySchedulesList[4].entSchBatchNumber\":[\"24020816\"],\"hisEntrySchedulesList[4].entSchProdDate\":[\"2024-04-30\"],\"hisEntrySchedulesList[4].entSchValidTo\":[\"2026-05-21\"],\"hisEntrySchedulesList[4].entSchUnitPrice\":[\"78\"],\"hisEntrySchedulesList[4].entSchNum\":[\"200\"],\"btSelectAll\":[\"\"],\"btSelectItem\":[\"\"]}', null, '1', 'Index 0 out of bounds for length 0', '2024-05-15 23:28:09', '29');
INSERT INTO `sys_oper_log` VALUES ('399', '入库单', '1', 'com.ruoyi.project.his.entry.controller.HisWarehousingEntryController.addSave()', 'POST', '1', 'admin', '办公室', '/his/entry/add', '127.0.0.1', '内网IP', '{\"entDocNum\":[\"YPRK-240516\"],\"entDate\":[\"2024-05-16\"],\"index\":[\"1\",\"2\",\"3\",\"4\",\"5\"],\"hisEntrySchedulesList[0].catId\":[\"33\"],\"hisEntrySchedulesList[0].entSchBatchNumber\":[\"\"],\"hisEntrySchedulesList[0].entSchProdDate\":[\"\"],\"hisEntrySchedulesList[0].entSchValidTo\":[\"\"],\"hisEntrySchedulesList[0].entSchUnitPrice\":[\"\"],\"hisEntrySchedulesList[0].entSchNum\":[\"100\"],\"hisEntrySchedulesList[1].catId\":[\"32\"],\"hisEntrySchedulesList[1].entSchBatchNumber\":[\"\"],\"hisEntrySchedulesList[1].entSchProdDate\":[\"\"],\"hisEntrySchedulesList[1].entSchValidTo\":[\"\"],\"hisEntrySchedulesList[1].entSchUnitPrice\":[\"\"],\"hisEntrySchedulesList[1].entSchNum\":[\"100\"],\"hisEntrySchedulesList[2].catId\":[\"32\"],\"hisEntrySchedulesList[2].entSchBatchNumber\":[\"\"],\"hisEntrySchedulesList[2].entSchProdDate\":[\"\"],\"hisEntrySchedulesList[2].entSchValidTo\":[\"\"],\"hisEntrySchedulesList[2].entSchUnitPrice\":[\"\"],\"hisEntrySchedulesList[2].entSchNum\":[\"100\"],\"hisEntrySchedulesList[3].catId\":[\"46\"],\"hisEntrySchedulesList[3].entSchBatchNumber\":[\"\"],\"hisEntrySchedulesList[3].entSchProdDate\":[\"\"],\"hisEntrySchedulesList[3].entSchValidTo\":[\"\"],\"hisEntrySchedulesList[3].entSchUnitPrice\":[\"\"],\"hisEntrySchedulesList[3].entSchNum\":[\"100\"],\"hisEntrySchedulesList[4].catId\":[\"53\"],\"hisEntrySchedulesList[4].entSchBatchNumber\":[\"\"],\"hisEntrySchedulesList[4].entSchProdDate\":[\"\"],\"hisEntrySchedulesList[4].entSchValidTo\":[\"\"],\"hisEntrySchedulesList[4].entSchUnitPrice\":[\"\"],\"hisEntrySchedulesList[4].entSchNum\":[\"200\"],\"btSelectAll\":[\"\"],\"btSelectItem\":[\"\"]}', null, '1', 'Index 0 out of bounds for length 0', '2024-05-16 11:28:30', '753763');
INSERT INTO `sys_oper_log` VALUES ('400', '入库单', '1', 'com.ruoyi.project.his.entry.controller.HisWarehousingEntryController.addSave()', 'POST', '1', 'admin', '办公室', '/his/entry/add', '127.0.0.1', '内网IP', '{\"entDocNum\":[\"YPRK-240516\"],\"entDate\":[\"2024-05-16\"],\"index\":[\"1\",\"2\",\"3\",\"4\",\"5\"],\"hisEntrySchedulesList[0].catId\":[\"33\"],\"hisEntrySchedulesList[0].entSchBatchNumber\":[\"\"],\"hisEntrySchedulesList[0].entSchProdDate\":[\"\"],\"hisEntrySchedulesList[0].entSchValidTo\":[\"\"],\"hisEntrySchedulesList[0].entSchUnitPrice\":[\"\"],\"hisEntrySchedulesList[0].entSchNum\":[\"100\"],\"hisEntrySchedulesList[1].catId\":[\"32\"],\"hisEntrySchedulesList[1].entSchBatchNumber\":[\"\"],\"hisEntrySchedulesList[1].entSchProdDate\":[\"\"],\"hisEntrySchedulesList[1].entSchValidTo\":[\"\"],\"hisEntrySchedulesList[1].entSchUnitPrice\":[\"\"],\"hisEntrySchedulesList[1].entSchNum\":[\"100\"],\"hisEntrySchedulesList[2].catId\":[\"32\"],\"hisEntrySchedulesList[2].entSchBatchNumber\":[\"\"],\"hisEntrySchedulesList[2].entSchProdDate\":[\"\"],\"hisEntrySchedulesList[2].entSchValidTo\":[\"\"],\"hisEntrySchedulesList[2].entSchUnitPrice\":[\"\"],\"hisEntrySchedulesList[2].entSchNum\":[\"100\"],\"hisEntrySchedulesList[3].catId\":[\"46\"],\"hisEntrySchedulesList[3].entSchBatchNumber\":[\"\"],\"hisEntrySchedulesList[3].entSchProdDate\":[\"\"],\"hisEntrySchedulesList[3].entSchValidTo\":[\"\"],\"hisEntrySchedulesList[3].entSchUnitPrice\":[\"\"],\"hisEntrySchedulesList[3].entSchNum\":[\"100\"],\"hisEntrySchedulesList[4].catId\":[\"53\"],\"hisEntrySchedulesList[4].entSchBatchNumber\":[\"\"],\"hisEntrySchedulesList[4].entSchProdDate\":[\"\"],\"hisEntrySchedulesList[4].entSchValidTo\":[\"\"],\"hisEntrySchedulesList[4].entSchUnitPrice\":[\"\"],\"hisEntrySchedulesList[4].entSchNum\":[\"200\"],\"btSelectAll\":[\"\"],\"btSelectItem\":[\"\"]}', null, '1', '\r\n### Error updating database.  Cause: java.sql.SQLException: Field \'inv_batch_number\' doesn\'t have a default value\r\n### The error may exist in file [D:\\Files\\JavaWeb\\RuoYi-fast-master\\target\\classes\\mybatis\\his\\HisInventoryMapper.xml]\r\n### The error may involve com.ruoyi.project.his.inventory.mapper.HisInventoryMapper.insertHisInventory-Inline\r\n### The error occurred while setting parameters\r\n### SQL: insert into his_inventory          ( cat_id,                          inv_number )           values ( ?,                          ? )\r\n### Cause: java.sql.SQLException: Field \'inv_batch_number\' doesn\'t have a default value\n; Field \'inv_batch_number\' doesn\'t have a default value; nested exception is java.sql.SQLException: Field \'inv_batch_number\' doesn\'t have a default value', '2024-05-16 11:31:11', '27267');
INSERT INTO `sys_oper_log` VALUES ('401', '入库单', '1', 'com.ruoyi.project.his.entry.controller.HisWarehousingEntryController.addSave()', 'POST', '1', 'admin', '办公室', '/his/entry/add', '127.0.0.1', '内网IP', '{\"entDocNum\":[\"YPRK-240516\"],\"entDate\":[\"2024-05-16\"],\"index\":[\"1\",\"2\",\"3\",\"4\",\"5\"],\"hisEntrySchedulesList[0].catId\":[\"33\"],\"hisEntrySchedulesList[0].entSchBatchNumber\":[\"24020816\"],\"hisEntrySchedulesList[0].entSchProdDate\":[\"\"],\"hisEntrySchedulesList[0].entSchValidTo\":[\"\"],\"hisEntrySchedulesList[0].entSchUnitPrice\":[\"\"],\"hisEntrySchedulesList[0].entSchNum\":[\"100\"],\"hisEntrySchedulesList[1].catId\":[\"32\"],\"hisEntrySchedulesList[1].entSchBatchNumber\":[\"24020816\"],\"hisEntrySchedulesList[1].entSchProdDate\":[\"\"],\"hisEntrySchedulesList[1].entSchValidTo\":[\"\"],\"hisEntrySchedulesList[1].entSchUnitPrice\":[\"\"],\"hisEntrySchedulesList[1].entSchNum\":[\"100\"],\"hisEntrySchedulesList[2].catId\":[\"32\"],\"hisEntrySchedulesList[2].entSchBatchNumber\":[\"24020816\"],\"hisEntrySchedulesList[2].entSchProdDate\":[\"\"],\"hisEntrySchedulesList[2].entSchValidTo\":[\"\"],\"hisEntrySchedulesList[2].entSchUnitPrice\":[\"\"],\"hisEntrySchedulesList[2].entSchNum\":[\"100\"],\"hisEntrySchedulesList[3].catId\":[\"46\"],\"hisEntrySchedulesList[3].entSchBatchNumber\":[\"24020816\"],\"hisEntrySchedulesList[3].entSchProdDate\":[\"\"],\"hisEntrySchedulesList[3].entSchValidTo\":[\"\"],\"hisEntrySchedulesList[3].entSchUnitPrice\":[\"\"],\"hisEntrySchedulesList[3].entSchNum\":[\"100\"],\"hisEntrySchedulesList[4].catId\":[\"53\"],\"hisEntrySchedulesList[4].entSchBatchNumber\":[\"24020816\"],\"hisEntrySchedulesList[4].entSchProdDate\":[\"\"],\"hisEntrySchedulesList[4].entSchValidTo\":[\"\"],\"hisEntrySchedulesList[4].entSchUnitPrice\":[\"\"],\"hisEntrySchedulesList[4].entSchNum\":[\"200\"],\"btSelectAll\":[\"\"],\"btSelectItem\":[\"\"]}', '{\"msg\":\"操作成功\",\"code\":0}', '0', null, '2024-05-16 11:33:53', '96737');
INSERT INTO `sys_oper_log` VALUES ('402', '菜单管理', '2', 'com.ruoyi.project.system.menu.controller.MenuController.editSave()', 'POST', '1', 'admin', '办公室', '/system/menu/edit', '127.0.0.1', '内网IP', '{\"menuId\":[\"2049\"],\"parentId\":[\"2006\"],\"menuType\":[\"C\"],\"menuName\":[\"采购计划管理\"],\"url\":[\"/his/plans\"],\"target\":[\"menuItem\"],\"perms\":[\"his:plans:view\"],\"orderNum\":[\"1\"],\"icon\":[\"#\"],\"visible\":[\"0\"],\"isRefresh\":[\"1\"]}', '{\"msg\":\"操作成功\",\"code\":0}', '0', null, '2024-05-16 11:36:03', '15');
INSERT INTO `sys_oper_log` VALUES ('403', '菜单管理', '2', 'com.ruoyi.project.system.menu.controller.MenuController.editSave()', 'POST', '1', 'admin', '办公室', '/system/menu/edit', '127.0.0.1', '内网IP', '{\"menuId\":[\"2055\"],\"parentId\":[\"2006\"],\"menuType\":[\"C\"],\"menuName\":[\"采购订单管理\"],\"url\":[\"/his/purchase\"],\"target\":[\"menuItem\"],\"perms\":[\"his:purchase:view\"],\"orderNum\":[\"2\"],\"icon\":[\"#\"],\"visible\":[\"0\"],\"isRefresh\":[\"1\"]}', '{\"msg\":\"操作成功\",\"code\":0}', '0', null, '2024-05-16 11:36:30', '18');
INSERT INTO `sys_oper_log` VALUES ('404', '菜单管理', '2', 'com.ruoyi.project.system.menu.controller.MenuController.editSave()', 'POST', '1', 'admin', '办公室', '/system/menu/edit', '127.0.0.1', '内网IP', '{\"menuId\":[\"2069\"],\"parentId\":[\"2006\"],\"menuType\":[\"C\"],\"menuName\":[\"入库管理\"],\"url\":[\"/his/entry\"],\"target\":[\"menuItem\"],\"perms\":[\"his:entry:view\"],\"orderNum\":[\"3\"],\"icon\":[\"#\"],\"visible\":[\"0\"],\"isRefresh\":[\"1\"]}', '{\"msg\":\"操作成功\",\"code\":0}', '0', null, '2024-05-16 11:36:39', '11');
INSERT INTO `sys_oper_log` VALUES ('405', '菜单管理', '2', 'com.ruoyi.project.system.menu.controller.MenuController.editSave()', 'POST', '1', 'admin', '办公室', '/system/menu/edit', '127.0.0.1', '内网IP', '{\"menuId\":[\"2063\"],\"parentId\":[\"2006\"],\"menuType\":[\"C\"],\"menuName\":[\"库存管理\"],\"url\":[\"/his/inventory\"],\"target\":[\"menuItem\"],\"perms\":[\"his:inventory:view\"],\"orderNum\":[\"4\"],\"icon\":[\"#\"],\"visible\":[\"0\"],\"isRefresh\":[\"1\"]}', '{\"msg\":\"操作成功\",\"code\":0}', '0', null, '2024-05-16 11:36:52', '12');
INSERT INTO `sys_oper_log` VALUES ('406', '菜单管理', '2', 'com.ruoyi.project.system.menu.controller.MenuController.editSave()', 'POST', '1', 'admin', '办公室', '/system/menu/edit', '127.0.0.1', '内网IP', '{\"menuId\":[\"2043\"],\"parentId\":[\"2006\"],\"menuType\":[\"C\"],\"menuName\":[\"药品目录管理\"],\"url\":[\"/his/catalogue\"],\"target\":[\"menuItem\"],\"perms\":[\"his:catalogue:view\"],\"orderNum\":[\"100\"],\"icon\":[\"#\"],\"visible\":[\"0\"],\"isRefresh\":[\"1\"]}', '{\"msg\":\"操作成功\",\"code\":0}', '0', null, '2024-05-16 11:37:46', '12');
INSERT INTO `sys_oper_log` VALUES ('407', '菜单管理', '2', 'com.ruoyi.project.system.menu.controller.MenuController.editSave()', 'POST', '1', 'admin', '办公室', '/system/menu/edit', '127.0.0.1', '内网IP', '{\"menuId\":[\"2037\"],\"parentId\":[\"2006\"],\"menuType\":[\"C\"],\"menuName\":[\"供应商管理\"],\"url\":[\"/his/suppliers\"],\"target\":[\"menuItem\"],\"perms\":[\"his:suppliers:view\"],\"orderNum\":[\"101\"],\"icon\":[\"#\"],\"visible\":[\"0\"],\"isRefresh\":[\"1\"]}', '{\"msg\":\"操作成功\",\"code\":0}', '0', null, '2024-05-16 11:37:58', '12');
INSERT INTO `sys_oper_log` VALUES ('408', '采购计划单', '1', 'com.ruoyi.project.his.plans.controller.HisProcurementPlansController.addSave()', 'POST', '1', 'admin', '办公室', '/his/plans/add', '127.0.0.1', '内网IP', '{\"prcpDocNum\":[\"CGJH-240516001\"],\"prcpDate\":[\"2024-05-16\"],\"prcpPurDate\":[\"2024-05-23\"],\"prcpArvDate\":[\"2024-05-31\"],\"prcpStatus\":[\"0\"],\"index\":[\"1\",\"2\"],\"hisProcurementSchedulesList[0].catName\":[\"布洛芬片\"],\"hisProcurementSchedulesList[0].catId\":[\"32\"],\"hisProcurementSchedulesList[0].catEnglishName\":[\"Ibuprofen Tablets\"],\"hisProcurementSchedulesList[0].catSpecs\":[\"0.1g\"],\"hisProcurementSchedulesList[0].catDosageFormLabel\":[\"片剂\"],\"hisProcurementSchedulesList[0].catPackage\":[\"10片/盒\"],\"hisProcurementSchedulesList[0].catUnitLabel\":[\"盒\"],\"hisProcurementSchedulesList[0].pschPrice\":[\"10\"],\"hisProcurementSchedulesList[0].pschNumber\":[\"233\"],\"hisProcurementSchedulesList[1].catName\":[\"硝酸甘油片\"],\"hisProcurementSchedulesList[1].catId\":[\"45\"],\"hisProcurementSchedulesList[1].catEnglishName\":[\"Nitroglycerin Tablets\"],\"hisProcurementSchedulesList[1].catSpecs\":[\"0.5mg\"],\"hisProcurementSchedulesList[1].catDosageFormLabel\":[\"片剂\"],\"hisProcurementSchedulesList[1].catPackage\":[\"100片/瓶\"],\"hisProcurementSchedulesList[1].catUnitLabel\":[\"瓶\"],\"hisProcurementSchedulesList[1].pschPrice\":[\"10\"],\"hisProcurementSchedulesList[1].pschNumber\":[\"120\"],\"btSelectAll\":[\"\"],\"btSelectItem\":[\"\"]}', '{\"msg\":\"操作成功\",\"code\":0}', '0', null, '2024-05-16 12:58:06', '34');
INSERT INTO `sys_oper_log` VALUES ('409', '入库单', '1', 'com.ruoyi.project.his.entry.controller.HisWarehousingEntryController.addSave()', 'POST', '1', 'admin', '办公室', '/his/entry/add', '127.0.0.1', '内网IP', '{\"entDocNum\":[\"YPRK-240516005\"],\"entDate\":[\"2024-05-16\"],\"index\":[\"1\"],\"hisEntrySchedulesList[0].catName\":[\"盐酸氨溴索口服溶液\"],\"hisEntrySchedulesList[0].catId\":[\"51\"],\"hisEntrySchedulesList[0].catSpecs\":[\"10ml:30mg\"],\"hisEntrySchedulesList[0].catDosageFormLabel\":[\"口服液\"],\"hisEntrySchedulesList[0].catPackage\":[\"100ml/瓶\"],\"hisEntrySchedulesList[0].catUnitLabel\":[\"瓶\"],\"hisEntrySchedulesList[0].entSchBatchNumber\":[\"24020816\"],\"hisEntrySchedulesList[0].entSchProdDate\":[\"\"],\"hisEntrySchedulesList[0].entSchValidTo\":[\"\"],\"hisEntrySchedulesList[0].entSchUnitPrice\":[\"\"],\"hisEntrySchedulesList[0].entSchNum\":[\"\"],\"btSelectAll\":[\"\"],\"btSelectItem\":[\"\"]}', '{\"msg\":\"操作成功\",\"code\":0}', '0', null, '2024-05-16 14:29:54', '19443');
INSERT INTO `sys_oper_log` VALUES ('410', '字典类型', '9', 'com.ruoyi.project.system.dict.controller.DictTypeController.refreshCache()', 'GET', '1', 'admin', '办公室', '/system/dict/refreshCache', '127.0.0.1', '内网IP', '', '{\"msg\":\"操作成功\",\"code\":0}', '0', null, '2024-05-16 14:40:13', '15');
INSERT INTO `sys_oper_log` VALUES ('411', '入库单', '2', 'com.ruoyi.project.his.entry.controller.HisWarehousingEntryController.editSave()', 'POST', '1', 'admin', '办公室', '/his/entry/edit', '127.0.0.1', '内网IP', '{\"entId\":[\"11\"],\"userId\":[\"1\"],\"userName\":[\"龙头\"],\"entDocNum\":[\"YPRK-240516005\"],\"entDate\":[\"2024-05-16\"],\"index\":[\"1\"],\"hisEntrySchedulesList[0].catName\":[\"盐酸氨溴索口服溶液\"],\"hisEntrySchedulesList[0].catId\":[\"51\"],\"hisEntrySchedulesList[0].catSpecs\":[\"10ml:30mg\"],\"hisEntrySchedulesList[0].catDosageFormLabel\":[\"口服液\"],\"hisEntrySchedulesList[0].catPackage\":[\"100ml/瓶\"],\"hisEntrySchedulesList[0].catUnitLabel\":[\"瓶\"],\"hisEntrySchedulesList[0].entSchBatchNumber\":[\"24020816\"],\"hisEntrySchedulesList[0].entSchProdDate\":[\"\"],\"hisEntrySchedulesList[0].entSchValidTo\":[\"\"],\"hisEntrySchedulesList[0].entSchUnitPrice\":[\"\"],\"hisEntrySchedulesList[0].entSchNum\":[\"100\"],\"btSelectAll\":[\"\"],\"btSelectItem\":[\"\"]}', '{\"msg\":\"操作成功\",\"code\":0}', '0', null, '2024-05-16 14:50:01', '21');
INSERT INTO `sys_oper_log` VALUES ('412', '入库单', '2', 'com.ruoyi.project.his.entry.controller.HisWarehousingEntryController.editSave()', 'POST', '1', 'admin', '办公室', '/his/entry/edit', '127.0.0.1', '内网IP', '{\"entId\":[\"11\"],\"userId\":[\"1\"],\"userName\":[\"龙头\"],\"entDocNum\":[\"YPRK-240516005\"],\"entDate\":[\"2024-05-16\"],\"index\":[\"1\"],\"hisEntrySchedulesList[0].catName\":[\"盐酸氨溴索口服溶液\"],\"hisEntrySchedulesList[0].catId\":[\"51\"],\"hisEntrySchedulesList[0].catSpecs\":[\"10ml:30mg\"],\"hisEntrySchedulesList[0].catDosageFormLabel\":[\"口服液\"],\"hisEntrySchedulesList[0].catPackage\":[\"100ml/瓶\"],\"hisEntrySchedulesList[0].catUnitLabel\":[\"瓶\"],\"hisEntrySchedulesList[0].entSchBatchNumber\":[\"24020816\"],\"hisEntrySchedulesList[0].entSchProdDate\":[\"2024-04-28\"],\"hisEntrySchedulesList[0].entSchValidTo\":[\"2024-05-25\"],\"hisEntrySchedulesList[0].entSchUnitPrice\":[\"50\"],\"hisEntrySchedulesList[0].entSchNum\":[\"100\"],\"btSelectAll\":[\"\"],\"btSelectItem\":[\"\"]}', '{\"msg\":\"操作成功\",\"code\":0}', '0', null, '2024-05-16 14:53:14', '21');
INSERT INTO `sys_oper_log` VALUES ('413', '入库单', '2', 'com.ruoyi.project.his.entry.controller.HisWarehousingEntryController.editSave()', 'POST', '1', 'admin', '办公室', '/his/entry/edit', '127.0.0.1', '内网IP', '{\"entId\":[\"10\"],\"userId\":[\"1\"],\"userName\":[\"龙头\"],\"entDocNum\":[\"YPRK-240516006\"],\"entDate\":[\"2024-05-16\"],\"index\":[\"1\",\"2\",\"3\",\"4\",\"5\"],\"hisEntrySchedulesList[0].catName\":[\"阿司匹林肠溶片\"],\"hisEntrySchedulesList[0].catId\":[\"33\"],\"hisEntrySchedulesList[0].catSpecs\":[\"50mg\"],\"hisEntrySchedulesList[0].catDosageFormLabel\":[\"片剂\"],\"hisEntrySchedulesList[0].catPackage\":[\"24片/盒\"],\"hisEntrySchedulesList[0].catUnitLabel\":[\"盒\"],\"hisEntrySchedulesList[0].entSchBatchNumber\":[\"24020816\"],\"hisEntrySchedulesList[0].entSchProdDate\":[\"\"],\"hisEntrySchedulesList[0].entSchValidTo\":[\"\"],\"hisEntrySchedulesList[0].entSchUnitPrice\":[\"50\"],\"hisEntrySchedulesList[0].entSchNum\":[\"100\"],\"hisEntrySchedulesList[1].catName\":[\"布洛芬片\"],\"hisEntrySchedulesList[1].catId\":[\"32\"],\"hisEntrySchedulesList[1].catSpecs\":[\"0.1g\"],\"hisEntrySchedulesList[1].catDosageFormLabel\":[\"片剂\"],\"hisEntrySchedulesList[1].catPackage\":[\"10片/盒\"],\"hisEntrySchedulesList[1].catUnitLabel\":[\"盒\"],\"hisEntrySchedulesList[1].entSchBatchNumber\":[\"24020816\"],\"hisEntrySchedulesList[1].entSchProdDate\":[\"\"],\"hisEntrySchedulesList[1].entSchValidTo\":[\"\"],\"hisEntrySchedulesList[1].entSchUnitPrice\":[\"\"],\"hisEntrySchedulesList[1].entSchNum\":[\"100\"],\"hisEntrySchedulesList[2].catName\":[\"布洛芬片\"],\"hisEntrySchedulesList[2].catId\":[\"32\"],\"hisEntrySchedulesList[2].catSpecs\":[\"0.1g\"],\"hisEntrySchedulesList[2].catDosageFormLabel\":[\"片剂\"],\"hisEntrySchedulesList[2].catPackage\":[\"10片/盒\"],\"hisEntrySchedulesList[2].catUnitLabel\":[\"盒\"],\"hisEntrySchedulesList[2].entSchBatchNumber\":[\"24020816\"],\"hisEntrySchedulesList[2].entSchProdDate\":[\"\"],\"hisEntrySchedulesList[2].entSchValidTo\":[\"2024-06-08\"],\"hisEntrySchedulesList[2].entSchUnitPrice\":[\"\"],\"hisEntrySchedulesList[2].entSchNum\":[\"100\"],\"hisEntrySchedulesList[3].catName\":[\"甲硝唑片\"],\"hisEntrySchedulesList[3].catId\":[\"46\"],\"hisEntrySchedulesList[3].catSpecs\":[\"0.2g\"],\"hisEntrySchedulesList[3].catDosageFormLabel\":[\"片剂\"],\"hisEntrySchedulesList[3].catPackage\":[\"20片/盒\"],\"hisEntrySchedulesList[3].catUnitLabel\":[\"盒\"],\"hisEntrySched', '{\"msg\":\"操作成功\",\"code\":0}', '0', null, '2024-05-16 14:54:12', '64');
INSERT INTO `sys_oper_log` VALUES ('414', '入库单', '2', 'com.ruoyi.project.his.entry.controller.HisWarehousingEntryController.editSave()', 'POST', '1', 'admin', '办公室', '/his/entry/edit', '127.0.0.1', '内网IP', '{\"entId\":[\"10\"],\"userId\":[\"1\"],\"userName\":[\"龙头\"],\"entDocNum\":[\"YPRK-240516006\"],\"entDate\":[\"2024-05-16\"],\"index\":[\"1\",\"2\",\"3\",\"4\",\"5\"],\"hisEntrySchedulesList[0].catName\":[\"阿司匹林肠溶片\"],\"hisEntrySchedulesList[0].catId\":[\"33\"],\"hisEntrySchedulesList[0].catSpecs\":[\"50mg\"],\"hisEntrySchedulesList[0].catDosageFormLabel\":[\"片剂\"],\"hisEntrySchedulesList[0].catPackage\":[\"24片/盒\"],\"hisEntrySchedulesList[0].catUnitLabel\":[\"盒\"],\"hisEntrySchedulesList[0].entSchBatchNumber\":[\"24020816\"],\"hisEntrySchedulesList[0].entSchProdDate\":[\"\"],\"hisEntrySchedulesList[0].entSchValidTo\":[\"\"],\"hisEntrySchedulesList[0].entSchUnitPrice\":[\"50\"],\"hisEntrySchedulesList[0].entSchNum\":[\"100\"],\"hisEntrySchedulesList[1].catName\":[\"布洛芬片\"],\"hisEntrySchedulesList[1].catId\":[\"32\"],\"hisEntrySchedulesList[1].catSpecs\":[\"0.1g\"],\"hisEntrySchedulesList[1].catDosageFormLabel\":[\"片剂\"],\"hisEntrySchedulesList[1].catPackage\":[\"10片/盒\"],\"hisEntrySchedulesList[1].catUnitLabel\":[\"盒\"],\"hisEntrySchedulesList[1].entSchBatchNumber\":[\"24020816\"],\"hisEntrySchedulesList[1].entSchProdDate\":[\"2024-04-28\"],\"hisEntrySchedulesList[1].entSchValidTo\":[\"\"],\"hisEntrySchedulesList[1].entSchUnitPrice\":[\"\"],\"hisEntrySchedulesList[1].entSchNum\":[\"100\"],\"hisEntrySchedulesList[2].catName\":[\"布洛芬片\"],\"hisEntrySchedulesList[2].catId\":[\"32\"],\"hisEntrySchedulesList[2].catSpecs\":[\"0.1g\"],\"hisEntrySchedulesList[2].catDosageFormLabel\":[\"片剂\"],\"hisEntrySchedulesList[2].catPackage\":[\"10片/盒\"],\"hisEntrySchedulesList[2].catUnitLabel\":[\"盒\"],\"hisEntrySchedulesList[2].entSchBatchNumber\":[\"24020816\"],\"hisEntrySchedulesList[2].entSchProdDate\":[\"\"],\"hisEntrySchedulesList[2].entSchValidTo\":[\"2024-06-07\"],\"hisEntrySchedulesList[2].entSchUnitPrice\":[\"\"],\"hisEntrySchedulesList[2].entSchNum\":[\"100\"],\"hisEntrySchedulesList[3].catName\":[\"甲硝唑片\"],\"hisEntrySchedulesList[3].catId\":[\"46\"],\"hisEntrySchedulesList[3].catSpecs\":[\"0.2g\"],\"hisEntrySchedulesList[3].catDosageFormLabel\":[\"片剂\"],\"hisEntrySchedulesList[3].catPackage\":[\"20片/盒\"],\"hisEntrySchedulesList[3].catUnitLabel\":[\"盒\"],\"his', '{\"msg\":\"操作成功\",\"code\":0}', '0', null, '2024-05-16 14:54:43', '17');
INSERT INTO `sys_oper_log` VALUES ('415', '入库单', '2', 'com.ruoyi.project.his.entry.controller.HisWarehousingEntryController.editSave()', 'POST', '1', 'admin', '办公室', '/his/entry/edit', '127.0.0.1', '内网IP', '{\"entId\":[\"10\"],\"userId\":[\"1\"],\"userName\":[\"龙头\"],\"entDocNum\":[\"YPRK-240516006\"],\"entDate\":[\"2024-05-16\"],\"index\":[\"1\",\"2\",\"3\",\"4\",\"5\"],\"hisEntrySchedulesList[0].catName\":[\"阿司匹林肠溶片\"],\"hisEntrySchedulesList[0].catId\":[\"33\"],\"hisEntrySchedulesList[0].catSpecs\":[\"50mg\"],\"hisEntrySchedulesList[0].catDosageFormLabel\":[\"片剂\"],\"hisEntrySchedulesList[0].catPackage\":[\"24片/盒\"],\"hisEntrySchedulesList[0].catUnitLabel\":[\"盒\"],\"hisEntrySchedulesList[0].entSchBatchNumber\":[\"24020816\"],\"hisEntrySchedulesList[0].entSchProdDate\":[\"\"],\"hisEntrySchedulesList[0].entSchValidTo\":[\"\"],\"hisEntrySchedulesList[0].entSchUnitPrice\":[\"50\"],\"hisEntrySchedulesList[0].entSchNum\":[\"100\"],\"hisEntrySchedulesList[1].catName\":[\"布洛芬片\"],\"hisEntrySchedulesList[1].catId\":[\"32\"],\"hisEntrySchedulesList[1].catSpecs\":[\"0.1g\"],\"hisEntrySchedulesList[1].catDosageFormLabel\":[\"片剂\"],\"hisEntrySchedulesList[1].catPackage\":[\"10片/盒\"],\"hisEntrySchedulesList[1].catUnitLabel\":[\"盒\"],\"hisEntrySchedulesList[1].entSchBatchNumber\":[\"24020816\"],\"hisEntrySchedulesList[1].entSchProdDate\":[\"2024-04-27\"],\"hisEntrySchedulesList[1].entSchValidTo\":[\"\"],\"hisEntrySchedulesList[1].entSchUnitPrice\":[\"\"],\"hisEntrySchedulesList[1].entSchNum\":[\"100\"],\"hisEntrySchedulesList[2].catName\":[\"布洛芬片\"],\"hisEntrySchedulesList[2].catId\":[\"32\"],\"hisEntrySchedulesList[2].catSpecs\":[\"0.1g\"],\"hisEntrySchedulesList[2].catDosageFormLabel\":[\"片剂\"],\"hisEntrySchedulesList[2].catPackage\":[\"10片/盒\"],\"hisEntrySchedulesList[2].catUnitLabel\":[\"盒\"],\"hisEntrySchedulesList[2].entSchBatchNumber\":[\"24020816\"],\"hisEntrySchedulesList[2].entSchProdDate\":[\"2024-04-28\"],\"hisEntrySchedulesList[2].entSchValidTo\":[\"2024-06-06\"],\"hisEntrySchedulesList[2].entSchUnitPrice\":[\"\"],\"hisEntrySchedulesList[2].entSchNum\":[\"100\"],\"hisEntrySchedulesList[3].catName\":[\"甲硝唑片\"],\"hisEntrySchedulesList[3].catId\":[\"46\"],\"hisEntrySchedulesList[3].catSpecs\":[\"0.2g\"],\"hisEntrySchedulesList[3].catDosageFormLabel\":[\"片剂\"],\"hisEntrySchedulesList[3].catPackage\":[\"20片/盒\"],\"hisEntrySchedulesList[3].catUnitLabel\":', '{\"msg\":\"操作成功\",\"code\":0}', '0', null, '2024-05-16 14:54:59', '13');
INSERT INTO `sys_oper_log` VALUES ('416', '入库单', '2', 'com.ruoyi.project.his.entry.controller.HisWarehousingEntryController.editSave()', 'POST', '1', 'admin', '办公室', '/his/entry/edit', '127.0.0.1', '内网IP', '{\"entId\":[\"10\"],\"userId\":[\"1\"],\"userName\":[\"龙头\"],\"entDocNum\":[\"YPRK-240516006\"],\"entDate\":[\"2024-05-16\"],\"index\":[\"1\",\"2\",\"3\",\"4\",\"5\"],\"hisEntrySchedulesList[0].catName\":[\"阿司匹林肠溶片\"],\"hisEntrySchedulesList[0].catId\":[\"33\"],\"hisEntrySchedulesList[0].catSpecs\":[\"50mg\"],\"hisEntrySchedulesList[0].catDosageFormLabel\":[\"片剂\"],\"hisEntrySchedulesList[0].catPackage\":[\"24片/盒\"],\"hisEntrySchedulesList[0].catUnitLabel\":[\"盒\"],\"hisEntrySchedulesList[0].entSchBatchNumber\":[\"24020816\"],\"hisEntrySchedulesList[0].entSchProdDate\":[\"\"],\"hisEntrySchedulesList[0].entSchValidTo\":[\"\"],\"hisEntrySchedulesList[0].entSchUnitPrice\":[\"50\"],\"hisEntrySchedulesList[0].entSchNum\":[\"100\"],\"hisEntrySchedulesList[1].catName\":[\"布洛芬片\"],\"hisEntrySchedulesList[1].catId\":[\"32\"],\"hisEntrySchedulesList[1].catSpecs\":[\"0.1g\"],\"hisEntrySchedulesList[1].catDosageFormLabel\":[\"片剂\"],\"hisEntrySchedulesList[1].catPackage\":[\"10片/盒\"],\"hisEntrySchedulesList[1].catUnitLabel\":[\"盒\"],\"hisEntrySchedulesList[1].entSchBatchNumber\":[\"24020816\"],\"hisEntrySchedulesList[1].entSchProdDate\":[\"2024-04-26\"],\"hisEntrySchedulesList[1].entSchValidTo\":[\"\"],\"hisEntrySchedulesList[1].entSchUnitPrice\":[\"\"],\"hisEntrySchedulesList[1].entSchNum\":[\"100\"],\"hisEntrySchedulesList[2].catName\":[\"布洛芬片\"],\"hisEntrySchedulesList[2].catId\":[\"32\"],\"hisEntrySchedulesList[2].catSpecs\":[\"0.1g\"],\"hisEntrySchedulesList[2].catDosageFormLabel\":[\"片剂\"],\"hisEntrySchedulesList[2].catPackage\":[\"10片/盒\"],\"hisEntrySchedulesList[2].catUnitLabel\":[\"盒\"],\"hisEntrySchedulesList[2].entSchBatchNumber\":[\"24020816\"],\"hisEntrySchedulesList[2].entSchProdDate\":[\"2024-04-27\"],\"hisEntrySchedulesList[2].entSchValidTo\":[\"2024-06-05\"],\"hisEntrySchedulesList[2].entSchUnitPrice\":[\"\"],\"hisEntrySchedulesList[2].entSchNum\":[\"100\"],\"hisEntrySchedulesList[3].catName\":[\"甲硝唑片\"],\"hisEntrySchedulesList[3].catId\":[\"46\"],\"hisEntrySchedulesList[3].catSpecs\":[\"0.2g\"],\"hisEntrySchedulesList[3].catDosageFormLabel\":[\"片剂\"],\"hisEntrySchedulesList[3].catPackage\":[\"20片/盒\"],\"hisEntrySchedulesList[3].catUnitLabel\":', '{\"msg\":\"操作成功\",\"code\":0}', '0', null, '2024-05-16 14:55:33', '94');
INSERT INTO `sys_oper_log` VALUES ('417', '入库单', '2', 'com.ruoyi.project.his.entry.controller.HisWarehousingEntryController.editSave()', 'POST', '1', 'admin', '办公室', '/his/entry/edit', '127.0.0.1', '内网IP', '{\"entId\":[\"10\"],\"userId\":[\"1\"],\"userName\":[\"龙头\"],\"entDocNum\":[\"YPRK-240516006\"],\"entDate\":[\"2024-05-16\"],\"index\":[\"1\",\"2\",\"3\",\"4\",\"5\"],\"hisEntrySchedulesList[0].catName\":[\"阿司匹林肠溶片\"],\"hisEntrySchedulesList[0].catId\":[\"33\"],\"hisEntrySchedulesList[0].catSpecs\":[\"50mg\"],\"hisEntrySchedulesList[0].catDosageFormLabel\":[\"片剂\"],\"hisEntrySchedulesList[0].catPackage\":[\"24片/盒\"],\"hisEntrySchedulesList[0].catUnitLabel\":[\"盒\"],\"hisEntrySchedulesList[0].entSchBatchNumber\":[\"24020816\"],\"hisEntrySchedulesList[0].entSchProdDate\":[\"\"],\"hisEntrySchedulesList[0].entSchValidTo\":[\"\"],\"hisEntrySchedulesList[0].entSchUnitPrice\":[\"50\"],\"hisEntrySchedulesList[0].entSchNum\":[\"100\"],\"hisEntrySchedulesList[1].catName\":[\"布洛芬片\"],\"hisEntrySchedulesList[1].catId\":[\"32\"],\"hisEntrySchedulesList[1].catSpecs\":[\"0.1g\"],\"hisEntrySchedulesList[1].catDosageFormLabel\":[\"片剂\"],\"hisEntrySchedulesList[1].catPackage\":[\"10片/盒\"],\"hisEntrySchedulesList[1].catUnitLabel\":[\"盒\"],\"hisEntrySchedulesList[1].entSchBatchNumber\":[\"24020816\"],\"hisEntrySchedulesList[1].entSchProdDate\":[\"2024-04-25\"],\"hisEntrySchedulesList[1].entSchValidTo\":[\"\"],\"hisEntrySchedulesList[1].entSchUnitPrice\":[\"\"],\"hisEntrySchedulesList[1].entSchNum\":[\"100\"],\"hisEntrySchedulesList[2].catName\":[\"布洛芬片\"],\"hisEntrySchedulesList[2].catId\":[\"32\"],\"hisEntrySchedulesList[2].catSpecs\":[\"0.1g\"],\"hisEntrySchedulesList[2].catDosageFormLabel\":[\"片剂\"],\"hisEntrySchedulesList[2].catPackage\":[\"10片/盒\"],\"hisEntrySchedulesList[2].catUnitLabel\":[\"盒\"],\"hisEntrySchedulesList[2].entSchBatchNumber\":[\"24020816\"],\"hisEntrySchedulesList[2].entSchProdDate\":[\"2024-04-26\"],\"hisEntrySchedulesList[2].entSchValidTo\":[\"2024-06-04\"],\"hisEntrySchedulesList[2].entSchUnitPrice\":[\"\"],\"hisEntrySchedulesList[2].entSchNum\":[\"100\"],\"hisEntrySchedulesList[3].catName\":[\"甲硝唑片\"],\"hisEntrySchedulesList[3].catId\":[\"46\"],\"hisEntrySchedulesList[3].catSpecs\":[\"0.2g\"],\"hisEntrySchedulesList[3].catDosageFormLabel\":[\"片剂\"],\"hisEntrySchedulesList[3].catPackage\":[\"20片/盒\"],\"hisEntrySchedulesList[3].catUnitLabel\":', '{\"msg\":\"操作成功\",\"code\":0}', '0', null, '2024-05-16 14:56:09', '19');
INSERT INTO `sys_oper_log` VALUES ('418', '入库单', '2', 'com.ruoyi.project.his.entry.controller.HisWarehousingEntryController.editSave()', 'POST', '1', 'admin', '办公室', '/his/entry/edit', '127.0.0.1', '内网IP', '{\"entId\":[\"9\"],\"userId\":[\"1\"],\"userName\":[\"龙头\"],\"entDocNum\":[\"YPRK-240516001\"],\"entDate\":[\"2024-05-16\"],\"index\":[\"1\",\"2\",\"3\",\"4\",\"5\"],\"hisEntrySchedulesList[0].catName\":[\"阿司匹林肠溶片\"],\"hisEntrySchedulesList[0].catId\":[\"33\"],\"hisEntrySchedulesList[0].catSpecs\":[\"50mg\"],\"hisEntrySchedulesList[0].catDosageFormLabel\":[\"片剂\"],\"hisEntrySchedulesList[0].catPackage\":[\"24片/盒\"],\"hisEntrySchedulesList[0].catUnitLabel\":[\"盒\"],\"hisEntrySchedulesList[0].entSchBatchNumber\":[\"24020816\"],\"hisEntrySchedulesList[0].entSchProdDate\":[\"\"],\"hisEntrySchedulesList[0].entSchValidTo\":[\"\"],\"hisEntrySchedulesList[0].entSchUnitPrice\":[\"\"],\"hisEntrySchedulesList[0].entSchNum\":[\"100\"],\"hisEntrySchedulesList[1].catName\":[\"布洛芬片\"],\"hisEntrySchedulesList[1].catId\":[\"32\"],\"hisEntrySchedulesList[1].catSpecs\":[\"0.1g\"],\"hisEntrySchedulesList[1].catDosageFormLabel\":[\"片剂\"],\"hisEntrySchedulesList[1].catPackage\":[\"10片/盒\"],\"hisEntrySchedulesList[1].catUnitLabel\":[\"盒\"],\"hisEntrySchedulesList[1].entSchBatchNumber\":[\"24020816\"],\"hisEntrySchedulesList[1].entSchProdDate\":[\"\"],\"hisEntrySchedulesList[1].entSchValidTo\":[\"\"],\"hisEntrySchedulesList[1].entSchUnitPrice\":[\"\"],\"hisEntrySchedulesList[1].entSchNum\":[\"100\"],\"hisEntrySchedulesList[2].catName\":[\"布洛芬片\"],\"hisEntrySchedulesList[2].catId\":[\"32\"],\"hisEntrySchedulesList[2].catSpecs\":[\"0.1g\"],\"hisEntrySchedulesList[2].catDosageFormLabel\":[\"片剂\"],\"hisEntrySchedulesList[2].catPackage\":[\"10片/盒\"],\"hisEntrySchedulesList[2].catUnitLabel\":[\"盒\"],\"hisEntrySchedulesList[2].entSchBatchNumber\":[\"24020816\"],\"hisEntrySchedulesList[2].entSchProdDate\":[\"\"],\"hisEntrySchedulesList[2].entSchValidTo\":[\"\"],\"hisEntrySchedulesList[2].entSchUnitPrice\":[\"\"],\"hisEntrySchedulesList[2].entSchNum\":[\"100\"],\"hisEntrySchedulesList[3].catName\":[\"甲硝唑片\"],\"hisEntrySchedulesList[3].catId\":[\"46\"],\"hisEntrySchedulesList[3].catSpecs\":[\"0.2g\"],\"hisEntrySchedulesList[3].catDosageFormLabel\":[\"片剂\"],\"hisEntrySchedulesList[3].catPackage\":[\"20片/盒\"],\"hisEntrySchedulesList[3].catUnitLabel\":[\"盒\"],\"hisEntrySchedulesList[3].e', '{\"msg\":\"操作成功\",\"code\":0}', '0', null, '2024-05-16 14:58:38', '18');
INSERT INTO `sys_oper_log` VALUES ('419', '库存管理', '3', 'com.ruoyi.project.his.inventory.controller.HisInventoryController.remove()', 'POST', '1', 'admin', '办公室', '/his/inventory/remove', '127.0.0.1', '内网IP', '{\"ids\":[\"7\"]}', '{\"msg\":\"操作成功\",\"code\":0}', '0', null, '2024-05-16 14:58:48', '14');
INSERT INTO `sys_oper_log` VALUES ('420', '入库单', '1', 'com.ruoyi.project.his.entry.controller.HisWarehousingEntryController.addSave()', 'POST', '1', 'admin', '办公室', '/his/entry/add', '127.0.0.1', '内网IP', '{\"entDocNum\":[\"YPRK-240516003\"],\"entDate\":[\"2024-05-16\"],\"index\":[\"1\",\"2\",\"3\"],\"hisEntrySchedulesList[0].catName\":[\"盐酸西替利嗪片\"],\"hisEntrySchedulesList[0].catId\":[\"36\"],\"hisEntrySchedulesList[0].catSpecs\":[\"10mg\"],\"hisEntrySchedulesList[0].catDosageFormLabel\":[\"片剂\"],\"hisEntrySchedulesList[0].catPackage\":[\"10片/盒\"],\"hisEntrySchedulesList[0].catUnitLabel\":[\"盒\"],\"hisEntrySchedulesList[0].entSchBatchNumber\":[\"23020816\"],\"hisEntrySchedulesList[0].entSchProdDate\":[\"\"],\"hisEntrySchedulesList[0].entSchValidTo\":[\"\"],\"hisEntrySchedulesList[0].entSchUnitPrice\":[\"12\"],\"hisEntrySchedulesList[0].entSchNum\":[\"100\"],\"hisEntrySchedulesList[1].catName\":[\"头孢克肟胶囊\"],\"hisEntrySchedulesList[1].catId\":[\"54\"],\"hisEntrySchedulesList[1].catSpecs\":[\"100mg\"],\"hisEntrySchedulesList[1].catDosageFormLabel\":[\"胶囊剂\"],\"hisEntrySchedulesList[1].catPackage\":[\"6粒/盒\"],\"hisEntrySchedulesList[1].catUnitLabel\":[\"盒\"],\"hisEntrySchedulesList[1].entSchBatchNumber\":[\"23020816\"],\"hisEntrySchedulesList[1].entSchProdDate\":[\"\"],\"hisEntrySchedulesList[1].entSchValidTo\":[\"\"],\"hisEntrySchedulesList[1].entSchUnitPrice\":[\"50\"],\"hisEntrySchedulesList[1].entSchNum\":[\"100\"],\"hisEntrySchedulesList[2].catName\":[\"多潘立酮片\"],\"hisEntrySchedulesList[2].catId\":[\"61\"],\"hisEntrySchedulesList[2].catSpecs\":[\"10mg\"],\"hisEntrySchedulesList[2].catDosageFormLabel\":[\"片剂\"],\"hisEntrySchedulesList[2].catPackage\":[\"30片/瓶\"],\"hisEntrySchedulesList[2].catUnitLabel\":[\"瓶\"],\"hisEntrySchedulesList[2].entSchBatchNumber\":[\"23020816\"],\"hisEntrySchedulesList[2].entSchProdDate\":[\"\"],\"hisEntrySchedulesList[2].entSchValidTo\":[\"\"],\"hisEntrySchedulesList[2].entSchUnitPrice\":[\"14\"],\"hisEntrySchedulesList[2].entSchNum\":[\"120\"],\"btSelectAll\":[\"\"],\"btSelectItem\":[\"\"]}', '{\"msg\":\"操作成功\",\"code\":0}', '0', null, '2024-05-16 14:59:22', '39');
INSERT INTO `sys_oper_log` VALUES ('421', '库存管理', '2', 'com.ruoyi.project.his.inventory.controller.HisInventoryController.editSave()', 'POST', '1', 'admin', '办公室', '/his/inventory/edit', '127.0.0.1', '内网IP', '{\"invId\":[\"2\"],\"catId\":[\"32\"],\"invBatchNumber\":[\"20210303\"],\"invNumber\":[\"430\"],\"invUnitPrice\":[\"35\"],\"invProdDate\":[\"2024-04-28\"],\"invValidTo\":[\"2024-05-30\"]}', '{\"msg\":\"操作成功\",\"code\":0}', '0', null, '2024-05-16 15:18:13', '8');
INSERT INTO `sys_oper_log` VALUES ('422', '库存管理', '2', 'com.ruoyi.project.his.inventory.controller.HisInventoryController.editSave()', 'POST', '1', 'admin', '办公室', '/his/inventory/edit', '127.0.0.1', '内网IP', '{\"invId\":[\"3\"],\"catId\":[\"33\"],\"invBatchNumber\":[\"24020816\"],\"invNumber\":[\"100\"],\"invUnitPrice\":[\"35\"],\"invProdDate\":[\"\"],\"invValidTo\":[\"\"]}', '{\"msg\":\"操作成功\",\"code\":0}', '0', null, '2024-05-16 15:18:42', '6');
INSERT INTO `sys_oper_log` VALUES ('423', '库存管理', '2', 'com.ruoyi.project.his.inventory.controller.HisInventoryController.editSave()', 'POST', '1', 'admin', '办公室', '/his/inventory/edit', '127.0.0.1', '内网IP', '{\"invId\":[\"4\"],\"catId\":[\"32\"],\"invBatchNumber\":[\"24020816\"],\"invNumber\":[\"200\"],\"invUnitPrice\":[\"35\"],\"invProdDate\":[\"\"],\"invValidTo\":[\"\"]}', '{\"msg\":\"操作成功\",\"code\":0}', '0', null, '2024-05-16 15:18:48', '8');
INSERT INTO `sys_oper_log` VALUES ('424', '库存管理', '3', 'com.ruoyi.project.his.inventory.controller.HisInventoryController.remove()', 'POST', '1', 'admin', '办公室', '/his/inventory/remove', '127.0.0.1', '内网IP', '{\"ids\":[\"6\"]}', '{\"msg\":\"操作成功\",\"code\":0}', '0', null, '2024-05-16 16:04:43', '15');
INSERT INTO `sys_oper_log` VALUES ('425', '库存管理', '3', 'com.ruoyi.project.his.inventory.controller.HisInventoryController.remove()', 'POST', '1', 'admin', '办公室', '/his/inventory/remove', '127.0.0.1', '内网IP', '{\"ids\":[\"5\"]}', '{\"msg\":\"操作成功\",\"code\":0}', '0', null, '2024-05-16 16:04:45', '13');
INSERT INTO `sys_oper_log` VALUES ('426', '库存管理', '1', 'com.ruoyi.project.his.inventory.controller.HisInventoryController.addSave()', 'POST', '1', 'admin', '办公室', '/his/inventory/add', '127.0.0.1', '内网IP', '{\"catId\":[\"38\"],\"catName\":[\"头孢拉定胶囊\"],\"invBatchNumber\":[\"20210303\"],\"invNumber\":[\"100\"],\"invUnitPrice\":[\"\"],\"invProdDate\":[\"\"],\"invValidTo\":[\"\"]}', '{\"msg\":\"操作成功\",\"code\":0}', '0', null, '2024-05-16 16:08:39', '15');
INSERT INTO `sys_oper_log` VALUES ('427', '库存管理', '1', 'com.ruoyi.project.his.inventory.controller.HisInventoryController.addSave()', 'POST', '1', 'admin', '办公室', '/his/inventory/add', '127.0.0.1', '内网IP', '{\"catId\":[\"38\"],\"catName\":[\"头孢拉定胶囊\"],\"invBatchNumber\":[\"20210303\"],\"invNumber\":[\"100\"],\"invUnitPrice\":[\"\"],\"invProdDate\":[\"\"],\"invValidTo\":[\"\"]}', '{\"msg\":\"操作成功\",\"code\":0}', '0', null, '2024-05-16 16:08:54', '10');
INSERT INTO `sys_oper_log` VALUES ('428', '库存管理', '2', 'com.ruoyi.project.his.inventory.controller.HisInventoryController.editSave()', 'POST', '1', 'admin', '办公室', '/his/inventory/edit', '127.0.0.1', '内网IP', '{\"invId\":[\"11\"],\"catId\":[\"38\"],\"invBatchNumber\":[\"20210303\"],\"invNumber\":[\"100\"],\"invUnitPrice\":[\"\"],\"invProdDate\":[\"\"],\"invValidTo\":[\"\"]}', '{\"msg\":\"操作成功\",\"code\":0}', '0', null, '2024-05-16 16:09:03', '10');
INSERT INTO `sys_oper_log` VALUES ('429', '患者信息', '2', 'com.ruoyi.project.his.registration.controller.HisPatientsController.editSave()', 'POST', '1', 'admin', '办公室', '/his/patients/edit', '127.0.0.1', '内网IP', '{\"patientId\":[\"1\"],\"userId\":[\"\"],\"patientName\":[\"袁神\"],\"patientSex\":[\"0\"],\"patientBirthDate\":[\"1980-01-01\"],\"patientAge\":[\"44\"],\"patientIdCardNum\":[\"110105198001018888\"],\"patientMedCardNum\":[\"123486404649\"],\"patientPhoneNum\":[\"13425432\"]}', '{\"msg\":\"操作成功\",\"code\":0}', '0', null, '2024-05-16 23:50:09', '101');
INSERT INTO `sys_oper_log` VALUES ('430', '患者信息', '2', 'com.ruoyi.project.his.registration.controller.HisPatientsController.editSave()', 'POST', '1', 'admin', '办公室', '/his/patients/edit', '127.0.0.1', '内网IP', '{\"patientId\":[\"1\"],\"userId\":[\"\"],\"patientName\":[\"袁神\"],\"patientSex\":[\"0\"],\"patientBirthDate\":[\"1980-01-01\"],\"patientAge\":[\"44\"],\"patientIdCardNum\":[\"110105198001018888\"],\"patientMedCardNum\":[\"4897986543517\"],\"patientPhoneNum\":[\"13425432\"]}', '{\"msg\":\"操作成功\",\"code\":0}', '0', null, '2024-05-16 23:50:16', '13');
INSERT INTO `sys_oper_log` VALUES ('431', '代码生成', '6', 'com.ruoyi.project.tool.gen.controller.GenController.importTableSave()', 'POST', '1', 'admin', '办公室', '/tool/gen/importTable', '127.0.0.1', '内网IP', '{\"tables\":[\"his_registers\"]}', '{\"msg\":\"操作成功\",\"code\":0}', '0', null, '2024-05-17 00:17:33', '53');
INSERT INTO `sys_oper_log` VALUES ('432', '代码生成', '2', 'com.ruoyi.project.tool.gen.controller.GenController.editSave()', 'POST', '1', 'admin', '办公室', '/tool/gen/edit', '127.0.0.1', '内网IP', '{\"tableId\":[\"25\"],\"tableName\":[\"his_registers\"],\"tableComment\":[\"挂号记录表\"],\"className\":[\"HisRegisters\"],\"functionAuthor\":[\"SteveMMMy\"],\"remark\":[\"\"],\"columns[0].columnId\":[\"164\"],\"columns[0].sort\":[\"1\"],\"columns[0].columnComment\":[\"记录编号\"],\"columns[0].javaType\":[\"Long\"],\"columns[0].javaField\":[\"regId\"],\"columns[0].isInsert\":[\"1\"],\"columns[0].queryType\":[\"EQ\"],\"columns[0].htmlType\":[\"input\"],\"columns[0].dictType\":[\"\"],\"columns[1].columnId\":[\"165\"],\"columns[1].sort\":[\"2\"],\"columns[1].columnComment\":[\"医生ID\"],\"columns[1].javaType\":[\"Long\"],\"columns[1].javaField\":[\"userId\"],\"columns[1].isInsert\":[\"1\"],\"columns[1].isEdit\":[\"1\"],\"columns[1].isList\":[\"1\"],\"columns[1].isQuery\":[\"1\"],\"columns[1].queryType\":[\"EQ\"],\"columns[1].isRequired\":[\"1\"],\"columns[1].htmlType\":[\"input\"],\"columns[1].dictType\":[\"\"],\"columns[2].columnId\":[\"166\"],\"columns[2].sort\":[\"3\"],\"columns[2].columnComment\":[\"患者编号\"],\"columns[2].javaType\":[\"Long\"],\"columns[2].javaField\":[\"patientId\"],\"columns[2].isInsert\":[\"1\"],\"columns[2].isEdit\":[\"1\"],\"columns[2].isList\":[\"1\"],\"columns[2].isQuery\":[\"1\"],\"columns[2].queryType\":[\"EQ\"],\"columns[2].isRequired\":[\"1\"],\"columns[2].htmlType\":[\"input\"],\"columns[2].dictType\":[\"\"],\"columns[3].columnId\":[\"167\"],\"columns[3].sort\":[\"4\"],\"columns[3].columnComment\":[\"挂号日期\"],\"columns[3].javaType\":[\"Date\"],\"columns[3].javaField\":[\"regTime\"],\"columns[3].isInsert\":[\"1\"],\"columns[3].isEdit\":[\"1\"],\"columns[3].isList\":[\"1\"],\"columns[3].isQuery\":[\"1\"],\"columns[3].queryType\":[\"EQ\"],\"columns[3].isRequired\":[\"1\"],\"columns[3].htmlType\":[\"datetime\"],\"columns[3].dictType\":[\"\"],\"columns[4].columnId\":[\"168\"],\"columns[4].sort\":[\"5\"],\"columns[4].columnComment\":[\"挂号时段\"],\"columns[4].javaType\":[\"Long\"],\"columns[4].javaField\":[\"regPeriod\"],\"columns[4].isInsert\":[\"1\"],\"columns[4].isEdit\":[\"1\"],\"columns[4].isList\":[\"1\"],\"columns[4].isQuery\":[\"1\"],\"columns[4].queryType\":[\"EQ\"],\"columns[4].isRequired\":[\"1\"],\"columns[4].htmlType\":[\"radio\"],\"columns[4].dictType\":[\"his_reg_period\"],\"columns[5].columnId\":[\"169\"],\"col', '{\"msg\":\"操作成功\",\"code\":0}', '0', null, '2024-05-17 00:19:37', '25');
INSERT INTO `sys_oper_log` VALUES ('433', '代码生成', '2', 'com.ruoyi.project.tool.gen.controller.GenController.editSave()', 'POST', '1', 'admin', '办公室', '/tool/gen/edit', '127.0.0.1', '内网IP', '{\"tableId\":[\"25\"],\"tableName\":[\"his_registers\"],\"tableComment\":[\"挂号记录表\"],\"className\":[\"HisRegisters\"],\"functionAuthor\":[\"SteveMMMy\"],\"remark\":[\"\"],\"columns[0].columnId\":[\"164\"],\"columns[0].sort\":[\"1\"],\"columns[0].columnComment\":[\"记录编号\"],\"columns[0].javaType\":[\"Long\"],\"columns[0].javaField\":[\"regId\"],\"columns[0].isInsert\":[\"1\"],\"columns[0].queryType\":[\"EQ\"],\"columns[0].htmlType\":[\"input\"],\"columns[0].dictType\":[\"\"],\"columns[1].columnId\":[\"165\"],\"columns[1].sort\":[\"2\"],\"columns[1].columnComment\":[\"医生ID\"],\"columns[1].javaType\":[\"Long\"],\"columns[1].javaField\":[\"userId\"],\"columns[1].isInsert\":[\"1\"],\"columns[1].isEdit\":[\"1\"],\"columns[1].isList\":[\"1\"],\"columns[1].isQuery\":[\"1\"],\"columns[1].queryType\":[\"EQ\"],\"columns[1].isRequired\":[\"1\"],\"columns[1].htmlType\":[\"input\"],\"columns[1].dictType\":[\"\"],\"columns[2].columnId\":[\"166\"],\"columns[2].sort\":[\"3\"],\"columns[2].columnComment\":[\"患者编号\"],\"columns[2].javaType\":[\"Long\"],\"columns[2].javaField\":[\"patientId\"],\"columns[2].isInsert\":[\"1\"],\"columns[2].isEdit\":[\"1\"],\"columns[2].isList\":[\"1\"],\"columns[2].isQuery\":[\"1\"],\"columns[2].queryType\":[\"EQ\"],\"columns[2].isRequired\":[\"1\"],\"columns[2].htmlType\":[\"input\"],\"columns[2].dictType\":[\"\"],\"columns[3].columnId\":[\"167\"],\"columns[3].sort\":[\"4\"],\"columns[3].columnComment\":[\"挂号日期\"],\"columns[3].javaType\":[\"Date\"],\"columns[3].javaField\":[\"regTime\"],\"columns[3].isInsert\":[\"1\"],\"columns[3].isEdit\":[\"1\"],\"columns[3].isList\":[\"1\"],\"columns[3].isQuery\":[\"1\"],\"columns[3].queryType\":[\"EQ\"],\"columns[3].isRequired\":[\"1\"],\"columns[3].htmlType\":[\"datetime\"],\"columns[3].dictType\":[\"\"],\"columns[4].columnId\":[\"168\"],\"columns[4].sort\":[\"5\"],\"columns[4].columnComment\":[\"挂号时段\"],\"columns[4].javaType\":[\"Long\"],\"columns[4].javaField\":[\"regPeriod\"],\"columns[4].isInsert\":[\"1\"],\"columns[4].isEdit\":[\"1\"],\"columns[4].isList\":[\"1\"],\"columns[4].isQuery\":[\"1\"],\"columns[4].queryType\":[\"EQ\"],\"columns[4].isRequired\":[\"1\"],\"columns[4].htmlType\":[\"radio\"],\"columns[4].dictType\":[\"his_reg_period\"],\"columns[5].columnId\":[\"169\"],\"col', '{\"msg\":\"操作成功\",\"code\":0}', '0', null, '2024-05-17 00:20:25', '28');
INSERT INTO `sys_oper_log` VALUES ('434', '代码生成', '8', 'com.ruoyi.project.tool.gen.controller.GenController.download()', 'GET', '1', 'admin', '办公室', '/tool/gen/download/his_registers', '127.0.0.1', '内网IP', '\"his_registers\"', null, '0', null, '2024-05-17 00:20:28', '111');
INSERT INTO `sys_oper_log` VALUES ('435', '字典数据', '2', 'com.ruoyi.project.system.dict.controller.DictDataController.editSave()', 'POST', '1', 'admin', '办公室', '/system/dict/data/edit', '127.0.0.1', '内网IP', '{\"dictCode\":[\"101\"],\"dictLabel\":[\"下午\"],\"dictValue\":[\"1\"],\"dictType\":[\"his_reg_period\"],\"cssClass\":[\"\"],\"dictSort\":[\"2\"],\"listClass\":[\"\"],\"isDefault\":[\"N\"],\"status\":[\"0\"],\"remark\":[\"\"]}', '{\"msg\":\"操作成功\",\"code\":0}', '0', null, '2024-05-17 11:23:44', '18');
INSERT INTO `sys_oper_log` VALUES ('436', '字典数据', '2', 'com.ruoyi.project.system.dict.controller.DictDataController.editSave()', 'POST', '1', 'admin', '办公室', '/system/dict/data/edit', '127.0.0.1', '内网IP', '{\"dictCode\":[\"102\"],\"dictLabel\":[\"晚上\"],\"dictValue\":[\"2\"],\"dictType\":[\"his_reg_period\"],\"cssClass\":[\"\"],\"dictSort\":[\"3\"],\"listClass\":[\"\"],\"isDefault\":[\"N\"],\"status\":[\"0\"],\"remark\":[\"\"]}', '{\"msg\":\"操作成功\",\"code\":0}', '0', null, '2024-05-17 11:23:49', '13');
INSERT INTO `sys_oper_log` VALUES ('437', '菜单管理', '2', 'com.ruoyi.project.system.menu.controller.MenuController.editSave()', 'POST', '1', 'admin', '办公室', '/system/menu/edit', '127.0.0.1', '内网IP', '{\"menuId\":[\"2004\"],\"parentId\":[\"2003\"],\"menuType\":[\"C\"],\"menuName\":[\"挂号面板\"],\"url\":[\"/his/registration\"],\"target\":[\"menuItem\"],\"perms\":[\"\"],\"orderNum\":[\"1\"],\"icon\":[\"#\"],\"visible\":[\"0\"],\"isRefresh\":[\"1\"]}', '{\"msg\":\"操作成功\",\"code\":0}', '0', null, '2024-05-17 11:33:31', '17');
INSERT INTO `sys_oper_log` VALUES ('438', '菜单管理', '2', 'com.ruoyi.project.system.menu.controller.MenuController.editSave()', 'POST', '1', 'admin', '办公室', '/system/menu/edit', '127.0.0.1', '内网IP', '{\"menuId\":[\"2075\"],\"parentId\":[\"2003\"],\"menuType\":[\"C\"],\"menuName\":[\"挂号记录管理\"],\"url\":[\"/his/registers\"],\"target\":[\"menuItem\"],\"perms\":[\"his:registers:view\"],\"orderNum\":[\"1\"],\"icon\":[\"#\"],\"visible\":[\"0\"],\"isRefresh\":[\"1\"]}', '{\"msg\":\"操作成功\",\"code\":0}', '0', null, '2024-05-17 11:33:40', '9');
INSERT INTO `sys_oper_log` VALUES ('439', '挂号记录', '2', 'com.ruoyi.project.his.registers.controller.HisRegistersController.editSave()', 'POST', '1', 'admin', '办公室', '/his/registers/edit', '127.0.0.1', '内网IP', '{\"regId\":[\"2\"],\"workerId\":[\"101\"],\"patientId\":[\"2\"],\"regTime\":[\"2024-05-12\"],\"regPeriod\":[\"1\"],\"regStatus\":[\"1\"]}', '{\"msg\":\"操作成功\",\"code\":0}', '0', null, '2024-05-17 11:38:11', '13');
INSERT INTO `sys_oper_log` VALUES ('440', '挂号记录', '2', 'com.ruoyi.project.his.registers.controller.HisRegistersController.editSave()', 'POST', '1', 'admin', '办公室', '/his/registers/edit', '127.0.0.1', '内网IP', '{\"regId\":[\"2\"],\"workerId\":[\"101\"],\"patientId\":[\"2\"],\"regTime\":[\"2024-05-12\"],\"regPeriod\":[\"1\"],\"regStatus\":[\"2\"]}', '{\"msg\":\"操作成功\",\"code\":0}', '0', null, '2024-05-17 11:42:31', '9');
INSERT INTO `sys_oper_log` VALUES ('441', '挂号记录', '2', 'com.ruoyi.project.his.registers.controller.HisRegistersController.editSave()', 'POST', '1', 'admin', '办公室', '/his/registers/edit', '127.0.0.1', '内网IP', '{\"regId\":[\"11\"],\"workerId\":[\"102\"],\"patientId\":[\"10\"],\"regTime\":[\"2024-05-14\"],\"regPeriod\":[\"0\"],\"regStatus\":[\"2\"]}', '{\"msg\":\"操作成功\",\"code\":0}', '0', null, '2024-05-17 11:42:35', '7');
INSERT INTO `sys_oper_log` VALUES ('442', '挂号记录', '2', 'com.ruoyi.project.his.registers.controller.HisRegistersController.editSave()', 'POST', '1', 'admin', '办公室', '/his/registers/edit', '127.0.0.1', '内网IP', '{\"regId\":[\"18\"],\"workerId\":[\"102\"],\"patientId\":[\"11\"],\"regTime\":[\"2024-05-17\"],\"regPeriod\":[\"2\"],\"regStatus\":[\"0\"]}', '{\"msg\":\"操作成功\",\"code\":0}', '0', null, '2024-05-17 11:44:43', '9');
INSERT INTO `sys_oper_log` VALUES ('443', '挂号记录', '2', 'com.ruoyi.project.his.registers.controller.HisRegistersController.editSave()', 'POST', '1', 'admin', '办公室', '/his/registers/edit', '127.0.0.1', '内网IP', '{\"regId\":[\"18\"],\"workerId\":[\"102\"],\"patientId\":[\"11\"],\"regTime\":[\"2024-05-17\"],\"regPeriod\":[\"2\"],\"regStatus\":[\"1\"]}', '{\"msg\":\"操作成功\",\"code\":0}', '0', null, '2024-05-17 11:44:51', '10');
INSERT INTO `sys_oper_log` VALUES ('444', '挂号记录', '2', 'com.ruoyi.project.his.registers.controller.HisRegistersController.editSave()', 'POST', '1', 'admin', '办公室', '/his/registers/edit', '127.0.0.1', '内网IP', '{\"regId\":[\"17\"],\"workerId\":[\"2\"],\"patientId\":[\"2\"],\"regTime\":[\"2024-05-17\"],\"regPeriod\":[\"0\"],\"regStatus\":[\"0\"]}', '{\"msg\":\"操作成功\",\"code\":0}', '0', null, '2024-05-17 11:44:54', '9');
INSERT INTO `sys_oper_log` VALUES ('445', '挂号记录', '2', 'com.ruoyi.project.his.registers.controller.HisRegistersController.editSave()', 'POST', '1', 'admin', '办公室', '/his/registers/edit', '127.0.0.1', '内网IP', '{\"regId\":[\"17\"],\"workerId\":[\"2\"],\"patientId\":[\"2\"],\"regTime\":[\"2024-05-17\"],\"regPeriod\":[\"0\"],\"regStatus\":[\"1\"]}', '{\"msg\":\"操作成功\",\"code\":0}', '0', null, '2024-05-17 11:44:58', '8');
INSERT INTO `sys_oper_log` VALUES ('446', '挂号记录', '2', 'com.ruoyi.project.his.registers.controller.HisRegistersController.editSave()', 'POST', '1', 'admin', '办公室', '/his/registers/edit', '127.0.0.1', '内网IP', '{\"regId\":[\"17\"],\"workerId\":[\"2\"],\"patientId\":[\"2\"],\"regTime\":[\"2024-05-17\"],\"regPeriod\":[\"1\"],\"regStatus\":[\"1\"]}', '{\"msg\":\"操作成功\",\"code\":0}', '0', null, '2024-05-17 11:45:01', '11');
INSERT INTO `sys_oper_log` VALUES ('447', '挂号记录', '3', 'com.ruoyi.project.his.registers.controller.HisRegistersController.remove()', 'POST', '1', 'admin', '办公室', '/his/registers/remove', '127.0.0.1', '内网IP', '{\"ids\":[\"18\"]}', '{\"msg\":\"操作成功\",\"code\":0}', '0', null, '2024-05-17 11:50:42', '15');
INSERT INTO `sys_oper_log` VALUES ('448', '代码生成', '6', 'com.ruoyi.project.tool.gen.controller.GenController.importTableSave()', 'POST', '1', 'admin', '办公室', '/tool/gen/importTable', '127.0.0.1', '内网IP', '{\"tables\":[\"his_medical_record,his_patients,his_prescriptions,his_prescriptions_schedules\"]}', '{\"msg\":\"操作成功\",\"code\":0}', '0', null, '2024-05-17 12:31:31', '120');
INSERT INTO `sys_oper_log` VALUES ('449', '字典类型', '9', 'com.ruoyi.project.system.dict.controller.DictTypeController.refreshCache()', 'GET', '1', 'admin', '办公室', '/system/dict/refreshCache', '127.0.0.1', '内网IP', '', '{\"msg\":\"操作成功\",\"code\":0}', '0', null, '2024-05-17 12:32:55', '15');
INSERT INTO `sys_oper_log` VALUES ('450', '字典类型', '1', 'com.ruoyi.project.system.dict.controller.DictTypeController.addSave()', 'POST', '1', 'admin', '办公室', '/system/dict/add', '127.0.0.1', '内网IP', '{\"dictName\":[\"药品用法\"],\"dictType\":[\"his_drug_usage\"],\"status\":[\"0\"],\"remark\":[\"\"]}', '{\"msg\":\"操作成功\",\"code\":0}', '0', null, '2024-05-17 12:35:31', '11');
INSERT INTO `sys_oper_log` VALUES ('451', '字典数据', '1', 'com.ruoyi.project.system.dict.controller.DictDataController.addSave()', 'POST', '1', 'admin', '办公室', '/system/dict/data/add', '127.0.0.1', '内网IP', '{\"dictLabel\":[\"口服\"],\"dictValue\":[\"0\"],\"dictType\":[\"his_drug_usage\"],\"cssClass\":[\"\"],\"dictSort\":[\"1\"],\"listClass\":[\"\"],\"isDefault\":[\"Y\"],\"status\":[\"0\"],\"remark\":[\"\"]}', '{\"msg\":\"操作成功\",\"code\":0}', '0', null, '2024-05-17 12:35:51', '14');
INSERT INTO `sys_oper_log` VALUES ('452', '字典数据', '1', 'com.ruoyi.project.system.dict.controller.DictDataController.addSave()', 'POST', '1', 'admin', '办公室', '/system/dict/data/add', '127.0.0.1', '内网IP', '{\"dictLabel\":[\"外用\"],\"dictValue\":[\"1\"],\"dictType\":[\"his_drug_usage\"],\"cssClass\":[\"\"],\"dictSort\":[\"2\"],\"listClass\":[\"\"],\"isDefault\":[\"N\"],\"status\":[\"0\"],\"remark\":[\"\"]}', '{\"msg\":\"操作成功\",\"code\":0}', '0', null, '2024-05-17 12:36:08', '11');
INSERT INTO `sys_oper_log` VALUES ('453', '代码生成', '2', 'com.ruoyi.project.tool.gen.controller.GenController.editSave()', 'POST', '1', 'admin', '办公室', '/tool/gen/edit', '127.0.0.1', '内网IP', '{\"tableId\":[\"29\"],\"tableName\":[\"his_prescriptions_schedules\"],\"tableComment\":[\"处方明细表\"],\"className\":[\"HisPrescriptionsSchedules\"],\"functionAuthor\":[\"SteveMMMy\"],\"remark\":[\"\"],\"columns[0].columnId\":[\"191\"],\"columns[0].sort\":[\"1\"],\"columns[0].columnComment\":[\"明细号\"],\"columns[0].javaType\":[\"Long\"],\"columns[0].javaField\":[\"prscSchId\"],\"columns[0].isInsert\":[\"1\"],\"columns[0].queryType\":[\"EQ\"],\"columns[0].htmlType\":[\"input\"],\"columns[0].dictType\":[\"\"],\"columns[1].columnId\":[\"192\"],\"columns[1].sort\":[\"2\"],\"columns[1].columnComment\":[\"处方ID\"],\"columns[1].javaType\":[\"Long\"],\"columns[1].javaField\":[\"prscId\"],\"columns[1].isInsert\":[\"1\"],\"columns[1].isEdit\":[\"1\"],\"columns[1].isList\":[\"1\"],\"columns[1].isQuery\":[\"1\"],\"columns[1].queryType\":[\"EQ\"],\"columns[1].isRequired\":[\"1\"],\"columns[1].htmlType\":[\"input\"],\"columns[1].dictType\":[\"\"],\"columns[2].columnId\":[\"193\"],\"columns[2].sort\":[\"3\"],\"columns[2].columnComment\":[\"药品ID\"],\"columns[2].javaType\":[\"Long\"],\"columns[2].javaField\":[\"catId\"],\"columns[2].isInsert\":[\"1\"],\"columns[2].isEdit\":[\"1\"],\"columns[2].isList\":[\"1\"],\"columns[2].isQuery\":[\"1\"],\"columns[2].queryType\":[\"EQ\"],\"columns[2].htmlType\":[\"input\"],\"columns[2].dictType\":[\"\"],\"columns[3].columnId\":[\"194\"],\"columns[3].sort\":[\"4\"],\"columns[3].columnComment\":[\"数量\"],\"columns[3].javaType\":[\"Long\"],\"columns[3].javaField\":[\"prscSchQuantity\"],\"columns[3].isInsert\":[\"1\"],\"columns[3].isEdit\":[\"1\"],\"columns[3].isList\":[\"1\"],\"columns[3].isQuery\":[\"1\"],\"columns[3].queryType\":[\"EQ\"],\"columns[3].isRequired\":[\"1\"],\"columns[3].htmlType\":[\"input\"],\"columns[3].dictType\":[\"\"],\"columns[4].columnId\":[\"195\"],\"columns[4].sort\":[\"5\"],\"columns[4].columnComment\":[\"用法\"],\"columns[4].javaType\":[\"Long\"],\"columns[4].javaField\":[\"prscSchUsage\"],\"columns[4].isInsert\":[\"1\"],\"columns[4].isEdit\":[\"1\"],\"columns[4].isList\":[\"1\"],\"columns[4].isQuery\":[\"1\"],\"columns[4].queryType\":[\"EQ\"],\"columns[4].htmlType\":[\"select\"],\"columns[4].dictType\":[\"his_drug_usage\"],\"columns[5].columnId\":[\"196\"],\"columns[5].sort\":[\"6\"],\"columns[', '{\"msg\":\"操作成功\",\"code\":0}', '0', null, '2024-05-17 12:36:43', '22');
INSERT INTO `sys_oper_log` VALUES ('454', '字典类型', '2', 'com.ruoyi.project.system.dict.controller.DictTypeController.editSave()', 'POST', '1', 'admin', '办公室', '/system/dict/edit', '127.0.0.1', '内网IP', '{\"dictId\":[\"107\"],\"dictName\":[\"用法\"],\"dictType\":[\"his_drug_usage\"],\"status\":[\"0\"],\"remark\":[\"\"]}', '{\"msg\":\"操作成功\",\"code\":0}', '0', null, '2024-05-17 12:37:02', '19');
INSERT INTO `sys_oper_log` VALUES ('455', '字典类型', '1', 'com.ruoyi.project.system.dict.controller.DictTypeController.addSave()', 'POST', '1', 'admin', '办公室', '/system/dict/add', '127.0.0.1', '内网IP', '{\"dictName\":[\"频次\"],\"dictType\":[\"his_drug_freq\"],\"status\":[\"0\"],\"remark\":[\"\"]}', '{\"msg\":\"操作成功\",\"code\":0}', '0', null, '2024-05-17 12:38:02', '7');
INSERT INTO `sys_oper_log` VALUES ('456', '字典数据', '1', 'com.ruoyi.project.system.dict.controller.DictDataController.addSave()', 'POST', '1', 'admin', '办公室', '/system/dict/data/add', '127.0.0.1', '内网IP', '{\"dictLabel\":[\"一天一次\"],\"dictValue\":[\"0\"],\"dictType\":[\"his_drug_freq\"],\"cssClass\":[\"\"],\"dictSort\":[\"1\"],\"listClass\":[\"\"],\"isDefault\":[\"Y\"],\"status\":[\"0\"],\"remark\":[\"\"]}', '{\"msg\":\"操作成功\",\"code\":0}', '0', null, '2024-05-17 12:38:52', '18');
INSERT INTO `sys_oper_log` VALUES ('457', '字典类型', '1', 'com.ruoyi.project.system.dict.controller.DictTypeController.addSave()', 'POST', '1', 'admin', '办公室', '/system/dict/add', '127.0.0.1', '内网IP', '{\"dictName\":[\"是否自备\"],\"dictType\":[\"his_drug_self_prep\"],\"status\":[\"0\"],\"remark\":[\"\"]}', '{\"msg\":\"操作成功\",\"code\":0}', '0', null, '2024-05-17 12:43:27', '11');
INSERT INTO `sys_oper_log` VALUES ('458', '字典数据', '1', 'com.ruoyi.project.system.dict.controller.DictDataController.addSave()', 'POST', '1', 'admin', '办公室', '/system/dict/data/add', '127.0.0.1', '内网IP', '{\"dictLabel\":[\"否\"],\"dictValue\":[\"0\"],\"dictType\":[\"his_drug_self_prep\"],\"cssClass\":[\"\"],\"dictSort\":[\"1\"],\"listClass\":[\"\"],\"isDefault\":[\"Y\"],\"status\":[\"0\"],\"remark\":[\"\"]}', '{\"msg\":\"操作成功\",\"code\":0}', '0', null, '2024-05-17 12:43:45', '11');
INSERT INTO `sys_oper_log` VALUES ('459', '字典数据', '1', 'com.ruoyi.project.system.dict.controller.DictDataController.addSave()', 'POST', '1', 'admin', '办公室', '/system/dict/data/add', '127.0.0.1', '内网IP', '{\"dictLabel\":[\"是\"],\"dictValue\":[\"1\"],\"dictType\":[\"his_drug_self_prep\"],\"cssClass\":[\"\"],\"dictSort\":[\"2\"],\"listClass\":[\"\"],\"isDefault\":[\"N\"],\"status\":[\"0\"],\"remark\":[\"\"]}', '{\"msg\":\"操作成功\",\"code\":0}', '0', null, '2024-05-17 12:43:53', '11');
INSERT INTO `sys_oper_log` VALUES ('460', '字典数据', '2', 'com.ruoyi.project.system.dict.controller.DictDataController.editSave()', 'POST', '1', 'admin', '办公室', '/system/dict/data/edit', '127.0.0.1', '内网IP', '{\"dictCode\":[\"134\"],\"dictLabel\":[\"是\"],\"dictValue\":[\"1\"],\"dictType\":[\"his_drug_self_prep\"],\"cssClass\":[\"\"],\"dictSort\":[\"2\"],\"listClass\":[\"\"],\"isDefault\":[\"N\"],\"status\":[\"0\"],\"remark\":[\"\"]}', '{\"msg\":\"操作成功\",\"code\":0}', '0', null, '2024-05-17 12:44:03', '33');
INSERT INTO `sys_oper_log` VALUES ('461', '字典数据', '2', 'com.ruoyi.project.system.dict.controller.DictDataController.editSave()', 'POST', '1', 'admin', '办公室', '/system/dict/data/edit', '127.0.0.1', '内网IP', '{\"dictCode\":[\"133\"],\"dictLabel\":[\"否\"],\"dictValue\":[\"0\"],\"dictType\":[\"his_drug_self_prep\"],\"cssClass\":[\"\"],\"dictSort\":[\"1\"],\"listClass\":[\"\"],\"isDefault\":[\"Y\"],\"status\":[\"0\"],\"remark\":[\"\"]}', '{\"msg\":\"操作成功\",\"code\":0}', '0', null, '2024-05-17 12:44:06', '10');
INSERT INTO `sys_oper_log` VALUES ('462', '代码生成', '2', 'com.ruoyi.project.tool.gen.controller.GenController.editSave()', 'POST', '1', 'admin', '办公室', '/tool/gen/edit', '127.0.0.1', '内网IP', '{\"tableId\":[\"29\"],\"tableName\":[\"his_prescriptions_schedules\"],\"tableComment\":[\"处方明细表\"],\"className\":[\"HisPrescriptionsSchedules\"],\"functionAuthor\":[\"SteveMMMy\"],\"remark\":[\"\"],\"columns[0].columnId\":[\"191\"],\"columns[0].sort\":[\"1\"],\"columns[0].columnComment\":[\"明细号\"],\"columns[0].javaType\":[\"Long\"],\"columns[0].javaField\":[\"prscSchId\"],\"columns[0].isInsert\":[\"1\"],\"columns[0].queryType\":[\"EQ\"],\"columns[0].htmlType\":[\"input\"],\"columns[0].dictType\":[\"\"],\"columns[1].columnId\":[\"192\"],\"columns[1].sort\":[\"2\"],\"columns[1].columnComment\":[\"处方ID\"],\"columns[1].javaType\":[\"Long\"],\"columns[1].javaField\":[\"prscId\"],\"columns[1].isInsert\":[\"1\"],\"columns[1].isEdit\":[\"1\"],\"columns[1].isList\":[\"1\"],\"columns[1].isQuery\":[\"1\"],\"columns[1].queryType\":[\"EQ\"],\"columns[1].isRequired\":[\"1\"],\"columns[1].htmlType\":[\"input\"],\"columns[1].dictType\":[\"\"],\"columns[2].columnId\":[\"193\"],\"columns[2].sort\":[\"3\"],\"columns[2].columnComment\":[\"药品ID\"],\"columns[2].javaType\":[\"Long\"],\"columns[2].javaField\":[\"catId\"],\"columns[2].isInsert\":[\"1\"],\"columns[2].isEdit\":[\"1\"],\"columns[2].isList\":[\"1\"],\"columns[2].isQuery\":[\"1\"],\"columns[2].queryType\":[\"EQ\"],\"columns[2].htmlType\":[\"input\"],\"columns[2].dictType\":[\"\"],\"columns[3].columnId\":[\"194\"],\"columns[3].sort\":[\"4\"],\"columns[3].columnComment\":[\"数量\"],\"columns[3].javaType\":[\"Long\"],\"columns[3].javaField\":[\"prscSchQuantity\"],\"columns[3].isInsert\":[\"1\"],\"columns[3].isEdit\":[\"1\"],\"columns[3].isList\":[\"1\"],\"columns[3].isQuery\":[\"1\"],\"columns[3].queryType\":[\"EQ\"],\"columns[3].isRequired\":[\"1\"],\"columns[3].htmlType\":[\"input\"],\"columns[3].dictType\":[\"\"],\"columns[4].columnId\":[\"195\"],\"columns[4].sort\":[\"5\"],\"columns[4].columnComment\":[\"用法\"],\"columns[4].javaType\":[\"Long\"],\"columns[4].javaField\":[\"prscSchUsage\"],\"columns[4].isInsert\":[\"1\"],\"columns[4].isEdit\":[\"1\"],\"columns[4].isList\":[\"1\"],\"columns[4].isQuery\":[\"1\"],\"columns[4].queryType\":[\"EQ\"],\"columns[4].htmlType\":[\"select\"],\"columns[4].dictType\":[\"his_drug_usage\"],\"columns[5].columnId\":[\"196\"],\"columns[5].sort\":[\"6\"],\"columns[', '{\"msg\":\"操作成功\",\"code\":0}', '0', null, '2024-05-17 12:44:45', '34');
INSERT INTO `sys_oper_log` VALUES ('463', '代码生成', '2', 'com.ruoyi.project.tool.gen.controller.GenController.editSave()', 'POST', '1', 'admin', '办公室', '/tool/gen/edit', '127.0.0.1', '内网IP', '{\"tableId\":[\"29\"],\"tableName\":[\"his_prescriptions_schedules\"],\"tableComment\":[\"处方明细表\"],\"className\":[\"HisPrescriptionsSchedules\"],\"functionAuthor\":[\"SteveMMMy\"],\"remark\":[\"\"],\"columns[0].columnId\":[\"191\"],\"columns[0].sort\":[\"1\"],\"columns[0].columnComment\":[\"明细号\"],\"columns[0].javaType\":[\"Long\"],\"columns[0].javaField\":[\"prscSchId\"],\"columns[0].isInsert\":[\"1\"],\"columns[0].queryType\":[\"EQ\"],\"columns[0].htmlType\":[\"input\"],\"columns[0].dictType\":[\"\"],\"columns[1].columnId\":[\"192\"],\"columns[1].sort\":[\"2\"],\"columns[1].columnComment\":[\"处方ID\"],\"columns[1].javaType\":[\"Long\"],\"columns[1].javaField\":[\"prscId\"],\"columns[1].isInsert\":[\"1\"],\"columns[1].isEdit\":[\"1\"],\"columns[1].isList\":[\"1\"],\"columns[1].isQuery\":[\"1\"],\"columns[1].queryType\":[\"EQ\"],\"columns[1].isRequired\":[\"1\"],\"columns[1].htmlType\":[\"input\"],\"columns[1].dictType\":[\"\"],\"columns[2].columnId\":[\"193\"],\"columns[2].sort\":[\"3\"],\"columns[2].columnComment\":[\"药品ID\"],\"columns[2].javaType\":[\"Long\"],\"columns[2].javaField\":[\"catId\"],\"columns[2].isInsert\":[\"1\"],\"columns[2].isEdit\":[\"1\"],\"columns[2].isList\":[\"1\"],\"columns[2].isQuery\":[\"1\"],\"columns[2].queryType\":[\"EQ\"],\"columns[2].htmlType\":[\"input\"],\"columns[2].dictType\":[\"\"],\"columns[3].columnId\":[\"194\"],\"columns[3].sort\":[\"4\"],\"columns[3].columnComment\":[\"数量\"],\"columns[3].javaType\":[\"Long\"],\"columns[3].javaField\":[\"prscSchQuantity\"],\"columns[3].isInsert\":[\"1\"],\"columns[3].isEdit\":[\"1\"],\"columns[3].isList\":[\"1\"],\"columns[3].isQuery\":[\"1\"],\"columns[3].queryType\":[\"EQ\"],\"columns[3].isRequired\":[\"1\"],\"columns[3].htmlType\":[\"input\"],\"columns[3].dictType\":[\"\"],\"columns[4].columnId\":[\"195\"],\"columns[4].sort\":[\"5\"],\"columns[4].columnComment\":[\"用法\"],\"columns[4].javaType\":[\"Long\"],\"columns[4].javaField\":[\"prscSchUsage\"],\"columns[4].isInsert\":[\"1\"],\"columns[4].isEdit\":[\"1\"],\"columns[4].isList\":[\"1\"],\"columns[4].isQuery\":[\"1\"],\"columns[4].queryType\":[\"EQ\"],\"columns[4].htmlType\":[\"select\"],\"columns[4].dictType\":[\"his_drug_usage\"],\"columns[5].columnId\":[\"196\"],\"columns[5].sort\":[\"6\"],\"columns[', '{\"msg\":\"操作成功\",\"code\":0}', '0', null, '2024-05-17 12:46:14', '27');
INSERT INTO `sys_oper_log` VALUES ('464', '代码生成', '2', 'com.ruoyi.project.tool.gen.controller.GenController.editSave()', 'POST', '1', 'admin', '办公室', '/tool/gen/edit', '127.0.0.1', '内网IP', '{\"tableId\":[\"29\"],\"tableName\":[\"his_prescriptions_schedules\"],\"tableComment\":[\"处方明细表\"],\"className\":[\"HisPrescriptionsSchedules\"],\"functionAuthor\":[\"SteveMMMy\"],\"remark\":[\"\"],\"columns[0].columnId\":[\"191\"],\"columns[0].sort\":[\"1\"],\"columns[0].columnComment\":[\"明细号\"],\"columns[0].javaType\":[\"Long\"],\"columns[0].javaField\":[\"prscSchId\"],\"columns[0].isInsert\":[\"1\"],\"columns[0].queryType\":[\"EQ\"],\"columns[0].htmlType\":[\"input\"],\"columns[0].dictType\":[\"\"],\"columns[1].columnId\":[\"192\"],\"columns[1].sort\":[\"2\"],\"columns[1].columnComment\":[\"处方ID\"],\"columns[1].javaType\":[\"Long\"],\"columns[1].javaField\":[\"prscId\"],\"columns[1].isInsert\":[\"1\"],\"columns[1].isEdit\":[\"1\"],\"columns[1].isList\":[\"1\"],\"columns[1].isQuery\":[\"1\"],\"columns[1].queryType\":[\"EQ\"],\"columns[1].isRequired\":[\"1\"],\"columns[1].htmlType\":[\"input\"],\"columns[1].dictType\":[\"\"],\"columns[2].columnId\":[\"193\"],\"columns[2].sort\":[\"3\"],\"columns[2].columnComment\":[\"药品ID\"],\"columns[2].javaType\":[\"Long\"],\"columns[2].javaField\":[\"catId\"],\"columns[2].isInsert\":[\"1\"],\"columns[2].isEdit\":[\"1\"],\"columns[2].isList\":[\"1\"],\"columns[2].isQuery\":[\"1\"],\"columns[2].queryType\":[\"EQ\"],\"columns[2].htmlType\":[\"input\"],\"columns[2].dictType\":[\"\"],\"columns[3].columnId\":[\"194\"],\"columns[3].sort\":[\"4\"],\"columns[3].columnComment\":[\"数量\"],\"columns[3].javaType\":[\"Long\"],\"columns[3].javaField\":[\"prscSchQuantity\"],\"columns[3].isInsert\":[\"1\"],\"columns[3].isEdit\":[\"1\"],\"columns[3].isList\":[\"1\"],\"columns[3].isQuery\":[\"1\"],\"columns[3].queryType\":[\"EQ\"],\"columns[3].isRequired\":[\"1\"],\"columns[3].htmlType\":[\"input\"],\"columns[3].dictType\":[\"\"],\"columns[4].columnId\":[\"195\"],\"columns[4].sort\":[\"5\"],\"columns[4].columnComment\":[\"用法\"],\"columns[4].javaType\":[\"Long\"],\"columns[4].javaField\":[\"prscSchUsage\"],\"columns[4].isInsert\":[\"1\"],\"columns[4].isEdit\":[\"1\"],\"columns[4].isList\":[\"1\"],\"columns[4].isQuery\":[\"1\"],\"columns[4].queryType\":[\"EQ\"],\"columns[4].htmlType\":[\"select\"],\"columns[4].dictType\":[\"his_drug_usage\"],\"columns[5].columnId\":[\"196\"],\"columns[5].sort\":[\"6\"],\"columns[', '{\"msg\":\"操作成功\",\"code\":0}', '0', null, '2024-05-17 12:46:25', '29');
INSERT INTO `sys_oper_log` VALUES ('465', '代码生成', '2', 'com.ruoyi.project.tool.gen.controller.GenController.editSave()', 'POST', '1', 'admin', '办公室', '/tool/gen/edit', '127.0.0.1', '内网IP', '{\"tableId\":[\"29\"],\"tableName\":[\"his_prescriptions_schedules\"],\"tableComment\":[\"处方明细表\"],\"className\":[\"HisPrescriptionsSchedules\"],\"functionAuthor\":[\"SteveMMMy\"],\"remark\":[\"\"],\"columns[0].columnId\":[\"191\"],\"columns[0].sort\":[\"1\"],\"columns[0].columnComment\":[\"明细号\"],\"columns[0].javaType\":[\"Long\"],\"columns[0].javaField\":[\"prscSchId\"],\"columns[0].isInsert\":[\"1\"],\"columns[0].queryType\":[\"EQ\"],\"columns[0].htmlType\":[\"input\"],\"columns[0].dictType\":[\"\"],\"columns[1].columnId\":[\"192\"],\"columns[1].sort\":[\"2\"],\"columns[1].columnComment\":[\"处方ID\"],\"columns[1].javaType\":[\"Long\"],\"columns[1].javaField\":[\"prscId\"],\"columns[1].isInsert\":[\"1\"],\"columns[1].isEdit\":[\"1\"],\"columns[1].isList\":[\"1\"],\"columns[1].isQuery\":[\"1\"],\"columns[1].queryType\":[\"EQ\"],\"columns[1].isRequired\":[\"1\"],\"columns[1].htmlType\":[\"input\"],\"columns[1].dictType\":[\"\"],\"columns[2].columnId\":[\"193\"],\"columns[2].sort\":[\"3\"],\"columns[2].columnComment\":[\"药品ID\"],\"columns[2].javaType\":[\"Long\"],\"columns[2].javaField\":[\"catId\"],\"columns[2].isInsert\":[\"1\"],\"columns[2].isEdit\":[\"1\"],\"columns[2].isList\":[\"1\"],\"columns[2].isQuery\":[\"1\"],\"columns[2].queryType\":[\"EQ\"],\"columns[2].isRequired\":[\"1\"],\"columns[2].htmlType\":[\"input\"],\"columns[2].dictType\":[\"\"],\"columns[3].columnId\":[\"194\"],\"columns[3].sort\":[\"4\"],\"columns[3].columnComment\":[\"数量\"],\"columns[3].javaType\":[\"Long\"],\"columns[3].javaField\":[\"prscSchQuantity\"],\"columns[3].isInsert\":[\"1\"],\"columns[3].isEdit\":[\"1\"],\"columns[3].isList\":[\"1\"],\"columns[3].isQuery\":[\"1\"],\"columns[3].queryType\":[\"EQ\"],\"columns[3].isRequired\":[\"1\"],\"columns[3].htmlType\":[\"input\"],\"columns[3].dictType\":[\"\"],\"columns[4].columnId\":[\"195\"],\"columns[4].sort\":[\"5\"],\"columns[4].columnComment\":[\"用法\"],\"columns[4].javaType\":[\"Long\"],\"columns[4].javaField\":[\"prscSchUsage\"],\"columns[4].isInsert\":[\"1\"],\"columns[4].isEdit\":[\"1\"],\"columns[4].isList\":[\"1\"],\"columns[4].isQuery\":[\"1\"],\"columns[4].queryType\":[\"EQ\"],\"columns[4].htmlType\":[\"select\"],\"columns[4].dictType\":[\"his_drug_usage\"],\"columns[5].columnId\":[\"196\"],\"co', '{\"msg\":\"操作成功\",\"code\":0}', '0', null, '2024-05-17 12:47:07', '25');
INSERT INTO `sys_oper_log` VALUES ('466', '字典类型', '1', 'com.ruoyi.project.system.dict.controller.DictTypeController.addSave()', 'POST', '1', 'admin', '办公室', '/system/dict/add', '127.0.0.1', '内网IP', '{\"dictName\":[\"处方类型\"],\"dictType\":[\"his_prsc_type\"],\"status\":[\"0\"],\"remark\":[\"\"]}', '{\"msg\":\"操作成功\",\"code\":0}', '0', null, '2024-05-17 12:50:47', '10');
INSERT INTO `sys_oper_log` VALUES ('467', '字典数据', '1', 'com.ruoyi.project.system.dict.controller.DictDataController.addSave()', 'POST', '1', 'admin', '办公室', '/system/dict/data/add', '127.0.0.1', '内网IP', '{\"dictLabel\":[\"普通处方\"],\"dictValue\":[\"0\"],\"dictType\":[\"his_prsc_type\"],\"cssClass\":[\"\"],\"dictSort\":[\"1\"],\"listClass\":[\"\"],\"isDefault\":[\"Y\"],\"status\":[\"0\"],\"remark\":[\"\"]}', '{\"msg\":\"操作成功\",\"code\":0}', '0', null, '2024-05-17 12:52:00', '12');
INSERT INTO `sys_oper_log` VALUES ('468', '字典类型', '1', 'com.ruoyi.project.system.dict.controller.DictTypeController.addSave()', 'POST', '1', 'admin', '办公室', '/system/dict/add', '127.0.0.1', '内网IP', '{\"dictName\":[\"处方状态\"],\"dictType\":[\"his_prsc_status\"],\"status\":[\"0\"],\"remark\":[\"\"]}', '{\"msg\":\"操作成功\",\"code\":0}', '0', null, '2024-05-17 12:53:04', '7');
INSERT INTO `sys_oper_log` VALUES ('469', '字典数据', '1', 'com.ruoyi.project.system.dict.controller.DictDataController.addSave()', 'POST', '1', 'admin', '办公室', '/system/dict/data/add', '127.0.0.1', '内网IP', '{\"dictLabel\":[\"为缴费\"],\"dictValue\":[\"0\"],\"dictType\":[\"his_prsc_status\"],\"cssClass\":[\"\"],\"dictSort\":[\"1\"],\"listClass\":[\"danger\"],\"isDefault\":[\"Y\"],\"status\":[\"0\"],\"remark\":[\"\"]}', '{\"msg\":\"操作成功\",\"code\":0}', '0', null, '2024-05-17 12:53:33', '11');
INSERT INTO `sys_oper_log` VALUES ('470', '字典数据', '2', 'com.ruoyi.project.system.dict.controller.DictDataController.editSave()', 'POST', '1', 'admin', '办公室', '/system/dict/data/edit', '127.0.0.1', '内网IP', '{\"dictCode\":[\"136\"],\"dictLabel\":[\"未缴费\"],\"dictValue\":[\"0\"],\"dictType\":[\"his_prsc_status\"],\"cssClass\":[\"\"],\"dictSort\":[\"1\"],\"listClass\":[\"danger\"],\"isDefault\":[\"Y\"],\"status\":[\"0\"],\"remark\":[\"\"]}', '{\"msg\":\"操作成功\",\"code\":0}', '0', null, '2024-05-17 12:53:39', '9');
INSERT INTO `sys_oper_log` VALUES ('471', '字典数据', '1', 'com.ruoyi.project.system.dict.controller.DictDataController.addSave()', 'POST', '1', 'admin', '办公室', '/system/dict/data/add', '127.0.0.1', '内网IP', '{\"dictLabel\":[\"已缴费\"],\"dictValue\":[\"1\"],\"dictType\":[\"his_prsc_status\"],\"cssClass\":[\"\"],\"dictSort\":[\"2\"],\"listClass\":[\"default\"],\"isDefault\":[\"Y\"],\"status\":[\"0\"],\"remark\":[\"\"]}', '{\"msg\":\"操作成功\",\"code\":0}', '0', null, '2024-05-17 12:53:53', '10');
INSERT INTO `sys_oper_log` VALUES ('472', '字典数据', '2', 'com.ruoyi.project.system.dict.controller.DictDataController.editSave()', 'POST', '1', 'admin', '办公室', '/system/dict/data/edit', '127.0.0.1', '内网IP', '{\"dictCode\":[\"137\"],\"dictLabel\":[\"已缴费\"],\"dictValue\":[\"1\"],\"dictType\":[\"his_prsc_status\"],\"cssClass\":[\"\"],\"dictSort\":[\"2\"],\"listClass\":[\"primary\"],\"isDefault\":[\"Y\"],\"status\":[\"0\"],\"remark\":[\"\"]}', '{\"msg\":\"操作成功\",\"code\":0}', '0', null, '2024-05-17 12:53:56', '13');
INSERT INTO `sys_oper_log` VALUES ('473', '字典数据', '2', 'com.ruoyi.project.system.dict.controller.DictDataController.editSave()', 'POST', '1', 'admin', '办公室', '/system/dict/data/edit', '127.0.0.1', '内网IP', '{\"dictCode\":[\"137\"],\"dictLabel\":[\"已缴费\"],\"dictValue\":[\"1\"],\"dictType\":[\"his_prsc_status\"],\"cssClass\":[\"\"],\"dictSort\":[\"2\"],\"listClass\":[\"success\"],\"isDefault\":[\"Y\"],\"status\":[\"0\"],\"remark\":[\"\"]}', '{\"msg\":\"操作成功\",\"code\":0}', '0', null, '2024-05-17 12:54:03', '12');
INSERT INTO `sys_oper_log` VALUES ('474', '字典数据', '1', 'com.ruoyi.project.system.dict.controller.DictDataController.addSave()', 'POST', '1', 'admin', '办公室', '/system/dict/data/add', '127.0.0.1', '内网IP', '{\"dictLabel\":[\"已配药\"],\"dictValue\":[\"2\"],\"dictType\":[\"his_prsc_status\"],\"cssClass\":[\"\"],\"dictSort\":[\"3\"],\"listClass\":[\"primary\"],\"isDefault\":[\"Y\"],\"status\":[\"0\"],\"remark\":[\"\"]}', '{\"msg\":\"操作成功\",\"code\":0}', '0', null, '2024-05-17 12:54:19', '9');
INSERT INTO `sys_oper_log` VALUES ('475', '字典数据', '2', 'com.ruoyi.project.system.dict.controller.DictDataController.editSave()', 'POST', '1', 'admin', '办公室', '/system/dict/data/edit', '127.0.0.1', '内网IP', '{\"dictCode\":[\"137\"],\"dictLabel\":[\"已缴费\"],\"dictValue\":[\"1\"],\"dictType\":[\"his_prsc_status\"],\"cssClass\":[\"\"],\"dictSort\":[\"2\"],\"listClass\":[\"success\"],\"isDefault\":[\"N\"],\"status\":[\"0\"],\"remark\":[\"\"]}', '{\"msg\":\"操作成功\",\"code\":0}', '0', null, '2024-05-17 12:54:36', '14');
INSERT INTO `sys_oper_log` VALUES ('476', '字典数据', '2', 'com.ruoyi.project.system.dict.controller.DictDataController.editSave()', 'POST', '1', 'admin', '办公室', '/system/dict/data/edit', '127.0.0.1', '内网IP', '{\"dictCode\":[\"138\"],\"dictLabel\":[\"已配药\"],\"dictValue\":[\"2\"],\"dictType\":[\"his_prsc_status\"],\"cssClass\":[\"\"],\"dictSort\":[\"3\"],\"listClass\":[\"primary\"],\"isDefault\":[\"N\"],\"status\":[\"0\"],\"remark\":[\"\"]}', '{\"msg\":\"操作成功\",\"code\":0}', '0', null, '2024-05-17 12:54:38', '14');
INSERT INTO `sys_oper_log` VALUES ('477', '代码生成', '2', 'com.ruoyi.project.tool.gen.controller.GenController.editSave()', 'POST', '1', 'admin', '办公室', '/tool/gen/edit', '127.0.0.1', '内网IP', '{\"tableId\":[\"28\"],\"tableName\":[\"his_prescriptions\"],\"tableComment\":[\"处方表\"],\"className\":[\"HisPrescriptions\"],\"functionAuthor\":[\"SteveMMMy\"],\"remark\":[\"\"],\"columns[0].columnId\":[\"185\"],\"columns[0].sort\":[\"1\"],\"columns[0].columnComment\":[\"处方ID\"],\"columns[0].javaType\":[\"Long\"],\"columns[0].javaField\":[\"prscId\"],\"columns[0].isInsert\":[\"1\"],\"columns[0].queryType\":[\"EQ\"],\"columns[0].htmlType\":[\"input\"],\"columns[0].dictType\":[\"\"],\"columns[1].columnId\":[\"186\"],\"columns[1].sort\":[\"2\"],\"columns[1].columnComment\":[\"记录编号\"],\"columns[1].javaType\":[\"Long\"],\"columns[1].javaField\":[\"regId\"],\"columns[1].isInsert\":[\"1\"],\"columns[1].isEdit\":[\"1\"],\"columns[1].isList\":[\"1\"],\"columns[1].isQuery\":[\"1\"],\"columns[1].queryType\":[\"EQ\"],\"columns[1].isRequired\":[\"1\"],\"columns[1].htmlType\":[\"input\"],\"columns[1].dictType\":[\"\"],\"columns[2].columnId\":[\"187\"],\"columns[2].sort\":[\"3\"],\"columns[2].columnComment\":[\"处方单据号\"],\"columns[2].javaType\":[\"String\"],\"columns[2].javaField\":[\"prscDocNum\"],\"columns[2].isInsert\":[\"1\"],\"columns[2].isEdit\":[\"1\"],\"columns[2].isList\":[\"1\"],\"columns[2].isQuery\":[\"1\"],\"columns[2].queryType\":[\"EQ\"],\"columns[2].htmlType\":[\"input\"],\"columns[2].dictType\":[\"\"],\"columns[3].columnId\":[\"188\"],\"columns[3].sort\":[\"4\"],\"columns[3].columnComment\":[\"处方类型\"],\"columns[3].javaType\":[\"Long\"],\"columns[3].javaField\":[\"prscType\"],\"columns[3].isInsert\":[\"1\"],\"columns[3].isEdit\":[\"1\"],\"columns[3].isList\":[\"1\"],\"columns[3].isQuery\":[\"1\"],\"columns[3].queryType\":[\"EQ\"],\"columns[3].isRequired\":[\"1\"],\"columns[3].htmlType\":[\"select\"],\"columns[3].dictType\":[\"his_prsc_type\"],\"columns[4].columnId\":[\"189\"],\"columns[4].sort\":[\"5\"],\"columns[4].columnComment\":[\"处方状态\"],\"columns[4].javaType\":[\"Long\"],\"columns[4].javaField\":[\"prscStatus\"],\"columns[4].isInsert\":[\"1\"],\"columns[4].isEdit\":[\"1\"],\"columns[4].isList\":[\"1\"],\"columns[4].isQuery\":[\"1\"],\"columns[4].queryType\":[\"EQ\"],\"columns[4].isRequired\":[\"1\"],\"columns[4].htmlType\":[\"radio\"],\"columns[4].dictType\":[\"his_prsc_status\"],\"columns[5].columnId\":[\"190\"],\"columns[5', '{\"msg\":\"操作成功\",\"code\":0}', '0', null, '2024-05-17 12:55:31', '21');
INSERT INTO `sys_oper_log` VALUES ('478', '代码生成', '2', 'com.ruoyi.project.tool.gen.controller.GenController.editSave()', 'POST', '1', 'admin', '办公室', '/tool/gen/edit', '127.0.0.1', '内网IP', '{\"tableId\":[\"28\"],\"tableName\":[\"his_prescriptions\"],\"tableComment\":[\"处方表\"],\"className\":[\"HisPrescriptions\"],\"functionAuthor\":[\"SteveMMMy\"],\"remark\":[\"\"],\"columns[0].columnId\":[\"185\"],\"columns[0].sort\":[\"1\"],\"columns[0].columnComment\":[\"处方ID\"],\"columns[0].javaType\":[\"Long\"],\"columns[0].javaField\":[\"prscId\"],\"columns[0].isInsert\":[\"1\"],\"columns[0].queryType\":[\"EQ\"],\"columns[0].htmlType\":[\"input\"],\"columns[0].dictType\":[\"\"],\"columns[1].columnId\":[\"186\"],\"columns[1].sort\":[\"2\"],\"columns[1].columnComment\":[\"记录编号\"],\"columns[1].javaType\":[\"Long\"],\"columns[1].javaField\":[\"regId\"],\"columns[1].isInsert\":[\"1\"],\"columns[1].isEdit\":[\"1\"],\"columns[1].isList\":[\"1\"],\"columns[1].isQuery\":[\"1\"],\"columns[1].queryType\":[\"EQ\"],\"columns[1].isRequired\":[\"1\"],\"columns[1].htmlType\":[\"input\"],\"columns[1].dictType\":[\"\"],\"columns[2].columnId\":[\"187\"],\"columns[2].sort\":[\"3\"],\"columns[2].columnComment\":[\"处方单据号\"],\"columns[2].javaType\":[\"String\"],\"columns[2].javaField\":[\"prscDocNum\"],\"columns[2].isInsert\":[\"1\"],\"columns[2].isEdit\":[\"1\"],\"columns[2].isList\":[\"1\"],\"columns[2].isQuery\":[\"1\"],\"columns[2].queryType\":[\"LIKE\"],\"columns[2].htmlType\":[\"input\"],\"columns[2].dictType\":[\"\"],\"columns[3].columnId\":[\"188\"],\"columns[3].sort\":[\"4\"],\"columns[3].columnComment\":[\"处方类型\"],\"columns[3].javaType\":[\"Long\"],\"columns[3].javaField\":[\"prscType\"],\"columns[3].isInsert\":[\"1\"],\"columns[3].isEdit\":[\"1\"],\"columns[3].isList\":[\"1\"],\"columns[3].isQuery\":[\"1\"],\"columns[3].queryType\":[\"EQ\"],\"columns[3].isRequired\":[\"1\"],\"columns[3].htmlType\":[\"select\"],\"columns[3].dictType\":[\"his_prsc_type\"],\"columns[4].columnId\":[\"189\"],\"columns[4].sort\":[\"5\"],\"columns[4].columnComment\":[\"处方状态\"],\"columns[4].javaType\":[\"Long\"],\"columns[4].javaField\":[\"prscStatus\"],\"columns[4].isInsert\":[\"1\"],\"columns[4].isEdit\":[\"1\"],\"columns[4].isList\":[\"1\"],\"columns[4].isQuery\":[\"1\"],\"columns[4].queryType\":[\"EQ\"],\"columns[4].isRequired\":[\"1\"],\"columns[4].htmlType\":[\"radio\"],\"columns[4].dictType\":[\"his_prsc_status\"],\"columns[5].columnId\":[\"190\"],\"columns', '{\"msg\":\"操作成功\",\"code\":0}', '0', null, '2024-05-17 12:56:37', '24');
INSERT INTO `sys_oper_log` VALUES ('479', '代码生成', '2', 'com.ruoyi.project.tool.gen.controller.GenController.editSave()', 'POST', '1', 'admin', '办公室', '/tool/gen/edit', '127.0.0.1', '内网IP', '{\"tableId\":[\"28\"],\"tableName\":[\"his_prescriptions\"],\"tableComment\":[\"处方表\"],\"className\":[\"HisPrescriptions\"],\"functionAuthor\":[\"SteveMMMy\"],\"remark\":[\"\"],\"columns[0].columnId\":[\"185\"],\"columns[0].sort\":[\"1\"],\"columns[0].columnComment\":[\"处方ID\"],\"columns[0].javaType\":[\"Long\"],\"columns[0].javaField\":[\"prscId\"],\"columns[0].isInsert\":[\"1\"],\"columns[0].queryType\":[\"EQ\"],\"columns[0].htmlType\":[\"input\"],\"columns[0].dictType\":[\"\"],\"columns[1].columnId\":[\"186\"],\"columns[1].sort\":[\"2\"],\"columns[1].columnComment\":[\"记录编号\"],\"columns[1].javaType\":[\"Long\"],\"columns[1].javaField\":[\"regId\"],\"columns[1].isInsert\":[\"1\"],\"columns[1].isEdit\":[\"1\"],\"columns[1].isList\":[\"1\"],\"columns[1].isQuery\":[\"1\"],\"columns[1].queryType\":[\"EQ\"],\"columns[1].isRequired\":[\"1\"],\"columns[1].htmlType\":[\"input\"],\"columns[1].dictType\":[\"\"],\"columns[2].columnId\":[\"187\"],\"columns[2].sort\":[\"3\"],\"columns[2].columnComment\":[\"处方单据号\"],\"columns[2].javaType\":[\"String\"],\"columns[2].javaField\":[\"prscDocNum\"],\"columns[2].isInsert\":[\"1\"],\"columns[2].isEdit\":[\"1\"],\"columns[2].isList\":[\"1\"],\"columns[2].isQuery\":[\"1\"],\"columns[2].queryType\":[\"LIKE\"],\"columns[2].htmlType\":[\"input\"],\"columns[2].dictType\":[\"\"],\"columns[3].columnId\":[\"188\"],\"columns[3].sort\":[\"4\"],\"columns[3].columnComment\":[\"处方类型\"],\"columns[3].javaType\":[\"Long\"],\"columns[3].javaField\":[\"prscType\"],\"columns[3].isInsert\":[\"1\"],\"columns[3].isEdit\":[\"1\"],\"columns[3].isList\":[\"1\"],\"columns[3].isQuery\":[\"1\"],\"columns[3].queryType\":[\"EQ\"],\"columns[3].isRequired\":[\"1\"],\"columns[3].htmlType\":[\"select\"],\"columns[3].dictType\":[\"his_prsc_type\"],\"columns[4].columnId\":[\"189\"],\"columns[4].sort\":[\"5\"],\"columns[4].columnComment\":[\"处方状态\"],\"columns[4].javaType\":[\"Long\"],\"columns[4].javaField\":[\"prscStatus\"],\"columns[4].isInsert\":[\"1\"],\"columns[4].isEdit\":[\"1\"],\"columns[4].isList\":[\"1\"],\"columns[4].isQuery\":[\"1\"],\"columns[4].queryType\":[\"EQ\"],\"columns[4].isRequired\":[\"1\"],\"columns[4].htmlType\":[\"radio\"],\"columns[4].dictType\":[\"his_prsc_status\"],\"columns[5].columnId\":[\"190\"],\"columns', '{\"msg\":\"操作成功\",\"code\":0}', '0', null, '2024-05-17 12:57:06', '21');
INSERT INTO `sys_oper_log` VALUES ('480', '代码生成', '2', 'com.ruoyi.project.tool.gen.controller.GenController.editSave()', 'POST', '1', 'admin', '办公室', '/tool/gen/edit', '127.0.0.1', '内网IP', '{\"tableId\":[\"28\"],\"tableName\":[\"his_prescriptions\"],\"tableComment\":[\"处方表\"],\"className\":[\"HisPrescriptions\"],\"functionAuthor\":[\"SteveMMMy\"],\"remark\":[\"\"],\"columns[0].columnId\":[\"185\"],\"columns[0].sort\":[\"1\"],\"columns[0].columnComment\":[\"处方ID\"],\"columns[0].javaType\":[\"Long\"],\"columns[0].javaField\":[\"prscId\"],\"columns[0].isInsert\":[\"1\"],\"columns[0].queryType\":[\"EQ\"],\"columns[0].htmlType\":[\"input\"],\"columns[0].dictType\":[\"\"],\"columns[1].columnId\":[\"186\"],\"columns[1].sort\":[\"2\"],\"columns[1].columnComment\":[\"记录编号\"],\"columns[1].javaType\":[\"Long\"],\"columns[1].javaField\":[\"regId\"],\"columns[1].isInsert\":[\"1\"],\"columns[1].isEdit\":[\"1\"],\"columns[1].isList\":[\"1\"],\"columns[1].isQuery\":[\"1\"],\"columns[1].queryType\":[\"EQ\"],\"columns[1].isRequired\":[\"1\"],\"columns[1].htmlType\":[\"input\"],\"columns[1].dictType\":[\"\"],\"columns[2].columnId\":[\"187\"],\"columns[2].sort\":[\"3\"],\"columns[2].columnComment\":[\"处方单据号\"],\"columns[2].javaType\":[\"String\"],\"columns[2].javaField\":[\"prscDocNum\"],\"columns[2].isInsert\":[\"1\"],\"columns[2].isEdit\":[\"1\"],\"columns[2].isList\":[\"1\"],\"columns[2].isQuery\":[\"1\"],\"columns[2].queryType\":[\"LIKE\"],\"columns[2].htmlType\":[\"input\"],\"columns[2].dictType\":[\"\"],\"columns[3].columnId\":[\"188\"],\"columns[3].sort\":[\"4\"],\"columns[3].columnComment\":[\"处方类型\"],\"columns[3].javaType\":[\"Long\"],\"columns[3].javaField\":[\"prscType\"],\"columns[3].isInsert\":[\"1\"],\"columns[3].isEdit\":[\"1\"],\"columns[3].isList\":[\"1\"],\"columns[3].isQuery\":[\"1\"],\"columns[3].queryType\":[\"EQ\"],\"columns[3].isRequired\":[\"1\"],\"columns[3].htmlType\":[\"select\"],\"columns[3].dictType\":[\"his_prsc_type\"],\"columns[4].columnId\":[\"189\"],\"columns[4].sort\":[\"5\"],\"columns[4].columnComment\":[\"处方状态\"],\"columns[4].javaType\":[\"Long\"],\"columns[4].javaField\":[\"prscStatus\"],\"columns[4].isInsert\":[\"1\"],\"columns[4].isEdit\":[\"1\"],\"columns[4].isList\":[\"1\"],\"columns[4].isQuery\":[\"1\"],\"columns[4].queryType\":[\"EQ\"],\"columns[4].isRequired\":[\"1\"],\"columns[4].htmlType\":[\"radio\"],\"columns[4].dictType\":[\"his_prsc_status\"],\"columns[5].columnId\":[\"190\"],\"columns', '{\"msg\":\"操作成功\",\"code\":0}', '0', null, '2024-05-17 12:57:44', '27');
INSERT INTO `sys_oper_log` VALUES ('481', '代码生成', '2', 'com.ruoyi.project.tool.gen.controller.GenController.synchDb()', 'GET', '1', 'admin', '办公室', '/tool/gen/synchDb/his_medical_record', '127.0.0.1', '内网IP', '\"his_medical_record\"', '{\"msg\":\"操作成功\",\"code\":0}', '0', null, '2024-05-17 12:59:59', '30');
INSERT INTO `sys_oper_log` VALUES ('482', '代码生成', '2', 'com.ruoyi.project.tool.gen.controller.GenController.editSave()', 'POST', '1', 'admin', '办公室', '/tool/gen/edit', '127.0.0.1', '内网IP', '{\"tableId\":[\"26\"],\"tableName\":[\"his_medical_record\"],\"tableComment\":[\"病历表\"],\"className\":[\"HisMedicalRecord\"],\"functionAuthor\":[\"SteveMMMy\"],\"remark\":[\"\"],\"columns[0].columnId\":[\"170\"],\"columns[0].sort\":[\"1\"],\"columns[0].columnComment\":[\"记录ID\"],\"columns[0].javaType\":[\"Long\"],\"columns[0].javaField\":[\"recId\"],\"columns[0].isInsert\":[\"1\"],\"columns[0].queryType\":[\"EQ\"],\"columns[0].htmlType\":[\"input\"],\"columns[0].dictType\":[\"\"],\"columns[1].columnId\":[\"171\"],\"columns[1].sort\":[\"2\"],\"columns[1].columnComment\":[\"患者编号\"],\"columns[1].javaType\":[\"Long\"],\"columns[1].javaField\":[\"patientId\"],\"columns[1].isInsert\":[\"1\"],\"columns[1].isEdit\":[\"1\"],\"columns[1].isList\":[\"1\"],\"columns[1].isQuery\":[\"1\"],\"columns[1].queryType\":[\"EQ\"],\"columns[1].isRequired\":[\"1\"],\"columns[1].htmlType\":[\"input\"],\"columns[1].dictType\":[\"\"],\"columns[2].columnId\":[\"172\"],\"columns[2].sort\":[\"3\"],\"columns[2].columnComment\":[\"时间\"],\"columns[2].javaType\":[\"Date\"],\"columns[2].javaField\":[\"recTime\"],\"columns[2].isInsert\":[\"1\"],\"columns[2].isEdit\":[\"1\"],\"columns[2].isList\":[\"1\"],\"columns[2].isQuery\":[\"1\"],\"columns[2].queryType\":[\"EQ\"],\"columns[2].htmlType\":[\"datetime\"],\"columns[2].dictType\":[\"\"],\"columns[3].columnId\":[\"173\"],\"columns[3].sort\":[\"4\"],\"columns[3].columnComment\":[\"主诉\"],\"columns[3].javaType\":[\"String\"],\"columns[3].javaField\":[\"recChiefComplaint\"],\"columns[3].isInsert\":[\"1\"],\"columns[3].isEdit\":[\"1\"],\"columns[3].isList\":[\"1\"],\"columns[3].isQuery\":[\"1\"],\"columns[3].queryType\":[\"LIKE\"],\"columns[3].htmlType\":[\"textarea\"],\"columns[3].dictType\":[\"\"],\"columns[4].columnId\":[\"174\"],\"columns[4].sort\":[\"5\"],\"columns[4].columnComment\":[\"诊断\"],\"columns[4].javaType\":[\"String\"],\"columns[4].javaField\":[\"regDiagnosis\"],\"columns[4].isInsert\":[\"1\"],\"columns[4].isEdit\":[\"1\"],\"columns[4].isList\":[\"1\"],\"columns[4].isQuery\":[\"1\"],\"columns[4].queryType\":[\"LIKE\"],\"columns[4].htmlType\":[\"textarea\"],\"columns[4].dictType\":[\"\"],\"columns[5].columnId\":[\"175\"],\"columns[5].sort\":[\"6\"],\"columns[5].columnComment\":[\"处理意见\"],\"columns[5].javaTyp', '{\"msg\":\"操作成功\",\"code\":0}', '0', null, '2024-05-17 13:01:04', '26');
INSERT INTO `sys_oper_log` VALUES ('483', '代码生成', '2', 'com.ruoyi.project.tool.gen.controller.GenController.editSave()', 'POST', '1', 'admin', '办公室', '/tool/gen/edit', '127.0.0.1', '内网IP', '{\"tableId\":[\"27\"],\"tableName\":[\"his_patients\"],\"tableComment\":[\"患者信息表\"],\"className\":[\"HisPatientsDiag\"],\"functionAuthor\":[\"SteveMMMy\"],\"remark\":[\"\"],\"columns[0].columnId\":[\"176\"],\"columns[0].sort\":[\"1\"],\"columns[0].columnComment\":[\"患者编号\"],\"columns[0].javaType\":[\"Long\"],\"columns[0].javaField\":[\"patientId\"],\"columns[0].isInsert\":[\"1\"],\"columns[0].queryType\":[\"EQ\"],\"columns[0].htmlType\":[\"input\"],\"columns[0].dictType\":[\"\"],\"columns[1].columnId\":[\"177\"],\"columns[1].sort\":[\"2\"],\"columns[1].columnComment\":[\"用户ID\"],\"columns[1].javaType\":[\"Long\"],\"columns[1].javaField\":[\"userId\"],\"columns[1].isInsert\":[\"1\"],\"columns[1].isEdit\":[\"1\"],\"columns[1].isList\":[\"1\"],\"columns[1].isQuery\":[\"1\"],\"columns[1].queryType\":[\"EQ\"],\"columns[1].htmlType\":[\"input\"],\"columns[1].dictType\":[\"\"],\"columns[2].columnId\":[\"178\"],\"columns[2].sort\":[\"3\"],\"columns[2].columnComment\":[\"姓名\"],\"columns[2].javaType\":[\"String\"],\"columns[2].javaField\":[\"patientName\"],\"columns[2].isInsert\":[\"1\"],\"columns[2].isEdit\":[\"1\"],\"columns[2].isList\":[\"1\"],\"columns[2].isQuery\":[\"1\"],\"columns[2].queryType\":[\"LIKE\"],\"columns[2].isRequired\":[\"1\"],\"columns[2].htmlType\":[\"input\"],\"columns[2].dictType\":[\"\"],\"columns[3].columnId\":[\"179\"],\"columns[3].sort\":[\"4\"],\"columns[3].columnComment\":[\"性别\"],\"columns[3].javaType\":[\"Long\"],\"columns[3].javaField\":[\"patientSex\"],\"columns[3].isInsert\":[\"1\"],\"columns[3].isEdit\":[\"1\"],\"columns[3].isList\":[\"1\"],\"columns[3].isQuery\":[\"1\"],\"columns[3].queryType\":[\"EQ\"],\"columns[3].htmlType\":[\"select\"],\"columns[3].dictType\":[\"sys_user_sex\"],\"columns[4].columnId\":[\"180\"],\"columns[4].sort\":[\"5\"],\"columns[4].columnComment\":[\"出生日期\"],\"columns[4].javaType\":[\"Date\"],\"columns[4].javaField\":[\"patientBirthDate\"],\"columns[4].isInsert\":[\"1\"],\"columns[4].isEdit\":[\"1\"],\"columns[4].isList\":[\"1\"],\"columns[4].isQuery\":[\"1\"],\"columns[4].queryType\":[\"EQ\"],\"columns[4].htmlType\":[\"datetime\"],\"columns[4].dictType\":[\"\"],\"columns[5].columnId\":[\"181\"],\"columns[5].sort\":[\"6\"],\"columns[5].columnComment\":[\"年龄\"],\"columns[5].javaTyp', '{\"msg\":\"操作成功\",\"code\":0}', '0', null, '2024-05-17 13:04:11', '26');
INSERT INTO `sys_oper_log` VALUES ('484', '代码生成', '2', 'com.ruoyi.project.tool.gen.controller.GenController.editSave()', 'POST', '1', 'admin', '办公室', '/tool/gen/edit', '127.0.0.1', '内网IP', '{\"tableId\":[\"27\"],\"tableName\":[\"his_patients\"],\"tableComment\":[\"患者信息表\"],\"className\":[\"HisPatientsDiag\"],\"functionAuthor\":[\"SteveMMMy\"],\"remark\":[\"\"],\"columns[0].columnId\":[\"176\"],\"columns[0].sort\":[\"1\"],\"columns[0].columnComment\":[\"患者编号\"],\"columns[0].javaType\":[\"Long\"],\"columns[0].javaField\":[\"patientId\"],\"columns[0].isInsert\":[\"1\"],\"columns[0].queryType\":[\"EQ\"],\"columns[0].htmlType\":[\"input\"],\"columns[0].dictType\":[\"\"],\"columns[1].columnId\":[\"177\"],\"columns[1].sort\":[\"2\"],\"columns[1].columnComment\":[\"用户ID\"],\"columns[1].javaType\":[\"Long\"],\"columns[1].javaField\":[\"userId\"],\"columns[1].isInsert\":[\"1\"],\"columns[1].isEdit\":[\"1\"],\"columns[1].isList\":[\"1\"],\"columns[1].isQuery\":[\"1\"],\"columns[1].queryType\":[\"EQ\"],\"columns[1].htmlType\":[\"input\"],\"columns[1].dictType\":[\"\"],\"columns[2].columnId\":[\"178\"],\"columns[2].sort\":[\"3\"],\"columns[2].columnComment\":[\"姓名\"],\"columns[2].javaType\":[\"String\"],\"columns[2].javaField\":[\"patientName\"],\"columns[2].isInsert\":[\"1\"],\"columns[2].isEdit\":[\"1\"],\"columns[2].isList\":[\"1\"],\"columns[2].isQuery\":[\"1\"],\"columns[2].queryType\":[\"LIKE\"],\"columns[2].isRequired\":[\"1\"],\"columns[2].htmlType\":[\"input\"],\"columns[2].dictType\":[\"\"],\"columns[3].columnId\":[\"179\"],\"columns[3].sort\":[\"4\"],\"columns[3].columnComment\":[\"性别\"],\"columns[3].javaType\":[\"Long\"],\"columns[3].javaField\":[\"patientSex\"],\"columns[3].isInsert\":[\"1\"],\"columns[3].isEdit\":[\"1\"],\"columns[3].isList\":[\"1\"],\"columns[3].isQuery\":[\"1\"],\"columns[3].queryType\":[\"EQ\"],\"columns[3].htmlType\":[\"select\"],\"columns[3].dictType\":[\"sys_user_sex\"],\"columns[4].columnId\":[\"180\"],\"columns[4].sort\":[\"5\"],\"columns[4].columnComment\":[\"出生日期\"],\"columns[4].javaType\":[\"Date\"],\"columns[4].javaField\":[\"patientBirthDate\"],\"columns[4].isInsert\":[\"1\"],\"columns[4].isEdit\":[\"1\"],\"columns[4].isList\":[\"1\"],\"columns[4].isQuery\":[\"1\"],\"columns[4].queryType\":[\"EQ\"],\"columns[4].htmlType\":[\"datetime\"],\"columns[4].dictType\":[\"\"],\"columns[5].columnId\":[\"181\"],\"columns[5].sort\":[\"6\"],\"columns[5].columnComment\":[\"年龄\"],\"columns[5].javaTyp', '{\"msg\":\"操作成功\",\"code\":0}', '0', null, '2024-05-17 13:04:36', '27');
INSERT INTO `sys_oper_log` VALUES ('485', '代码生成', '8', 'com.ruoyi.project.tool.gen.controller.GenController.batchGenCode()', 'GET', '1', 'admin', '办公室', '/tool/gen/batchGenCode', '127.0.0.1', '内网IP', '{\"tables\":[\"his_prescriptions,his_patients\"]}', null, '0', null, '2024-05-17 13:05:53', '243');
INSERT INTO `sys_oper_log` VALUES ('486', '菜单管理', '2', 'com.ruoyi.project.system.menu.controller.MenuController.editSave()', 'POST', '1', 'admin', '办公室', '/system/menu/edit', '127.0.0.1', '内网IP', '{\"menuId\":[\"2081\"],\"parentId\":[\"2061\"],\"menuType\":[\"C\"],\"menuName\":[\"患者病历管理\"],\"url\":[\"/his/diagnosis\"],\"target\":[\"menuItem\"],\"perms\":[\"his:diagnosis:view\"],\"orderNum\":[\"1\"],\"icon\":[\"#\"],\"visible\":[\"0\"],\"isRefresh\":[\"1\"]}', '{\"msg\":\"操作成功\",\"code\":0}', '0', null, '2024-05-17 13:15:07', '14');
INSERT INTO `sys_oper_log` VALUES ('487', '菜单管理', '2', 'com.ruoyi.project.system.menu.controller.MenuController.editSave()', 'POST', '1', 'admin', '办公室', '/system/menu/edit', '127.0.0.1', '内网IP', '{\"menuId\":[\"2087\"],\"parentId\":[\"2061\"],\"menuType\":[\"C\"],\"menuName\":[\"处方管理\"],\"url\":[\"/his/prescriptions\"],\"target\":[\"menuItem\"],\"perms\":[\"his:prescriptions:view\"],\"orderNum\":[\"1\"],\"icon\":[\"#\"],\"visible\":[\"0\"],\"isRefresh\":[\"1\"]}', '{\"msg\":\"操作成功\",\"code\":0}', '0', null, '2024-05-17 13:15:15', '15');
INSERT INTO `sys_oper_log` VALUES ('488', '采购计划单状态', '2', 'com.ruoyi.project.his.plans.controller.HisProcurementPlansController.editSaveStatus()', 'POST', '1', 'admin', '办公室', '/his/plans/edit_status', '127.0.0.1', '内网IP', '{\"prcpIdsStr\":[\"6\"],\"prcpStatus\":[\"1\"]}', '{\"msg\":\"操作成功\",\"code\":0}', '0', null, '2024-05-17 14:04:48', '15');
INSERT INTO `sys_oper_log` VALUES ('489', '采购订单', '1', 'com.ruoyi.project.his.purchase.controller.HisPurchaseOrdersController.addSave()', 'POST', '1', 'admin', '办公室', '/his/purchase/add', '127.0.0.1', '内网IP', '{\"purDocNum\":[\"CGDD-240517\"],\"splId\":[\"7\"],\"splName\":[\"同仁堂药品有限公司\"],\"purDate\":[\"2024-05-17\"],\"purArrDate\":[\"\"],\"purPayDate\":[\"\"],\"purStatus\":[\"0\"],\"index\":[\"1\",\"1\"],\"hisPurchaseOrdersList[0].prcpId\":[\"6\"],\"hisProcurementSchedulesList[0].catName\":[\"对乙酰氨基酚片\"],\"hisOrdersSchedulesList[0].catId\":[\"50\"],\"hisProcurementSchedulesList[0].catEnglishName\":[\"Paracetamol Tablets\"],\"hisProcurementSchedulesList[0].catSpecs\":[\"0.5g\"],\"hisProcurementSchedulesList[0].catDosageFormLabel\":[\"片剂\"],\"hisProcurementSchedulesList[0].catPackage\":[\"10片/板×2板/盒\"],\"hisProcurementSchedulesList[0].catUnitLabel\":[\"盒\"],\"hisOrdersSchedulesList[0].orderSchPrice\":[\"80\"],\"hisOrdersSchedulesList[0].orderSchNumber\":[\"70\"],\"btSelectAll\":[\"\"],\"btSelectItem\":[\"\"]}', '{\"msg\":\"操作成功\",\"code\":0}', '0', null, '2024-05-17 14:04:48', '21');
INSERT INTO `sys_oper_log` VALUES ('490', '参数管理', '2', 'com.ruoyi.project.system.config.controller.ConfigController.editSave()', 'POST', '1', 'admin', '办公室', '/system/config/edit', '127.0.0.1', '内网IP', '{\"configId\":[\"4\"],\"configName\":[\"账号自助-是否开启用户注册功能\"],\"configKey\":[\"sys.account.registerUser\"],\"configValue\":[\"true\"],\"configType\":[\"Y\"],\"remark\":[\"是否开启注册用户功能（true开启，false关闭）\"]}', '{\"msg\":\"操作成功\",\"code\":0}', '0', null, '2024-05-17 14:08:20', '15');
INSERT INTO `sys_oper_log` VALUES ('491', '菜单管理', '1', 'com.ruoyi.project.system.menu.controller.MenuController.addSave()', 'POST', '1', 'admin', '办公室', '/system/menu/add', '127.0.0.1', '内网IP', '{\"parentId\":[\"2061\"],\"menuType\":[\"C\"],\"menuName\":[\"处方录入\"],\"url\":[\"/his/prescriptions/entry\"],\"target\":[\"menuItem\"],\"perms\":[\"\"],\"orderNum\":[\"0\"],\"icon\":[\"\"],\"visible\":[\"0\"],\"isRefresh\":[\"1\"]}', '{\"msg\":\"操作成功\",\"code\":0}', '0', null, '2024-05-17 17:08:40', '86');
INSERT INTO `sys_oper_log` VALUES ('492', '菜单管理', '2', 'com.ruoyi.project.system.menu.controller.MenuController.editSave()', 'POST', '1', 'admin', '办公室', '/system/menu/edit', '127.0.0.1', '内网IP', '{\"menuId\":[\"2093\"],\"parentId\":[\"2061\"],\"menuType\":[\"C\"],\"menuName\":[\"处方录入\"],\"url\":[\"/his/prescriptions/entry\"],\"target\":[\"menuBlank\"],\"perms\":[\"\"],\"orderNum\":[\"0\"],\"icon\":[\"#\"],\"visible\":[\"0\"],\"isRefresh\":[\"1\"]}', '{\"msg\":\"操作成功\",\"code\":0}', '0', null, '2024-05-17 17:11:52', '14');
INSERT INTO `sys_oper_log` VALUES ('493', '菜单管理', '2', 'com.ruoyi.project.system.menu.controller.MenuController.editSave()', 'POST', '1', 'admin', '办公室', '/system/menu/edit', '127.0.0.1', '内网IP', '{\"menuId\":[\"2093\"],\"parentId\":[\"2061\"],\"menuType\":[\"C\"],\"menuName\":[\"处方录入\"],\"url\":[\"/his/prescriptions/entry\"],\"target\":[\"menuItem\"],\"perms\":[\"\"],\"orderNum\":[\"0\"],\"icon\":[\"#\"],\"visible\":[\"0\"],\"isRefresh\":[\"1\"]}', '{\"msg\":\"操作成功\",\"code\":0}', '0', null, '2024-05-17 17:12:31', '12');
INSERT INTO `sys_oper_log` VALUES ('494', '角色管理', '2', 'com.ruoyi.project.system.role.controller.RoleController.authDataScopeSave()', 'POST', '1', 'admin', '办公室', '/system/role/authDataScope', '127.0.0.1', '内网IP', '{\"roleId\":[\"2\"],\"roleName\":[\"普通角色\"],\"roleKey\":[\"common\"],\"dataScope\":[\"2\"],\"deptIds\":[\"\"]}', '{\"msg\":\"操作成功\",\"code\":0}', '0', null, '2024-05-17 17:33:26', '32');
INSERT INTO `sys_oper_log` VALUES ('495', '角色管理', '2', 'com.ruoyi.project.system.role.controller.RoleController.authDataScopeSave()', 'POST', '1', 'admin', '办公室', '/system/role/authDataScope', '127.0.0.1', '内网IP', '{\"roleId\":[\"2\"],\"roleName\":[\"普通角色\"],\"roleKey\":[\"common\"],\"dataScope\":[\"2\"],\"deptIds\":[\"100,201,202,204,203\"]}', '{\"msg\":\"操作成功\",\"code\":0}', '0', null, '2024-05-17 17:33:53', '23');
INSERT INTO `sys_oper_log` VALUES ('496', '角色管理', '2', 'com.ruoyi.project.system.role.controller.RoleController.authDataScopeSave()', 'POST', '1', 'admin', '办公室', '/system/role/authDataScope', '127.0.0.1', '内网IP', '{\"roleId\":[\"2\"],\"roleName\":[\"普通角色\"],\"roleKey\":[\"common\"],\"dataScope\":[\"3\"],\"deptIds\":[\"\"]}', '{\"msg\":\"操作成功\",\"code\":0}', '0', null, '2024-05-17 17:34:05', '20');
INSERT INTO `sys_oper_log` VALUES ('497', '角色管理', '2', 'com.ruoyi.project.system.role.controller.RoleController.editSave()', 'POST', '1', 'admin', '办公室', '/system/role/edit', '127.0.0.1', '内网IP', '{\"roleId\":[\"2\"],\"roleName\":[\"普通角色\"],\"roleKey\":[\"common\"],\"roleSort\":[\"2\"],\"status\":[\"0\"],\"remark\":[\"普通角色\"],\"menuIds\":[\"2003,2004,2005,2075,2076,2077,2078,2079,2080,2061,2093,2081,2082,2083,2084,2085,2086,2087,2088,2089,2090,2091,2092,2006,2049,2050,2051,2052,2053,2054,2055,2056,2057,2058,2059,2060,2069,2070,2071,2072,2073,2074,2063,2064,2065,2066,2067,2068,2043,2044,2045,2046,2047,2048,2037,2038,2039,2040,2041,2042,4\"]}', '{\"msg\":\"操作成功\",\"code\":0}', '0', null, '2024-05-17 17:34:21', '26');
INSERT INTO `sys_oper_log` VALUES ('498', '岗位管理', '1', 'com.ruoyi.project.system.post.controller.PostController.addSave()', 'POST', '1', 'admin', '办公室', '/system/post/add', '127.0.0.1', '内网IP', '{\"postName\":[\"药剂师\"],\"postCode\":[\"pharmacist\"],\"postSort\":[\"3\"],\"status\":[\"0\"],\"remark\":[\"\"]}', '{\"msg\":\"操作成功\",\"code\":0}', '0', null, '2024-05-17 17:43:21', '19');
INSERT INTO `sys_oper_log` VALUES ('499', '岗位管理', '2', 'com.ruoyi.project.system.post.controller.PostController.editSave()', 'POST', '1', 'admin', '办公室', '/system/post/edit', '127.0.0.1', '内网IP', '{\"postId\":[\"6\"],\"postName\":[\"药剂师\"],\"postCode\":[\"pharmacist\"],\"postSort\":[\"1\"],\"status\":[\"0\"],\"remark\":[\"\"]}', '{\"msg\":\"操作成功\",\"code\":0}', '0', null, '2024-05-17 17:43:28', '16');
INSERT INTO `sys_oper_log` VALUES ('500', '岗位管理', '1', 'com.ruoyi.project.system.post.controller.PostController.addSave()', 'POST', '1', 'admin', '办公室', '/system/post/add', '127.0.0.1', '内网IP', '{\"postName\":[\"收费员\"],\"postCode\":[\"tollman\"],\"postSort\":[\"1\"],\"status\":[\"0\"],\"remark\":[\"\"]}', '{\"msg\":\"操作成功\",\"code\":0}', '0', null, '2024-05-17 17:47:19', '13');
INSERT INTO `sys_oper_log` VALUES ('501', '角色管理', '1', 'com.ruoyi.project.system.role.controller.RoleController.addSave()', 'POST', '1', 'admin', '办公室', '/system/role/add', '127.0.0.1', '内网IP', '{\"roleName\":[\"门诊部\"],\"roleKey\":[\"doc\"],\"roleSort\":[\"1\"],\"status\":[\"0\"],\"remark\":[\"\"],\"menuIds\":[\"2061,2093,2081,2082,2083,2084,2085,2086,2087,2088,2089,2090,2091,2092\"]}', '{\"msg\":\"操作成功\",\"code\":0}', '0', null, '2024-05-17 17:50:02', '16');
INSERT INTO `sys_oper_log` VALUES ('502', '角色管理', '4', 'com.ruoyi.project.system.role.controller.RoleController.selectAuthUserAll()', 'POST', '1', 'admin', '办公室', '/system/role/authUser/selectAll', '127.0.0.1', '内网IP', '{\"roleId\":[\"100\"],\"userIds\":[\"2,101,103,102\"]}', '{\"msg\":\"操作成功\",\"code\":0}', '0', null, '2024-05-17 17:51:00', '13');
INSERT INTO `sys_oper_log` VALUES ('503', '角色管理', '2', 'com.ruoyi.project.system.role.controller.RoleController.authDataScopeSave()', 'POST', '1', 'admin', '办公室', '/system/role/authDataScope', '127.0.0.1', '内网IP', '{\"roleId\":[\"100\"],\"roleName\":[\"门诊部\"],\"roleKey\":[\"doc\"],\"dataScope\":[\"3\"],\"deptIds\":[\"\"]}', '{\"msg\":\"操作成功\",\"code\":0}', '0', null, '2024-05-17 17:51:40', '11');
INSERT INTO `sys_oper_log` VALUES ('504', '角色管理', '4', 'com.ruoyi.project.system.role.controller.RoleController.cancelAuthUserAll()', 'POST', '1', 'admin', '办公室', '/system/role/authUser/cancelAll', '127.0.0.1', '内网IP', '{\"roleId\":[\"2\"],\"userIds\":[\"103,102,101,100,2\"]}', '{\"msg\":\"操作成功\",\"code\":0}', '0', null, '2024-05-17 17:52:29', '11');
INSERT INTO `sys_oper_log` VALUES ('505', '角色管理', '2', 'com.ruoyi.project.system.role.controller.RoleController.changeStatus()', 'POST', '1', 'admin', '办公室', '/system/role/changeStatus', '127.0.0.1', '内网IP', '{\"roleId\":[\"2\"],\"status\":[\"1\"]}', '{\"msg\":\"操作成功\",\"code\":0}', '0', null, '2024-05-17 17:52:35', '10');
INSERT INTO `sys_oper_log` VALUES ('506', '菜单管理', '2', 'com.ruoyi.project.system.menu.controller.MenuController.editSave()', 'POST', '1', 'admin', '办公室', '/system/menu/edit', '127.0.0.1', '内网IP', '{\"menuId\":[\"2075\"],\"parentId\":[\"2003\"],\"menuType\":[\"C\"],\"menuName\":[\"挂号记录管理\"],\"url\":[\"/his/registers\"],\"target\":[\"menuItem\"],\"perms\":[\"\"],\"orderNum\":[\"1\"],\"icon\":[\"#\"],\"visible\":[\"0\"],\"isRefresh\":[\"1\"]}', '{\"msg\":\"操作成功\",\"code\":0}', '0', null, '2024-05-17 17:55:16', '12');
INSERT INTO `sys_oper_log` VALUES ('507', '角色管理', '2', 'com.ruoyi.project.system.role.controller.RoleController.editSave()', 'POST', '1', 'admin', '办公室', '/system/role/edit', '127.0.0.1', '内网IP', '{\"roleId\":[\"100\"],\"roleName\":[\"门诊部\"],\"roleKey\":[\"his\"],\"roleSort\":[\"1\"],\"status\":[\"0\"],\"remark\":[\"\"],\"menuIds\":[\"2061,2093,2081,2082,2083,2084,2085,2086,2087,2088,2089,2090,2091,2092\"]}', '{\"msg\":\"操作成功\",\"code\":0}', '0', null, '2024-05-17 17:56:56', '18');
INSERT INTO `sys_oper_log` VALUES ('508', '角色管理', '2', 'com.ruoyi.project.system.role.controller.RoleController.changeStatus()', 'POST', '1', 'admin', '办公室', '/system/role/changeStatus', '127.0.0.1', '内网IP', '{\"roleId\":[\"2\"],\"status\":[\"0\"]}', '{\"msg\":\"操作成功\",\"code\":0}', '0', null, '2024-05-17 18:00:25', '7');

-- ----------------------------
-- Table structure for `sys_post`
-- ----------------------------
DROP TABLE IF EXISTS `sys_post`;
CREATE TABLE `sys_post` (
  `post_id` bigint NOT NULL AUTO_INCREMENT COMMENT '岗位ID',
  `post_code` varchar(64) COLLATE utf8mb4_general_ci NOT NULL COMMENT '岗位编码',
  `post_name` varchar(50) COLLATE utf8mb4_general_ci NOT NULL COMMENT '岗位名称',
  `post_sort` int NOT NULL COMMENT '显示顺序',
  `status` char(1) COLLATE utf8mb4_general_ci NOT NULL COMMENT '状态（0正常 1停用）',
  `create_by` varchar(64) COLLATE utf8mb4_general_ci DEFAULT '' COMMENT '创建者',
  `create_time` datetime DEFAULT NULL COMMENT '创建时间',
  `update_by` varchar(64) COLLATE utf8mb4_general_ci DEFAULT '' COMMENT '更新者',
  `update_time` datetime DEFAULT NULL COMMENT '更新时间',
  `remark` varchar(500) COLLATE utf8mb4_general_ci DEFAULT NULL COMMENT '备注',
  PRIMARY KEY (`post_id`)
) ENGINE=InnoDB AUTO_INCREMENT=8 DEFAULT CHARSET=utf8mb4 COLLATE=utf8mb4_general_ci COMMENT='岗位信息表';

-- ----------------------------
-- Records of sys_post
-- ----------------------------
INSERT INTO `sys_post` VALUES ('1', 'director', '主任', '1', '0', 'admin', '2024-04-19 21:41:37', 'admin', '2024-04-20 21:28:39', '');
INSERT INTO `sys_post` VALUES ('5', 'doctor', '医生', '1', '0', 'admin', '2024-04-20 21:33:37', '', null, null);
INSERT INTO `sys_post` VALUES ('6', 'pharmacist', '药剂师', '1', '0', 'admin', '2024-05-17 17:43:21', 'admin', '2024-05-17 17:43:28', '');
INSERT INTO `sys_post` VALUES ('7', 'tollman', '收费员', '1', '0', 'admin', '2024-05-17 17:47:19', '', null, null);

-- ----------------------------
-- Table structure for `sys_role`
-- ----------------------------
DROP TABLE IF EXISTS `sys_role`;
CREATE TABLE `sys_role` (
  `role_id` bigint NOT NULL AUTO_INCREMENT COMMENT '角色ID',
  `role_name` varchar(30) COLLATE utf8mb4_general_ci NOT NULL COMMENT '角色名称',
  `role_key` varchar(100) COLLATE utf8mb4_general_ci NOT NULL COMMENT '角色权限字符串',
  `role_sort` int NOT NULL COMMENT '显示顺序',
  `data_scope` char(1) COLLATE utf8mb4_general_ci DEFAULT '1' COMMENT '数据范围（1：全部数据权限 2：自定数据权限 3：本部门数据权限 4：本部门及以下数据权限）',
  `status` char(1) COLLATE utf8mb4_general_ci NOT NULL COMMENT '角色状态（0正常 1停用）',
  `del_flag` char(1) COLLATE utf8mb4_general_ci DEFAULT '0' COMMENT '删除标志（0代表存在 2代表删除）',
  `create_by` varchar(64) COLLATE utf8mb4_general_ci DEFAULT '' COMMENT '创建者',
  `create_time` datetime DEFAULT NULL COMMENT '创建时间',
  `update_by` varchar(64) COLLATE utf8mb4_general_ci DEFAULT '' COMMENT '更新者',
  `update_time` datetime DEFAULT NULL COMMENT '更新时间',
  `remark` varchar(500) COLLATE utf8mb4_general_ci DEFAULT NULL COMMENT '备注',
  PRIMARY KEY (`role_id`)
) ENGINE=InnoDB AUTO_INCREMENT=101 DEFAULT CHARSET=utf8mb4 COLLATE=utf8mb4_general_ci COMMENT='角色信息表';

-- ----------------------------
-- Records of sys_role
-- ----------------------------
INSERT INTO `sys_role` VALUES ('1', '超级管理员', 'admin', '1', '1', '0', '0', 'admin', '2024-04-19 21:41:38', '', null, '超级管理员');
INSERT INTO `sys_role` VALUES ('2', '普通角色', 'common', '2', '3', '0', '0', 'admin', '2024-04-19 21:41:38', 'admin', '2024-05-17 18:00:25', '普通角色');
INSERT INTO `sys_role` VALUES ('100', '门诊部', 'his', '1', '3', '0', '0', 'admin', '2024-05-17 17:50:02', 'admin', '2024-05-17 17:56:56', '');

-- ----------------------------
-- Table structure for `sys_role_dept`
-- ----------------------------
DROP TABLE IF EXISTS `sys_role_dept`;
CREATE TABLE `sys_role_dept` (
  `role_id` bigint NOT NULL COMMENT '角色ID',
  `dept_id` bigint NOT NULL COMMENT '部门ID',
  PRIMARY KEY (`role_id`,`dept_id`)
) ENGINE=InnoDB DEFAULT CHARSET=utf8mb4 COLLATE=utf8mb4_general_ci COMMENT='角色和部门关联表';

-- ----------------------------
-- Records of sys_role_dept
-- ----------------------------

-- ----------------------------
-- Table structure for `sys_role_menu`
-- ----------------------------
DROP TABLE IF EXISTS `sys_role_menu`;
CREATE TABLE `sys_role_menu` (
  `role_id` bigint NOT NULL COMMENT '角色ID',
  `menu_id` bigint NOT NULL COMMENT '菜单ID',
  PRIMARY KEY (`role_id`,`menu_id`)
) ENGINE=InnoDB DEFAULT CHARSET=utf8mb4 COLLATE=utf8mb4_general_ci COMMENT='角色和菜单关联表';

-- ----------------------------
-- Records of sys_role_menu
-- ----------------------------
INSERT INTO `sys_role_menu` VALUES ('2', '4');
INSERT INTO `sys_role_menu` VALUES ('2', '2003');
INSERT INTO `sys_role_menu` VALUES ('2', '2004');
INSERT INTO `sys_role_menu` VALUES ('2', '2005');
INSERT INTO `sys_role_menu` VALUES ('2', '2006');
INSERT INTO `sys_role_menu` VALUES ('2', '2037');
INSERT INTO `sys_role_menu` VALUES ('2', '2038');
INSERT INTO `sys_role_menu` VALUES ('2', '2039');
INSERT INTO `sys_role_menu` VALUES ('2', '2040');
INSERT INTO `sys_role_menu` VALUES ('2', '2041');
INSERT INTO `sys_role_menu` VALUES ('2', '2042');
INSERT INTO `sys_role_menu` VALUES ('2', '2043');
INSERT INTO `sys_role_menu` VALUES ('2', '2044');
INSERT INTO `sys_role_menu` VALUES ('2', '2045');
INSERT INTO `sys_role_menu` VALUES ('2', '2046');
INSERT INTO `sys_role_menu` VALUES ('2', '2047');
INSERT INTO `sys_role_menu` VALUES ('2', '2048');
INSERT INTO `sys_role_menu` VALUES ('2', '2049');
INSERT INTO `sys_role_menu` VALUES ('2', '2050');
INSERT INTO `sys_role_menu` VALUES ('2', '2051');
INSERT INTO `sys_role_menu` VALUES ('2', '2052');
INSERT INTO `sys_role_menu` VALUES ('2', '2053');
INSERT INTO `sys_role_menu` VALUES ('2', '2054');
INSERT INTO `sys_role_menu` VALUES ('2', '2055');
INSERT INTO `sys_role_menu` VALUES ('2', '2056');
INSERT INTO `sys_role_menu` VALUES ('2', '2057');
INSERT INTO `sys_role_menu` VALUES ('2', '2058');
INSERT INTO `sys_role_menu` VALUES ('2', '2059');
INSERT INTO `sys_role_menu` VALUES ('2', '2060');
INSERT INTO `sys_role_menu` VALUES ('2', '2061');
INSERT INTO `sys_role_menu` VALUES ('2', '2063');
INSERT INTO `sys_role_menu` VALUES ('2', '2064');
INSERT INTO `sys_role_menu` VALUES ('2', '2065');
INSERT INTO `sys_role_menu` VALUES ('2', '2066');
INSERT INTO `sys_role_menu` VALUES ('2', '2067');
INSERT INTO `sys_role_menu` VALUES ('2', '2068');
INSERT INTO `sys_role_menu` VALUES ('2', '2069');
INSERT INTO `sys_role_menu` VALUES ('2', '2070');
INSERT INTO `sys_role_menu` VALUES ('2', '2071');
INSERT INTO `sys_role_menu` VALUES ('2', '2072');
INSERT INTO `sys_role_menu` VALUES ('2', '2073');
INSERT INTO `sys_role_menu` VALUES ('2', '2074');
INSERT INTO `sys_role_menu` VALUES ('2', '2075');
INSERT INTO `sys_role_menu` VALUES ('2', '2076');
INSERT INTO `sys_role_menu` VALUES ('2', '2077');
INSERT INTO `sys_role_menu` VALUES ('2', '2078');
INSERT INTO `sys_role_menu` VALUES ('2', '2079');
INSERT INTO `sys_role_menu` VALUES ('2', '2080');
INSERT INTO `sys_role_menu` VALUES ('2', '2081');
INSERT INTO `sys_role_menu` VALUES ('2', '2082');
INSERT INTO `sys_role_menu` VALUES ('2', '2083');
INSERT INTO `sys_role_menu` VALUES ('2', '2084');
INSERT INTO `sys_role_menu` VALUES ('2', '2085');
INSERT INTO `sys_role_menu` VALUES ('2', '2086');
INSERT INTO `sys_role_menu` VALUES ('2', '2087');
INSERT INTO `sys_role_menu` VALUES ('2', '2088');
INSERT INTO `sys_role_menu` VALUES ('2', '2089');
INSERT INTO `sys_role_menu` VALUES ('2', '2090');
INSERT INTO `sys_role_menu` VALUES ('2', '2091');
INSERT INTO `sys_role_menu` VALUES ('2', '2092');
INSERT INTO `sys_role_menu` VALUES ('2', '2093');
INSERT INTO `sys_role_menu` VALUES ('100', '2061');
INSERT INTO `sys_role_menu` VALUES ('100', '2081');
INSERT INTO `sys_role_menu` VALUES ('100', '2082');
INSERT INTO `sys_role_menu` VALUES ('100', '2083');
INSERT INTO `sys_role_menu` VALUES ('100', '2084');
INSERT INTO `sys_role_menu` VALUES ('100', '2085');
INSERT INTO `sys_role_menu` VALUES ('100', '2086');
INSERT INTO `sys_role_menu` VALUES ('100', '2087');
INSERT INTO `sys_role_menu` VALUES ('100', '2088');
INSERT INTO `sys_role_menu` VALUES ('100', '2089');
INSERT INTO `sys_role_menu` VALUES ('100', '2090');
INSERT INTO `sys_role_menu` VALUES ('100', '2091');
INSERT INTO `sys_role_menu` VALUES ('100', '2092');
INSERT INTO `sys_role_menu` VALUES ('100', '2093');

-- ----------------------------
-- Table structure for `sys_user`
-- ----------------------------
DROP TABLE IF EXISTS `sys_user`;
CREATE TABLE `sys_user` (
  `user_id` bigint NOT NULL AUTO_INCREMENT COMMENT '用户ID',
  `dept_id` bigint DEFAULT NULL COMMENT '部门ID',
  `login_name` varchar(30) COLLATE utf8mb4_general_ci NOT NULL COMMENT '登录账号',
  `user_name` varchar(30) COLLATE utf8mb4_general_ci DEFAULT '' COMMENT '用户昵称',
  `user_type` varchar(2) COLLATE utf8mb4_general_ci DEFAULT '00' COMMENT '用户类型（00系统用户 01注册用户）',
  `email` varchar(50) COLLATE utf8mb4_general_ci DEFAULT '' COMMENT '用户邮箱',
  `phonenumber` varchar(11) COLLATE utf8mb4_general_ci DEFAULT '' COMMENT '手机号码',
  `sex` char(1) COLLATE utf8mb4_general_ci DEFAULT '0' COMMENT '用户性别（0男 1女 2未知）',
  `avatar` varchar(100) COLLATE utf8mb4_general_ci DEFAULT '' COMMENT '头像路径',
  `password` varchar(50) COLLATE utf8mb4_general_ci DEFAULT '' COMMENT '密码',
  `salt` varchar(20) COLLATE utf8mb4_general_ci DEFAULT '' COMMENT '盐加密',
  `status` char(1) COLLATE utf8mb4_general_ci DEFAULT '0' COMMENT '帐号状态（0正常 1停用）',
  `del_flag` char(1) COLLATE utf8mb4_general_ci DEFAULT '0' COMMENT '删除标志（0代表存在 2代表删除）',
  `login_ip` varchar(128) COLLATE utf8mb4_general_ci DEFAULT '' COMMENT '最后登录IP',
  `login_date` datetime DEFAULT NULL COMMENT '最后登录时间',
  `pwd_update_date` datetime DEFAULT NULL COMMENT '密码最后更新时间',
  `create_by` varchar(64) COLLATE utf8mb4_general_ci DEFAULT '' COMMENT '创建者',
  `create_time` datetime DEFAULT NULL COMMENT '创建时间',
  `update_by` varchar(64) COLLATE utf8mb4_general_ci DEFAULT '' COMMENT '更新者',
  `update_time` datetime DEFAULT NULL COMMENT '更新时间',
  `remark` varchar(500) COLLATE utf8mb4_general_ci DEFAULT NULL COMMENT '备注',
  PRIMARY KEY (`user_id`)
) ENGINE=InnoDB AUTO_INCREMENT=104 DEFAULT CHARSET=utf8mb4 COLLATE=utf8mb4_general_ci COMMENT='用户信息表';

-- ----------------------------
-- Records of sys_user
-- ----------------------------
INSERT INTO `sys_user` VALUES ('1', '200', 'admin', '龙头', '00', '', '15888888888', '1', '/profile/avatar/2024/05/01/blob_20240501124344A002.png', '29c67a30398638269fe600f73a054934', '111111', '0', '0', '127.0.0.1', '2024-05-17 18:00:12', null, 'admin', '2024-04-19 21:41:37', '', '2024-05-17 18:00:12', '管理员');
INSERT INTO `sys_user` VALUES ('2', '202', 'ry', '张医生', '00', '', '15666666666', '1', '', '8e6d98b90472783cc73c17047ddccf36', '222222', '0', '0', '127.0.0.1', null, null, 'admin', '2024-04-19 21:41:37', 'admin', '2024-04-21 16:54:05', '测试员');
INSERT INTO `sys_user` VALUES ('100', null, 'test_patient', '测试患者', '00', '', '', '0', '', '82f926de1ce5b958517f676123f0a1b4', '34c468', '0', '0', '', null, '2024-04-19 22:36:33', 'admin', '2024-04-19 22:36:33', '', null, null);
INSERT INTO `sys_user` VALUES ('101', '204', 'docli', '李医生', '00', '', '', '0', '', '6b2d618774e8ae00d2f5cfe92d78caf8', 'c9c46f', '0', '0', '', null, '2024-04-21 16:52:22', 'admin', '2024-04-21 16:52:22', '', null, null);
INSERT INTO `sys_user` VALUES ('102', '203', 'docwang', '王医生', '00', '', '', '1', '', '06126aab76914da0a0982bd32b32b0fe', 'f6d589', '0', '0', '', null, '2024-04-21 16:52:54', 'admin', '2024-04-21 16:52:54', '', null, null);
INSERT INTO `sys_user` VALUES ('103', '202', 'doczou', '邹医生', '00', '', '', '0', '', 'a54cec81288b248a3bba141a21565d45', '6ec2cc', '0', '0', '127.0.0.1', '2024-05-17 17:57:15', '2024-04-22 16:52:48', 'admin', '2024-04-22 16:52:47', '', '2024-05-17 17:57:14', null);

-- ----------------------------
-- Table structure for `sys_user_online`
-- ----------------------------
DROP TABLE IF EXISTS `sys_user_online`;
CREATE TABLE `sys_user_online` (
  `sessionId` varchar(50) COLLATE utf8mb4_general_ci NOT NULL DEFAULT '' COMMENT '用户会话id',
  `login_name` varchar(50) COLLATE utf8mb4_general_ci DEFAULT '' COMMENT '登录账号',
  `dept_name` varchar(50) COLLATE utf8mb4_general_ci DEFAULT '' COMMENT '部门名称',
  `ipaddr` varchar(128) COLLATE utf8mb4_general_ci DEFAULT '' COMMENT '登录IP地址',
  `login_location` varchar(255) COLLATE utf8mb4_general_ci DEFAULT '' COMMENT '登录地点',
  `browser` varchar(50) COLLATE utf8mb4_general_ci DEFAULT '' COMMENT '浏览器类型',
  `os` varchar(50) COLLATE utf8mb4_general_ci DEFAULT '' COMMENT '操作系统',
  `status` varchar(10) COLLATE utf8mb4_general_ci DEFAULT '' COMMENT '在线状态on_line在线off_line离线',
  `start_timestamp` datetime DEFAULT NULL COMMENT 'session创建时间',
  `last_access_time` datetime DEFAULT NULL COMMENT 'session最后访问时间',
  `expire_time` int DEFAULT '0' COMMENT '超时时间，单位为分钟',
  PRIMARY KEY (`sessionId`)
) ENGINE=InnoDB DEFAULT CHARSET=utf8mb4 COLLATE=utf8mb4_general_ci COMMENT='在线用户记录';

-- ----------------------------
-- Records of sys_user_online
-- ----------------------------
INSERT INTO `sys_user_online` VALUES ('649e66c9-cffb-4f2c-ba2b-dfe9708d4fb2', 'admin', '办公室', '127.0.0.1', '内网IP', 'Chrome 12', 'Windows 10', 'on_line', '2024-05-17 18:00:10', '2024-05-17 19:09:19', '1800000');

-- ----------------------------
-- Table structure for `sys_user_post`
-- ----------------------------
DROP TABLE IF EXISTS `sys_user_post`;
CREATE TABLE `sys_user_post` (
  `user_id` bigint NOT NULL COMMENT '用户ID',
  `post_id` bigint NOT NULL COMMENT '岗位ID',
  PRIMARY KEY (`user_id`,`post_id`)
) ENGINE=InnoDB DEFAULT CHARSET=utf8mb4 COLLATE=utf8mb4_general_ci COMMENT='用户与岗位关联表';

-- ----------------------------
-- Records of sys_user_post
-- ----------------------------
INSERT INTO `sys_user_post` VALUES ('1', '1');
INSERT INTO `sys_user_post` VALUES ('2', '5');
INSERT INTO `sys_user_post` VALUES ('101', '5');
INSERT INTO `sys_user_post` VALUES ('102', '5');
INSERT INTO `sys_user_post` VALUES ('103', '5');

-- ----------------------------
-- Table structure for `sys_user_role`
-- ----------------------------
DROP TABLE IF EXISTS `sys_user_role`;
CREATE TABLE `sys_user_role` (
  `user_id` bigint NOT NULL COMMENT '用户ID',
  `role_id` bigint NOT NULL COMMENT '角色ID',
  PRIMARY KEY (`user_id`,`role_id`)
) ENGINE=InnoDB DEFAULT CHARSET=utf8mb4 COLLATE=utf8mb4_general_ci COMMENT='用户和角色关联表';

-- ----------------------------
-- Records of sys_user_role
-- ----------------------------
INSERT INTO `sys_user_role` VALUES ('1', '1');
INSERT INTO `sys_user_role` VALUES ('2', '100');
INSERT INTO `sys_user_role` VALUES ('101', '100');
INSERT INTO `sys_user_role` VALUES ('102', '100');
INSERT INTO `sys_user_role` VALUES ('103', '100');
